date,actual_energy,predicted_energy,residual,absolute_error,is_anomaly,severity,T1,T_out,RH_1,RH_out,Windspeed,Visibility,Tdewpoint,lights,hour,day_of_week
2016-04-30 08:20:00,370,76.31,293.69,293.69,True,Moderate,21.39,5.66666666666667,38.26,92.6666666666667,1.0,40.0,4.53333333333333,0,8,5
2016-04-30 08:30:00,590,78.04,511.96,511.96,True,High,21.39,5.8,38.1266666666667,91.5,1.0,40.0,4.5,0,8,5
2016-04-30 08:40:00,320,80.31,239.69,239.69,True,Moderate,21.39,5.93333333333333,38.09,90.3333333333333,1.0,40.0,4.46666666666667,0,8,5
2016-04-30 08:50:00,310,102.16,207.84,207.84,False,Normal,21.39,6.06666666666667,38.03,89.1666666666667,1.0,40.0,4.43333333333333,10,8,5
2016-04-30 09:00:00,260,89.04,170.96,170.96,False,Normal,21.323333333333295,6.2,37.9,88.0,1.0,40.0,4.4,0,9,5
2016-04-30 09:10:00,190,91.85,98.15,98.15,False,Normal,21.323333333333295,6.35,37.9,87.1666666666667,1.0,40.0,4.383333333333329,0,9,5
2016-04-30 09:20:00,150,88.1,61.9,61.9,False,Normal,21.323333333333295,6.5,37.79,86.3333333333333,1.0,40.0,4.36666666666667,0,9,5
2016-04-30 09:30:00,130,88.55,41.45,41.45,False,Normal,21.323333333333295,6.65,37.73,85.5,1.0,40.0,4.35,0,9,5
2016-04-30 09:40:00,290,89.28,200.72,200.72,False,Normal,21.29,6.8,37.59,84.6666666666667,1.0,40.0,4.3333333333333295,0,9,5
2016-04-30 09:50:00,490,90.91,399.09,399.09,True,High,21.3566666666667,6.95,37.59,83.8333333333333,1.0,40.0,4.31666666666667,0,9,5
2016-04-30 10:00:00,840,94.6,745.4,745.4,True,High,21.39,7.1,37.7,83.0,1.0,40.0,4.3,0,10,5
2016-04-30 10:10:00,700,98.3,601.7,601.7,True,High,21.39,7.25,37.83333333333329,82.1666666666667,1.0,40.0,4.31666666666667,0,10,5
2016-04-30 10:20:00,430,136.45,293.55,293.55,True,Moderate,21.39,7.4,37.9,81.3333333333333,1.0,40.0,4.3333333333333295,10,10,5
2016-04-30 10:30:00,300,132.12,167.88,167.88,False,Normal,21.39,7.55,37.9,80.5,1.0,40.0,4.35,0,10,5
2016-04-30 10:40:00,310,152.38,157.62,157.62,False,Normal,21.39,7.7,37.9,79.6666666666667,1.0,40.0,4.36666666666667,0,10,5
2016-04-30 10:50:00,290,167.99,122.01,122.01,False,Normal,21.39,7.849999999999999,37.8266666666667,78.8333333333333,1.0,40.0,4.383333333333329,0,10,5
2016-04-30 11:00:00,300,186.58,113.42,113.42,False,Normal,21.39,8.0,37.76,78.0,1.0,40.0,4.4,0,11,5
2016-04-30 11:10:00,240,197.89,42.11,42.11,False,Normal,21.39,8.11666666666667,37.8,77.3333333333333,1.0,37.83333333333329,4.383333333333329,0,11,5
2016-04-30 11:20:00,160,202.31,-42.31,42.31,False,Normal,21.39,8.233333333333329,37.6266666666667,76.6666666666667,1.0,35.66666666666669,4.36666666666667,0,11,5
2016-04-30 11:30:00,90,203.61,-113.61,113.61,False,Normal,21.5,8.349999999999998,37.56,76.0,1.0,33.5,4.35,0,11,5
2016-04-30 11:40:00,70,221.81,-151.81,151.81,False,Normal,21.5,8.46666666666667,37.5,75.3333333333333,1.0,31.3333333333333,4.3333333333333295,10,11,5
2016-04-30 11:50:00,80,194.59,-114.59,114.59,False,Normal,21.5,8.58333333333333,37.363333333333294,74.6666666666667,1.0,29.166666666666696,4.31666666666667,0,11,5
2016-04-30 12:00:00,80,188.39,-108.39,108.39,False,Normal,21.5,8.699999999999998,37.23,74.0,1.0,27.0,4.3,0,12,5
2016-04-30 12:10:00,80,180.87,-100.87,100.87,False,Normal,21.5,8.83333333333333,37.06,73.0,1.0,29.166666666666696,4.21666666666667,0,12,5
2016-04-30 12:20:00,570,177.17,392.83,392.83,True,High,21.5,8.96666666666667,36.933333333333294,72.0,1.0,31.3333333333333,4.133333333333329,0,12,5
2016-04-30 12:30:00,610,188.78,421.22,421.22,True,High,21.5,9.1,38.2666666666667,71.0,1.0,33.5,4.05,0,12,5
2016-04-30 12:40:00,330,190.62,139.38,139.38,False,Normal,21.5,9.233333333333329,37.86,70.0,1.0,35.66666666666669,3.9666666666666694,0,12,5
2016-04-30 12:50:00,350,206.45,143.55,143.55,False,Normal,21.533333333333296,9.36666666666667,37.9233333333333,69.0,1.0,37.83333333333329,3.8833333333333298,0,12,5
2016-04-30 13:00:00,260,218.98,41.02,41.02,False,Normal,21.6,9.5,38.05666666666671,68.0,1.0,40.0,3.8,0,13,5
2016-04-30 13:10:00,270,236.26,33.74,33.74,False,Normal,21.6333333333333,9.66666666666667,37.363333333333294,67.1666666666667,1.33333333333333,37.0,3.7833333333333297,10,13,5
2016-04-30 13:20:00,210,216.05,-6.05,6.05,False,Normal,21.7,9.83333333333333,37.1566666666667,66.3333333333333,1.66666666666667,34.0,3.7666666666666706,0,13,5
2016-04-30 13:30:00,100,214.56,-114.56,114.56,False,Normal,21.7,10.0,36.83333333333329,65.5,2.0,31.0,3.75,0,13,5
2016-04-30 13:40:00,100,212.82,-112.82,112.82,False,Normal,21.7,10.1666666666667,36.5666666666667,64.6666666666667,2.3333333333333295,28.0,3.7333333333333294,0,13,5
2016-04-30 13:50:00,90,206.35,-116.35,116.35,False,Normal,21.73,10.3333333333333,36.33333333333329,63.83333333333329,2.66666666666667,25.0,3.7166666666666694,0,13,5
2016-04-30 14:00:00,100,196.17,-96.17,96.17,False,Normal,21.79,10.5,36.1266666666667,63.0,3.0,22.0,3.7,0,14,5
2016-04-30 14:10:00,110,187.15,-77.15,77.15,False,Normal,21.79,10.5,35.9,62.33333333333329,3.3333333333333295,25.0,3.55,0,14,5
2016-04-30 14:20:00,100,185.48,-85.48,85.48,False,Normal,21.79,10.5,35.7225,61.66666666666671,3.6666666666666705,28.0,3.4,0,14,5
2016-04-30 14:30:00,80,182.09,-102.09,102.09,False,Normal,21.8566666666667,10.5,35.59,61.0,4.0,31.0,3.25,0,14,5
2016-04-30 14:40:00,90,202.6,-112.6,112.6,False,Normal,21.89,10.5,35.56,60.33333333333329,4.3333333333333295,34.0,3.1,10,14,5
2016-04-30 14:50:00,90,178.67,-88.67,88.67,False,Normal,21.89,10.5,35.4333333333333,59.66666666666671,4.66666666666667,37.0,2.95,0,14,5
2016-04-30 15:00:00,80,176.87,-96.87,96.87,False,Normal,21.89,10.5,35.36,59.0,5.0,40.0,2.8,0,15,5
2016-04-30 15:10:00,90,175.06,-85.06,85.06,False,Normal,21.89,10.5333333333333,35.6333333333333,59.5,5.16666666666667,40.0,2.93333333333333,0,15,5
2016-04-30 15:20:00,90,165.2,-75.2,75.2,False,Normal,21.89,10.5666666666667,35.09,60.0,5.3333333333333295,40.0,3.06666666666667,0,15,5
2016-04-30 15:30:00,250,160.56,89.44,89.44,False,Normal,21.89,10.6,35.09,60.5,5.5,40.0,3.2,0,15,5
2016-04-30 15:40:00,390,153.36,236.64,236.64,True,Moderate,21.89,10.6333333333333,35.23,61.0,5.66666666666667,40.0,3.3333333333333295,0,15,5
2016-04-30 15:50:00,190,171.38,18.62,18.62,False,Normal,21.89,10.6666666666667,35.43,61.5,5.8333333333333295,40.0,3.4666666666666694,10,15,5
2016-04-30 16:00:00,100,144.26,-44.26,44.26,False,Normal,21.89,10.7,35.7666666666667,62.0,6.0,40.0,3.6,0,16,5
2016-04-30 16:10:00,280,142.2,137.8,137.8,False,Normal,21.89,10.6666666666667,36.0266666666667,62.33333333333329,6.0,40.0,3.6666666666666705,0,16,5
2016-04-30 16:20:00,560,141.88,418.12,418.12,True,High,21.89,10.6333333333333,37.05666666666671,62.66666666666671,6.0,40.0,3.7333333333333294,0,16,5
2016-04-30 16:30:00,600,153.47,446.53,446.53,True,High,21.89,10.6,38.9966666666667,63.0,6.0,40.0,3.8,0,16,5
2016-04-30 16:40:00,290,190.77,99.23,99.23,False,Normal,21.9266666666667,10.5666666666667,42.7666666666667,63.33333333333329,6.0,40.0,3.86666666666667,10,16,5
2016-04-30 16:50:00,90,167.64,-77.64,77.64,False,Normal,22.0,10.5333333333333,44.69333333333329,63.66666666666671,6.0,40.0,3.9333333333333296,0,16,5
2016-04-30 17:00:00,370,147.29,222.71,222.71,True,Moderate,22.033333333333296,10.5,43.36,64.0,6.0,40.0,4.0,0,17,5
2016-04-30 17:10:00,670,137.43,532.57,532.57,True,High,22.1,10.3666666666667,42.7666666666667,64.5,6.0,40.0,3.95,0,17,5
2016-04-30 17:20:00,230,144.7,85.3,85.3,False,Normal,22.033333333333296,10.2333333333333,41.93,65.0,6.0,40.0,3.9,0,17,5
2016-04-30 17:30:00,160,163.35,-3.35,3.35,False,Normal,22.033333333333296,10.1,41.4566666666667,65.5,6.0,40.0,3.85,0,17,5
2016-04-30 17:40:00,90,175.82,-85.82,85.82,False,Normal,22.0,9.96666666666667,41.145,66.0,6.0,40.0,3.8,0,17,5
2016-04-30 17:50:00,70,176.06,-106.06,106.06,False,Normal,22.0,9.83333333333333,40.863333333333294,66.5,6.0,40.0,3.75,0,17,5
2016-04-30 18:00:00,70,192.99,-122.99,122.99,False,Normal,22.0,9.7,40.6566666666667,67.0,6.0,40.0,3.7,10,18,5
2016-04-30 18:10:00,70,170.96,-100.96,100.96,False,Normal,22.0,9.68333333333333,40.4666666666667,67.0,6.0,40.0,3.7,0,18,5
2016-04-30 18:20:00,70,171.5,-101.5,101.5,False,Normal,21.9266666666667,9.66666666666667,40.4,67.0,6.0,40.0,3.7,0,18,5
2016-04-30 18:30:00,70,172.22,-102.22,102.22,False,Normal,21.89,9.65,40.26,67.0,6.0,40.0,3.7,0,18,5
2016-04-30 18:40:00,70,169.4,-99.4,99.4,False,Normal,21.89,9.633333333333328,40.1266666666667,67.0,6.0,40.0,3.7,0,18,5
2016-04-30 18:50:00,70,165.11,-95.11,95.11,False,Normal,21.89,9.61666666666667,39.9666666666667,67.0,6.0,40.0,3.7,0,18,5
2016-04-30 19:00:00,70,160.32,-90.32,90.32,False,Normal,21.89,9.6,39.8266666666667,67.0,6.0,40.0,3.7,0,19,5
2016-04-30 19:10:00,80,154.02,-74.02,74.02,False,Normal,21.89,9.55,39.7,67.0,6.0,40.0,3.6666666666666705,0,19,5
2016-04-30 19:20:00,60,155.63,-95.63,95.63,False,Normal,21.89,9.5,39.6266666666667,67.0,6.0,40.0,3.6333333333333298,0,19,5
2016-04-30 19:30:00,50,174.85,-124.85,124.85,False,Normal,21.79,9.45,39.4,67.0,6.0,40.0,3.6,10,19,5
2016-04-30 19:40:00,60,156.55,-96.55,96.55,False,Normal,21.79,9.4,39.3266666666667,67.0,6.0,40.0,3.56666666666667,0,19,5
2016-04-30 19:50:00,40,145.37,-105.37,105.37,False,Normal,21.79,9.35,39.2,67.0,6.0,40.0,3.53333333333333,0,19,5
2016-04-30 20:00:00,70,138.26,-68.26,68.26,False,Normal,21.73,9.3,39.2,67.0,6.0,40.0,3.5,0,20,5
2016-04-30 20:10:00,70,132.41,-62.41,62.41,False,Normal,21.7,9.05,39.09,67.3333333333333,5.8333333333333295,40.0,3.31666666666667,0,20,5
2016-04-30 20:20:00,60,129.61,-69.61,69.61,False,Normal,21.7,8.8,39.03,67.6666666666667,5.66666666666667,40.0,3.13333333333333,0,20,5
2016-04-30 20:30:00,80,123.21,-43.21,43.21,False,Normal,21.7,8.55,38.863333333333294,68.0,5.5,40.0,2.95,0,20,5
2016-04-30 20:40:00,70,120.94,-50.94,50.94,False,Normal,21.6333333333333,8.3,38.73,68.3333333333333,5.3333333333333295,40.0,2.7666666666666706,0,20,5
2016-04-30 20:50:00,80,119.04,-39.04,39.04,False,Normal,21.6,8.05,38.645,68.6666666666667,5.16666666666667,40.0,2.5833333333333295,0,20,5
2016-04-30 21:00:00,70,119.78,-49.78,49.78,False,Normal,21.6,7.8,38.59,69.0,5.0,40.0,2.4,0,21,5
2016-04-30 21:10:00,70,117.77,-47.77,47.77,False,Normal,21.533333333333296,7.599999999999999,38.59,70.0,4.8333333333333295,40.0,2.41666666666667,0,21,5
2016-04-30 21:20:00,70,116.73,-46.73,46.73,False,Normal,21.5,7.4,38.5,71.0,4.66666666666667,40.0,2.43333333333333,0,21,5
2016-04-30 21:30:00,70,116.02,-46.02,46.02,False,Normal,21.5,7.2,38.433333333333294,72.0,4.5,40.0,2.45,0,21,5
2016-04-30 21:40:00,70,114.86,-44.86,44.86,False,Normal,21.5,7.0,38.4,73.0,4.3333333333333295,40.0,2.4666666666666694,0,21,5
2016-04-30 21:50:00,70,116.07,-46.07,46.07,False,Normal,21.4266666666667,6.8,38.3266666666667,74.0,4.16666666666667,40.0,2.4833333333333294,0,21,5
2016-04-30 22:00:00,60,116.03,-56.03,56.03,False,Normal,21.39,6.6,38.2,75.0,4.0,40.0,2.5,0,22,5
2016-04-30 22:10:00,70,115.96,-45.96,45.96,False,Normal,21.39,6.4,38.1266666666667,76.1666666666667,3.8333333333333295,40.0,2.5,0,22,5
2016-04-30 22:20:00,80,115.32,-35.32,35.32,False,Normal,21.39,6.2,38.09,77.3333333333333,3.6666666666666705,40.0,2.5,0,22,5
2016-04-30 22:30:00,110,138.19,-28.19,28.19,False,Normal,21.323333333333295,6.0,38.09,78.5,3.5,40.0,2.5,10,22,5
2016-04-30 22:40:00,70,123.33,-53.33,53.33,False,Normal,21.29,5.8,38.23,79.6666666666667,3.3333333333333295,40.0,2.5,0,22,5
2016-04-30 22:50:00,50,122.05,-72.05,72.05,False,Normal,21.29,5.6,38.363333333333294,80.8333333333333,3.16666666666667,40.0,2.5,0,22,5
2016-04-30 23:00:00,50,120.85,-70.85,70.85,False,Normal,21.29,5.4,38.5,82.0,3.0,40.0,2.5,0,23,5
2016-04-30 23:10:00,40,120.09,-80.09,80.09,False,Normal,21.29,5.21666666666667,38.5,82.6666666666667,2.8333333333333295,40.0,2.45,0,23,5
2016-04-30 23:20:00,20,113.89,-93.89,93.89,False,Normal,21.26,5.03333333333333,38.43,83.3333333333333,2.66666666666667,40.0,2.4,0,23,5
2016-04-30 23:30:00,40,110.86,-70.86,70.86,False,Normal,21.2,4.85,38.29,84.0,2.5,40.0,2.35,0,23,5
2016-04-30 23:40:00,30,110.0,-80.0,80.0,False,Normal,21.2,4.66666666666667,38.26,84.6666666666667,2.3333333333333295,40.0,2.3,0,23,5
2016-04-30 23:50:00,70,111.24,-41.24,41.24,False,Normal,21.2,4.48333333333333,38.2,85.3333333333333,2.16666666666667,40.0,2.25,0,23,5
2016-05-01 00:00:00,50,83.47,-33.47,33.47,False,Normal,21.2,4.3,38.2,86.0,2.0,40.0,2.2,0,0,6
2016-05-01 00:10:00,60,79.36,-19.36,19.36,False,Normal,21.15,4.28333333333333,38.1725,86.3333333333333,2.16666666666667,38.16666666666669,2.2166666666666694,0,0,6
2016-05-01 00:20:00,50,77.76,-27.76,27.76,False,Normal,21.1333333333333,4.26666666666667,38.09,86.6666666666667,2.3333333333333295,36.33333333333329,2.2333333333333294,0,0,6
2016-05-01 00:30:00,50,75.98,-25.98,25.98,False,Normal,21.1,4.25,38.09,87.0,2.5,34.5,2.25,0,0,6
2016-05-01 00:40:00,60,73.42,-13.42,13.42,False,Normal,21.1,4.23333333333333,38.03,87.3333333333333,2.66666666666667,32.66666666666669,2.2666666666666706,0,0,6
2016-05-01 00:50:00,40,75.12,-35.12,35.12,False,Normal,21.066666666666695,4.21666666666667,38.0,87.6666666666667,2.8333333333333295,30.8333333333333,2.28333333333333,0,0,6
2016-05-01 01:00:00,60,74.59,-14.59,14.59,False,Normal,21.0,4.2,38.0,88.0,3.0,29.0,2.3,0,1,6
2016-05-01 01:10:00,50,72.15,-22.15,22.15,False,Normal,21.0,4.11666666666667,37.9,88.3333333333333,3.0,28.5,2.28333333333333,0,1,6
2016-05-01 01:20:00,60,71.13,-11.13,11.13,False,Normal,21.0,4.03333333333333,37.9,88.6666666666667,3.0,28.0,2.2666666666666706,0,1,6
2016-05-01 01:30:00,50,69.25,-19.25,19.25,False,Normal,20.963333333333296,3.95,37.9,89.0,3.0,27.5,2.25,0,1,6
2016-05-01 01:40:00,60,67.71,-7.71,7.71,False,Normal,20.89,3.86666666666667,37.9,89.3333333333333,3.0,27.0,2.2333333333333294,0,1,6
2016-05-01 01:50:00,50,66.75,-16.75,16.75,False,Normal,20.89,3.7833333333333297,37.9,89.6666666666667,3.0,26.5,2.2166666666666694,0,1,6
2016-05-01 02:00:00,40,68.66,-28.66,28.66,False,Normal,20.89,3.7,37.9,90.0,3.0,26.0,2.2,0,2,6
2016-05-01 02:10:00,50,67.94,-17.94,17.94,False,Normal,20.8566666666667,3.6666666666666705,37.83333333333329,90.3333333333333,3.0,25.666666666666696,2.2166666666666694,0,2,6
2016-05-01 02:20:00,40,67.97,-27.97,27.97,False,Normal,20.79,3.6333333333333298,37.76,90.6666666666667,3.0,25.3333333333333,2.2333333333333294,0,2,6
2016-05-01 02:30:00,50,70.11,-20.11,20.11,False,Normal,20.79,3.6,37.76,91.0,3.0,25.0,2.25,0,2,6
2016-05-01 02:40:00,50,69.54,-19.54,19.54,False,Normal,20.79,3.56666666666667,37.76,91.3333333333333,3.0,24.666666666666696,2.2666666666666706,0,2,6
2016-05-01 02:50:00,60,70.22,-10.22,10.22,False,Normal,20.79,3.53333333333333,37.7,91.6666666666667,3.0,24.3333333333333,2.28333333333333,0,2,6
2016-05-01 03:00:00,50,73.13,-23.13,23.13,False,Normal,20.73,3.5,37.7,92.0,3.0,24.0,2.3,0,3,6
2016-05-01 03:10:00,60,71.81,-11.81,11.81,False,Normal,20.7,3.41666666666667,37.7,92.1666666666667,2.8333333333333295,23.5,2.25,0,3,6
2016-05-01 03:20:00,40,71.13,-31.13,31.13,False,Normal,20.7,3.3333333333333295,37.7225,92.3333333333333,2.66666666666667,23.0,2.2,0,3,6
2016-05-01 03:30:00,20,72.46,-52.46,52.46,False,Normal,20.7,3.25,37.73,92.5,2.5,22.5,2.15,0,3,6
2016-05-01 03:40:00,40,68.52,-28.52,28.52,False,Normal,20.7,3.16666666666667,37.7,92.6666666666667,2.3333333333333295,22.0,2.1,0,3,6
2016-05-01 03:50:00,40,67.41,-27.41,27.41,False,Normal,20.7,3.0833333333333295,37.7,92.8333333333333,2.16666666666667,21.5,2.05,0,3,6
2016-05-01 04:00:00,50,69.71,-19.71,19.71,False,Normal,20.7,3.0,37.7,93.0,2.0,21.0,2.0,0,4,6
2016-05-01 04:10:00,50,70.95,-20.95,20.95,False,Normal,20.6333333333333,2.86666666666667,37.6266666666667,93.5,2.0,28.0,1.93333333333333,0,4,6
2016-05-01 04:20:00,60,72.61,-12.61,12.61,False,Normal,20.6,2.7333333333333294,37.59,94.0,2.0,35.0,1.86666666666667,0,4,6
2016-05-01 04:30:00,50,73.99,-23.99,23.99,False,Normal,20.6,2.6,37.59,94.5,2.0,42.0,1.8,0,4,6
2016-05-01 04:40:00,60,76.65,-16.65,16.65,False,Normal,20.6,2.4666666666666694,37.59,95.0,2.0,49.0,1.73333333333333,0,4,6
2016-05-01 04:50:00,50,81.05,-31.05,31.05,False,Normal,20.6,2.3333333333333295,37.59,95.5,2.0,56.0,1.66666666666667,0,4,6
2016-05-01 05:00:00,50,83.88,-33.88,33.88,False,Normal,20.6,2.2,37.59,96.0,2.0,63.0,1.6,0,5,6
2016-05-01 05:10:00,50,85.36,-35.36,35.36,False,Normal,20.533333333333296,2.16666666666667,37.59,95.8333333333333,2.0,63.0,1.53333333333333,0,5,6
2016-05-01 05:20:00,50,80.93,-30.93,30.93,False,Normal,20.5,2.13333333333333,37.59,95.6666666666667,2.0,63.0,1.46666666666667,0,5,6
2016-05-01 05:30:00,50,81.33,-31.33,31.33,False,Normal,20.5,2.1,37.59,95.5,2.0,63.0,1.4,0,5,6
2016-05-01 05:40:00,60,82.83,-22.83,22.83,False,Normal,20.5,2.06666666666667,37.59,95.3333333333333,2.0,63.0,1.33333333333333,0,5,6
2016-05-01 05:50:00,50,84.83,-34.83,34.83,False,Normal,20.5,2.03333333333333,37.59,95.1666666666667,2.0,63.0,1.26666666666667,0,5,6
2016-05-01 06:00:00,60,86.5,-26.5,26.5,False,Normal,20.5,2.0,37.59,95.0,2.0,63.0,1.2,0,6,6
2016-05-01 06:10:00,60,86.92,-26.92,26.92,False,Normal,20.5,2.03333333333333,37.59,95.3333333333333,2.0,62.66666666666669,1.28333333333333,0,6,6
2016-05-01 06:20:00,50,87.35,-37.35,37.35,False,Normal,20.463333333333296,2.06666666666667,37.56,95.6666666666667,2.0,62.33333333333329,1.36666666666667,0,6,6
2016-05-01 06:30:00,50,89.44,-39.44,39.44,False,Normal,20.463333333333296,2.1,37.56,96.0,2.0,62.0,1.45,0,6,6
2016-05-01 06:40:00,50,89.27,-39.27,39.27,False,Normal,20.39,2.13333333333333,37.5,96.3333333333333,2.0,61.66666666666669,1.53333333333333,0,6,6
2016-05-01 06:50:00,50,92.88,-42.88,42.88,False,Normal,20.39,2.16666666666667,37.5,96.6666666666667,2.0,61.33333333333329,1.61666666666667,0,6,6
2016-05-01 07:00:00,50,91.31,-41.31,41.31,False,Normal,20.39,2.2,37.5,97.0,2.0,61.0,1.7,0,7,6
2016-05-01 07:10:00,60,88.9,-28.9,28.9,False,Normal,20.39,2.55,37.5,96.5,2.0,61.33333333333329,1.98333333333333,0,7,6
2016-05-01 07:20:00,60,83.25,-23.25,23.25,False,Normal,20.39,2.9,37.5,96.0,2.0,61.66666666666669,2.2666666666666706,0,7,6
2016-05-01 07:30:00,80,76.67,3.33,3.33,False,Normal,20.39,3.25,37.66666666666671,95.5,2.0,62.0,2.55,0,7,6
2016-05-01 07:40:00,50,78.8,-28.8,28.8,False,Normal,20.39,3.6,38.19333333333329,95.0,2.0,62.33333333333329,2.8333333333333295,0,7,6
2016-05-01 07:50:00,50,83.26,-33.26,33.26,False,Normal,20.463333333333296,3.95,38.53,94.5,2.0,62.66666666666669,3.11666666666667,0,7,6
2016-05-01 08:00:00,60,86.81,-26.81,26.81,False,Normal,20.463333333333296,4.3,38.59,94.0,2.0,63.0,3.4,0,8,6
2016-05-01 08:10:00,60,118.11,-58.11,58.11,False,Normal,20.5,4.7,38.723333333333294,92.5,2.3333333333333295,57.33333333333329,3.56666666666667,10,8,6
2016-05-01 08:20:00,60,97.39,-37.39,37.39,False,Normal,20.5,5.1,38.53,91.0,2.66666666666667,51.66666666666669,3.7333333333333294,0,8,6
2016-05-01 08:30:00,60,99.61,-39.61,39.61,False,Normal,20.533333333333296,5.5,38.76,89.5,3.0,46.0,3.9,0,8,6
2016-05-01 08:40:00,70,97.9,-27.9,27.9,False,Normal,20.6,5.9,38.6266666666667,88.0,3.3333333333333295,40.33333333333329,4.06666666666667,0,8,6
2016-05-01 08:50:00,200,101.85,98.15,98.15,False,Normal,20.6,6.3,38.6633333333333,86.5,3.6666666666666705,34.66666666666669,4.23333333333333,0,8,6
2016-05-01 09:00:00,160,102.08,57.92,57.92,False,Normal,20.6,6.7,38.59,85.0,4.0,29.0,4.4,0,9,6
2016-05-01 09:10:00,50,98.14,-48.14,48.14,False,Normal,20.6,6.883333333333329,38.4666666666667,82.8333333333333,4.3333333333333295,29.0,4.18333333333333,0,9,6
2016-05-01 09:20:00,160,88.19,71.81,71.81,False,Normal,20.6666666666667,7.06666666666667,38.5266666666667,80.6666666666667,4.66666666666667,29.0,3.9666666666666694,0,9,6
2016-05-01 09:30:00,60,67.62,-7.62,7.62,False,Normal,20.7,7.25,38.7,78.5,5.0,29.0,3.75,0,9,6
2016-05-01 09:40:00,60,61.51,-1.51,1.51,False,Normal,20.7,7.43333333333333,38.7,76.3333333333333,5.3333333333333295,29.0,3.53333333333333,0,9,6
2016-05-01 09:50:00,50,58.94,-8.94,8.94,False,Normal,20.79,7.616666666666669,38.545,74.1666666666667,5.66666666666667,29.0,3.31666666666667,0,9,6
2016-05-01 10:00:00,40,56.36,-16.36,16.36,False,Normal,20.823333333333295,7.8,38.363333333333294,72.0,6.0,29.0,3.1,0,10,6
2016-05-01 10:10:00,60,58.42,1.58,1.58,False,Normal,20.89,8.01666666666667,38.23,70.8333333333333,5.8333333333333295,30.8333333333333,3.06666666666667,0,10,6
2016-05-01 10:20:00,60,62.34,-2.34,2.34,False,Normal,20.823333333333295,8.233333333333329,38.23,69.6666666666667,5.66666666666667,32.66666666666669,3.03333333333333,0,10,6
2016-05-01 10:30:00,60,65.59,-5.59,5.59,False,Normal,20.89,8.449999999999998,38.363333333333294,68.5,5.5,34.5,3.0,0,10,6
2016-05-01 10:40:00,70,66.11,3.89,3.89,False,Normal,20.89,8.66666666666667,38.4,67.3333333333333,5.3333333333333295,36.33333333333329,2.9666666666666694,0,10,6
2016-05-01 10:50:00,90,86.02,3.98,3.98,False,Normal,20.963333333333296,8.88333333333333,39.7333333333333,66.1666666666667,5.16666666666667,38.16666666666669,2.93333333333333,0,10,6
2016-05-01 11:00:00,80,125.26,-45.26,45.26,False,Normal,21.033333333333296,9.1,42.2333333333333,65.0,5.0,40.0,2.9,0,11,6
2016-05-01 11:10:00,80,119.13,-39.13,39.13,False,Normal,21.1,9.26666666666667,41.5666666666667,66.1666666666667,5.0,40.0,3.28333333333333,0,11,6
2016-05-01 11:20:00,90,118.02,-28.02,28.02,False,Normal,21.1,9.43333333333333,41.1,67.3333333333333,5.0,40.0,3.6666666666666705,0,11,6
2016-05-01 11:30:00,100,113.94,-13.94,13.94,False,Normal,21.1,9.6,40.5666666666667,68.5,5.0,40.0,4.05,0,11,6
2016-05-01 11:40:00,100,117.77,-17.77,17.77,False,Normal,21.1,9.76666666666667,40.49,69.6666666666667,5.0,40.0,4.43333333333333,0,11,6
2016-05-01 11:50:00,100,119.1,-19.1,19.1,False,Normal,21.1666666666667,9.93333333333333,40.1566666666667,70.8333333333333,5.0,40.0,4.81666666666667,0,11,6
2016-05-01 12:00:00,90,119.9,-29.9,29.9,False,Normal,21.2,10.1,39.6633333333333,72.0,5.0,40.0,5.2,0,12,6
2016-05-01 12:10:00,100,119.09,-19.09,19.09,False,Normal,21.2,10.2666666666667,39.33,69.1666666666667,5.16666666666667,40.0,4.71666666666667,0,12,6
2016-05-01 12:20:00,90,117.91,-27.91,27.91,False,Normal,21.23,10.4333333333333,39.1633333333333,66.3333333333333,5.3333333333333295,40.0,4.23333333333333,0,12,6
2016-05-01 12:30:00,100,117.24,-17.24,17.24,False,Normal,21.29,10.6,38.89,63.5,5.5,40.0,3.75,0,12,6
2016-05-01 12:40:00,90,123.63,-33.63,33.63,False,Normal,21.323333333333295,10.7666666666667,38.9666666666667,60.66666666666671,5.66666666666667,40.0,3.2666666666666706,0,12,6
2016-05-01 12:50:00,110,126.35,-16.35,16.35,False,Normal,21.39,10.9333333333333,38.8266666666667,57.83333333333329,5.8333333333333295,40.0,2.78333333333333,0,12,6
2016-05-01 13:00:00,90,122.69,-32.69,32.69,False,Normal,21.39,11.1,38.45,55.0,6.0,40.0,2.3,0,13,6
2016-05-01 13:10:00,100,125.08,-25.08,25.08,False,Normal,21.5,11.2,38.26,54.66666666666671,5.8333333333333295,40.0,2.3,0,13,6
2016-05-01 13:20:00,90,126.06,-36.06,36.06,False,Normal,21.5,11.3,38.1266666666667,54.33333333333329,5.66666666666667,40.0,2.3,0,13,6
2016-05-01 13:30:00,70,126.29,-56.29,56.29,False,Normal,21.533333333333296,11.4,37.9,54.0,5.5,40.0,2.3,0,13,6
2016-05-01 13:40:00,60,115.21,-55.21,55.21,False,Normal,21.6,11.5,37.4266666666667,53.66666666666671,5.3333333333333295,40.0,2.3,0,13,6
2016-05-01 13:50:00,60,106.6,-46.6,46.6,False,Normal,21.6333333333333,11.6,36.66,53.33333333333329,5.16666666666667,40.0,2.3,0,13,6
2016-05-01 14:00:00,80,106.17,-26.17,26.17,False,Normal,21.7,11.7,36.19333333333329,53.0,5.0,40.0,2.3,0,14,6
2016-05-01 14:10:00,80,101.25,-21.25,21.25,False,Normal,21.7,11.8166666666667,35.6933333333333,51.33333333333329,4.8333333333333295,40.0,1.91666666666667,0,14,6
2016-05-01 14:20:00,120,99.29,20.71,20.71,False,Normal,21.7,11.9333333333333,35.56,49.66666666666671,4.66666666666667,40.0,1.53333333333333,0,14,6
2016-05-01 14:30:00,120,102.08,17.92,17.92,False,Normal,21.79,12.05,35.8633333333333,48.0,4.5,40.0,1.15,0,14,6
2016-05-01 14:40:00,110,100.7,9.3,9.3,False,Normal,21.79,12.1666666666667,35.73,46.33333333333329,4.3333333333333295,40.0,0.766666666666667,0,14,6
2016-05-01 14:50:00,140,94.49,45.51,45.51,False,Normal,21.823333333333295,12.2833333333333,35.2966666666667,44.66666666666671,4.16666666666667,40.0,0.38333333333333297,0,14,6
2016-05-01 15:00:00,110,90.81,19.19,19.19,False,Normal,21.89,12.4,35.03,43.0,4.0,40.0,0.0,0,15,6
2016-05-01 15:10:00,110,94.98,15.02,15.02,False,Normal,21.89,12.5166666666667,34.9,43.16666666666671,4.16666666666667,40.0,0.15,0,15,6
2016-05-01 15:20:00,110,94.79,15.21,15.21,False,Normal,21.89,12.6333333333333,34.9,43.33333333333329,4.3333333333333295,40.0,0.3,0,15,6
2016-05-01 15:30:00,120,98.48,21.52,21.52,False,Normal,22.0,12.75,34.9,43.5,4.5,40.0,0.45,0,15,6
2016-05-01 15:40:00,100,99.77,0.23,0.23,False,Normal,22.0,12.8666666666667,34.9,43.66666666666671,4.66666666666667,40.0,0.6,0,15,6
2016-05-01 15:50:00,80,101.63,-21.63,21.63,False,Normal,22.1,12.9833333333333,34.9666666666667,43.83333333333329,4.8333333333333295,40.0,0.75,0,15,6
2016-05-01 16:00:00,100,104.56,-4.56,4.56,False,Normal,22.1,13.1,34.7666666666667,44.0,5.0,40.0,0.9,0,16,6
2016-05-01 16:10:00,270,104.13,165.87,165.87,False,Normal,22.1333333333333,13.2166666666667,34.56,43.33333333333329,4.8333333333333295,40.0,0.8166666666666669,0,16,6
2016-05-01 16:20:00,250,113.86,136.14,136.14,False,Normal,22.2,13.3333333333333,34.8,42.66666666666671,4.66666666666667,40.0,0.733333333333333,0,16,6
2016-05-01 16:30:00,110,149.4,-39.4,39.4,False,Normal,22.2,13.45,37.3666666666667,42.0,4.5,40.0,0.65,0,16,6
2016-05-01 16:40:00,130,163.72,-33.72,33.72,False,Normal,22.29,13.5666666666667,38.86,41.33333333333329,4.3333333333333295,40.0,0.566666666666667,0,16,6
2016-05-01 16:50:00,430,166.21,263.79,263.79,True,Moderate,22.3566666666667,13.6833333333333,39.393333333333295,40.66666666666671,4.16666666666667,40.0,0.48333333333333295,0,16,6
2016-05-01 17:00:00,300,147.01,152.99,152.99,False,Normal,22.39,13.8,38.0266666666667,40.0,4.0,40.0,0.4,0,17,6
2016-05-01 17:10:00,270,137.12,132.88,132.88,False,Normal,22.39,13.7833333333333,37.3,39.66666666666671,4.0,40.0,0.28333333333333294,0,17,6
2016-05-01 17:20:00,240,126.45,113.55,113.55,False,Normal,22.39,13.7666666666667,36.76,39.33333333333329,4.0,40.0,0.166666666666667,0,17,6
2016-05-01 17:30:00,220,119.94,100.06,100.06,False,Normal,22.463333333333296,13.75,36.7,39.0,4.0,40.0,0.05,0,17,6
2016-05-01 17:40:00,360,118.63,241.37,241.37,True,Moderate,22.5,13.7333333333333,36.59,38.66666666666671,4.0,40.0,-0.0666666666666666,0,17,6
2016-05-01 17:50:00,430,121.74,308.26,308.26,True,Moderate,22.5,13.7166666666667,36.6633333333333,38.33333333333329,4.0,40.0,-0.18333333333333296,0,17,6
2016-05-01 18:00:00,450,122.85,327.15,327.15,True,High,22.6,13.7,36.9933333333333,38.0,4.0,40.0,-0.3,0,18,6
2016-05-01 18:10:00,440,118.37,321.63,321.63,True,High,22.7933333333333,13.6333333333333,37.6,38.33333333333329,4.0,40.0,-0.25,0,18,6
2016-05-01 18:20:00,410,94.72,315.28,315.28,True,Moderate,23.3,13.5666666666667,36.96,38.66666666666671,4.0,40.0,-0.2,0,18,6
2016-05-01 18:30:00,100,83.75,16.25,16.25,False,Normal,23.6333333333333,13.5,36.4266666666667,39.0,4.0,40.0,-0.15,0,18,6
2016-05-01 18:40:00,120,77.62,42.38,42.38,False,Normal,23.6333333333333,13.4333333333333,35.99,39.33333333333329,4.0,40.0,-0.1,0,18,6
2016-05-01 18:50:00,110,77.02,32.98,32.98,False,Normal,23.4266666666667,13.3666666666667,35.6566666666667,39.66666666666671,4.0,40.0,-0.05,0,18,6
2016-05-01 19:00:00,120,75.4,44.6,44.6,False,Normal,23.3566666666667,13.3,35.4666666666667,40.0,4.0,40.0,0.0,0,19,6
2016-05-01 19:10:00,120,94.7,25.3,25.3,False,Normal,23.29,13.1666666666667,35.3266666666667,40.83333333333329,3.8333333333333295,40.0,0.15,10,19,6
2016-05-01 19:20:00,100,77.36,22.64,22.64,False,Normal,23.26,13.0333333333333,35.06,41.66666666666671,3.6666666666666705,40.0,0.3,0,19,6
2016-05-01 19:30:00,170,87.55,82.45,82.45,False,Normal,23.175,12.9,34.82,42.5,3.5,40.0,0.45,0,19,6
2016-05-01 19:40:00,100,90.95,9.05,9.05,False,Normal,23.1,12.7666666666667,34.7,43.33333333333329,3.3333333333333295,40.0,0.6,0,19,6
2016-05-01 19:50:00,90,81.28,8.72,8.72,False,Normal,23.1,12.6333333333333,34.7,44.16666666666671,3.16666666666667,40.0,0.75,0,19,6
2016-05-01 20:00:00,90,71.56,18.44,18.44,False,Normal,23.1,12.5,34.76,45.0,3.0,40.0,0.9,0,20,6
2016-05-01 20:10:00,90,64.45,25.55,25.55,False,Normal,23.066666666666695,12.1,34.76,46.83333333333329,3.0,40.0,1.01666666666667,0,20,6
2016-05-01 20:20:00,120,58.32,61.68,61.68,False,Normal,23.0,11.7,34.76,48.66666666666671,3.0,40.0,1.13333333333333,0,20,6
2016-05-01 20:30:00,120,58.3,61.7,61.7,False,Normal,23.0,11.3,34.79,50.5,3.0,40.0,1.25,0,20,6
2016-05-01 20:40:00,110,56.01,53.99,53.99,False,Normal,22.9266666666667,10.9,34.79,52.33333333333329,3.0,40.0,1.36666666666667,0,20,6
2016-05-01 20:50:00,110,59.88,50.12,50.12,False,Normal,22.89,10.5,34.79,54.16666666666671,3.0,40.0,1.48333333333333,0,20,6
2016-05-01 21:00:00,100,62.72,37.28,37.28,False,Normal,22.89,10.1,34.8633333333333,56.0,3.0,40.0,1.6,0,21,6
2016-05-01 21:10:00,100,83.08,16.92,16.92,False,Normal,22.79,9.81666666666667,34.73,57.0,2.8333333333333295,40.0,1.56666666666667,10,21,6
2016-05-01 21:20:00,70,59.78,10.22,10.22,False,Normal,22.79,9.533333333333328,34.79,58.0,2.66666666666667,40.0,1.53333333333333,0,21,6
2016-05-01 21:30:00,80,60.04,19.96,19.96,False,Normal,22.76,9.25,34.9333333333333,59.0,2.5,40.0,1.5,0,21,6
2016-05-01 21:40:00,80,59.32,20.68,20.68,False,Normal,22.7,8.96666666666667,35.0,60.0,2.3333333333333295,40.0,1.46666666666667,0,21,6
2016-05-01 21:50:00,80,63.06,16.94,16.94,False,Normal,22.7,8.68333333333333,35.26,61.0,2.16666666666667,40.0,1.43333333333333,0,21,6
2016-05-01 22:00:00,80,60.63,19.37,19.37,False,Normal,22.6333333333333,8.4,35.1266666666667,62.0,2.0,40.0,1.4,0,22,6
2016-05-01 22:10:00,90,59.19,30.81,30.81,False,Normal,22.6,8.18333333333333,35.23,63.0,2.0,40.0,1.43333333333333,0,22,6
2016-05-01 22:20:00,80,59.64,20.36,20.36,False,Normal,22.533333333333296,7.96666666666667,35.23,64.0,2.0,40.0,1.46666666666667,0,22,6
2016-05-01 22:30:00,70,61.55,8.45,8.45,False,Normal,22.5,7.75,35.29,65.0,2.0,40.0,1.5,0,22,6
2016-05-01 22:40:00,60,58.61,1.39,1.39,False,Normal,22.5,7.53333333333333,35.23,66.0,2.0,40.0,1.53333333333333,0,22,6
2016-05-01 22:50:00,40,57.01,-17.01,17.01,False,Normal,22.445,7.31666666666667,35.1,67.0,2.0,40.0,1.56666666666667,0,22,6
2016-05-01 23:00:00,40,56.36,-16.36,16.36,False,Normal,22.39,7.1,35.06,68.0,2.0,40.0,1.6,0,23,6
2016-05-01 23:10:00,30,56.18,-26.18,26.18,False,Normal,22.39,6.96666666666667,35.06,68.1666666666667,1.8333333333333297,40.0,1.48333333333333,0,23,6
2016-05-01 23:20:00,50,53.12,-3.12,3.12,False,Normal,22.29,6.8333333333333295,35.09,68.3333333333333,1.66666666666667,40.0,1.36666666666667,0,23,6
2016-05-01 23:30:00,60,53.7,6.3,6.3,False,Normal,22.29,6.7,35.09,68.5,1.5,40.0,1.25,0,23,6
2016-05-01 23:40:00,60,51.11,8.89,8.89,False,Normal,22.2,6.56666666666667,35.09,68.6666666666667,1.33333333333333,40.0,1.13333333333333,0,23,6
2016-05-01 23:50:00,50,48.99,1.01,1.01,False,Normal,22.2,6.43333333333333,35.09,68.8333333333333,1.16666666666667,40.0,1.01666666666667,0,23,6
2016-05-02 00:00:00,50,24.96,25.04,25.04,False,Normal,22.2,6.3,35.1633333333333,69.0,1.0,40.0,0.9,0,0,0
2016-05-02 00:10:00,50,25.56,24.44,24.44,False,Normal,22.1333333333333,6.16666666666667,35.1633333333333,69.6666666666667,1.0,40.0,0.9166666666666669,0,0,0
2016-05-02 00:20:00,60,25.87,34.13,34.13,False,Normal,22.1,6.03333333333333,35.2,70.3333333333333,1.0,40.0,0.933333333333333,0,0,0
2016-05-02 00:30:00,50,24.63,25.37,25.37,False,Normal,22.1,5.9,35.2,71.0,1.0,40.0,0.95,0,0,0
2016-05-02 00:40:00,60,25.38,34.62,34.62,False,Normal,22.0,5.76666666666667,35.23,71.6666666666667,1.0,40.0,0.966666666666667,0,0,0
2016-05-02 00:50:00,60,27.04,32.96,32.96,False,Normal,22.0,5.633333333333329,35.3633333333333,72.3333333333333,1.0,40.0,0.9833333333333328,0,0,0
2016-05-02 01:00:00,60,27.04,32.96,32.96,False,Normal,21.963333333333296,5.5,35.4333333333333,73.0,1.0,40.0,1.0,0,1,0
2016-05-02 01:10:00,50,28.16,21.84,21.84,False,Normal,21.89,5.2,35.56,75.3333333333333,1.0,40.0,1.11666666666667,0,1,0
2016-05-02 01:20:00,50,29.06,20.94,20.94,False,Normal,21.89,4.9,35.59,77.6666666666667,1.0,40.0,1.23333333333333,0,1,0
2016-05-02 01:30:00,50,27.35,22.65,22.65,False,Normal,21.823333333333295,4.6,35.53,80.0,1.0,40.0,1.35,0,1,0
2016-05-02 01:40:00,50,30.16,19.84,19.84,False,Normal,21.79,4.3,35.53,82.3333333333333,1.0,40.0,1.46666666666667,0,1,0
2016-05-02 01:50:00,50,31.6,18.4,18.4,False,Normal,21.73,4.0,35.59,84.6666666666667,1.0,40.0,1.58333333333333,0,1,0
2016-05-02 02:00:00,20,32.04,-12.04,12.04,False,Normal,21.7,3.7,35.59,87.0,1.0,40.0,1.7,0,2,0
2016-05-02 02:10:00,40,31.77,8.23,8.23,False,Normal,21.7,3.65,35.59,87.0,1.0,40.0,1.65,0,2,0
2016-05-02 02:20:00,30,29.75,0.25,0.25,False,Normal,21.7,3.6,35.59,87.0,1.0,40.0,1.6,0,2,0
2016-05-02 02:30:00,50,31.63,18.37,18.37,False,Normal,21.6,3.55,35.5,87.0,1.0,40.0,1.55,0,2,0
2016-05-02 02:40:00,60,31.26,28.74,28.74,False,Normal,21.6,3.5,35.5,87.0,1.0,40.0,1.5,0,2,0
2016-05-02 02:50:00,40,35.58,4.42,4.42,False,Normal,21.5,3.45,35.59,87.0,1.0,40.0,1.45,0,2,0
2016-05-02 03:00:00,50,39.64,10.36,10.36,False,Normal,21.5,3.4,35.59,87.0,1.0,40.0,1.4,0,3,0
2016-05-02 03:10:00,50,39.57,10.43,10.43,False,Normal,21.5,3.16666666666667,35.7,88.0,1.0,40.0,1.31666666666667,0,3,0
2016-05-02 03:20:00,50,40.76,9.24,9.24,False,Normal,21.5,2.93333333333333,35.7,89.0,1.0,40.0,1.23333333333333,0,3,0
2016-05-02 03:30:00,60,42.23,17.77,17.77,False,Normal,21.39,2.7,35.6266666666667,90.0,1.0,40.0,1.15,0,3,0
2016-05-02 03:40:00,60,46.75,13.25,13.25,False,Normal,21.39,2.4666666666666694,35.7,91.0,1.0,40.0,1.06666666666667,0,3,0
2016-05-02 03:50:00,50,48.45,1.55,1.55,False,Normal,21.39,2.2333333333333294,35.7,92.0,1.0,40.0,0.9833333333333328,0,3,0
2016-05-02 04:00:00,50,50.78,-0.78,0.78,False,Normal,21.323333333333295,2.0,35.7,93.0,1.0,40.0,0.9,0,4,0
2016-05-02 04:10:00,50,52.97,-2.97,2.97,False,Normal,21.29,2.03333333333333,35.79,92.3333333333333,1.0,38.0,0.85,0,4,0
2016-05-02 04:20:00,50,54.39,-4.39,4.39,False,Normal,21.29,2.06666666666667,35.79,91.6666666666667,1.0,36.0,0.8,0,4,0
2016-05-02 04:30:00,50,55.44,-5.44,5.44,False,Normal,21.29,2.1,35.79,91.0,1.0,34.0,0.75,0,4,0
2016-05-02 04:40:00,60,53.82,6.18,6.18,False,Normal,21.23,2.13333333333333,35.79,90.3333333333333,1.0,32.0,0.7,0,4,0
2016-05-02 04:50:00,50,53.54,-3.54,3.54,False,Normal,21.2,2.16666666666667,35.9,89.6666666666667,1.0,30.0,0.65,0,4,0
2016-05-02 05:00:00,70,53.23,16.77,16.77,False,Normal,21.2,2.2,35.9,89.0,1.0,28.0,0.6,0,5,0
2016-05-02 05:10:00,70,51.09,18.91,18.91,False,Normal,21.2,2.13333333333333,35.89,89.3333333333333,1.0,28.0,0.5833333333333329,0,5,0
2016-05-02 05:20:00,40,63.19,-23.19,23.19,False,Normal,21.2,2.06666666666667,36.195,89.6666666666667,1.0,28.0,0.566666666666667,10,5,0
2016-05-02 05:30:00,40,35.87,4.13,4.13,False,Normal,21.2,2.0,36.29,90.0,1.0,28.0,0.55,0,5,0
2016-05-02 05:40:00,230,28.42,201.58,201.58,False,Normal,21.2,1.93333333333333,36.26,90.3333333333333,1.0,28.0,0.533333333333333,0,5,0
2016-05-02 05:50:00,170,25.38,144.62,144.62,False,Normal,21.2,1.86666666666667,36.2,90.6666666666667,1.0,28.0,0.5166666666666672,0,5,0
2016-05-02 06:00:00,60,22.31,37.69,37.69,False,Normal,21.2,1.8,36.1566666666667,91.0,1.0,28.0,0.5,0,6,0
2016-05-02 06:10:00,70,23.39,46.61,46.61,False,Normal,21.2,1.78333333333333,36.29,91.5,1.0,27.8333333333333,0.55,0,6,0
2016-05-02 06:20:00,90,24.89,65.11,65.11,False,Normal,21.2,1.76666666666667,36.433333333333294,92.0,1.0,27.666666666666696,0.6,0,6,0
2016-05-02 06:30:00,80,26.44,53.56,53.56,False,Normal,21.2,1.75,36.433333333333294,92.5,1.0,27.5,0.65,0,6,0
2016-05-02 06:40:00,80,28.14,51.86,51.86,False,Normal,21.2,1.73333333333333,36.4,93.0,1.0,27.3333333333333,0.7,0,6,0
2016-05-02 06:50:00,80,27.7,52.3,52.3,False,Normal,21.2,1.71666666666667,36.3266666666667,93.5,1.0,27.166666666666696,0.75,0,6,0
2016-05-02 07:00:00,80,34.65,45.35,45.35,False,Normal,21.2,1.7,36.433333333333294,94.0,1.0,27.0,0.8,0,7,0
2016-05-02 07:10:00,80,34.32,45.68,45.68,False,Normal,21.2,2.2666666666666706,36.5,92.3333333333333,1.0,29.166666666666696,1.1,0,7,0
2016-05-02 07:20:00,70,38.36,31.64,31.64,False,Normal,21.2,2.8333333333333295,36.73,90.6666666666667,1.0,31.3333333333333,1.4,0,7,0
2016-05-02 07:30:00,80,40.91,39.09,39.09,False,Normal,21.2,3.4,36.79,89.0,1.0,33.5,1.7,0,7,0
2016-05-02 07:40:00,340,46.19,293.81,293.81,True,Moderate,21.2,3.9666666666666694,36.79,87.3333333333333,1.0,35.66666666666669,2.0,0,7,0
2016-05-02 07:50:00,370,49.97,320.03,320.03,True,High,21.2,4.53333333333333,36.73,85.6666666666667,1.0,37.83333333333329,2.3,0,7,0
2016-05-02 08:00:00,80,58.92,21.08,21.08,False,Normal,21.2,5.1,36.73,84.0,1.0,40.0,2.6,0,8,0
2016-05-02 08:10:00,50,66.89,-16.89,16.89,False,Normal,21.26,5.66666666666667,36.93,82.0,1.0,38.16666666666669,2.7666666666666706,0,8,0
2016-05-02 08:20:00,50,75.95,-25.95,25.95,False,Normal,21.29,6.23333333333333,37.0,80.0,1.0,36.33333333333329,2.93333333333333,0,8,0
2016-05-02 08:30:00,40,78.04,-38.04,38.04,False,Normal,21.29,6.8,37.06,78.0,1.0,34.5,3.1,0,8,0
2016-05-02 08:40:00,50,81.67,-31.67,31.67,False,Normal,21.29,7.366666666666669,37.145,76.0,1.0,32.66666666666669,3.2666666666666706,0,8,0
2016-05-02 08:50:00,50,85.74,-35.74,35.74,False,Normal,21.39,7.93333333333333,37.09,74.0,1.0,30.8333333333333,3.43333333333333,0,8,0
2016-05-02 09:00:00,50,90.84,-40.84,40.84,False,Normal,21.39,8.5,36.963333333333296,72.0,1.0,29.0,3.6,0,9,0
2016-05-02 09:10:00,60,90.37,-30.37,30.37,False,Normal,21.4266666666667,8.93333333333333,36.79,69.6666666666667,1.16666666666667,29.0,3.5166666666666706,0,9,0
2016-05-02 09:20:00,50,92.94,-42.94,42.94,False,Normal,21.5,9.36666666666667,36.73,67.3333333333333,1.33333333333333,29.0,3.43333333333333,0,9,0
2016-05-02 09:30:00,70,94.56,-24.56,24.56,False,Normal,21.5,9.8,36.6633333333333,65.0,1.5,29.0,3.35,0,9,0
2016-05-02 09:40:00,50,92.86,-42.86,42.86,False,Normal,21.5,10.2333333333333,36.59,62.66666666666671,1.66666666666667,29.0,3.2666666666666706,0,9,0
2016-05-02 09:50:00,50,93.38,-43.38,43.38,False,Normal,21.6,10.6666666666667,36.5,60.33333333333329,1.8333333333333297,29.0,3.18333333333333,0,9,0
2016-05-02 10:00:00,60,97.38,-37.38,37.38,False,Normal,21.6,11.1,36.5,58.0,2.0,29.0,3.1,0,10,0
2016-05-02 10:10:00,50,98.68,-48.68,48.68,False,Normal,21.6333333333333,11.4083333333333,36.5,56.33333333333329,2.0833333333333295,29.916666666666696,2.88333333333333,0,10,0
2016-05-02 10:20:00,50,99.34,-49.34,49.34,False,Normal,21.6333333333333,11.7166666666667,36.433333333333294,54.66666666666671,2.16666666666667,30.8333333333333,2.66666666666667,0,10,0
2016-05-02 10:30:00,50,100.81,-50.81,50.81,False,Normal,21.7,12.025,36.4666666666667,53.0,2.25,31.75,2.45,0,10,0
2016-05-02 10:40:00,50,99.12,-49.12,49.12,False,Normal,21.7,12.3333333333333,36.4,51.33333333333329,2.3333333333333295,32.66666666666669,2.2333333333333294,0,10,0
2016-05-02 10:50:00,60,97.85,-37.85,37.85,False,Normal,21.7,12.6416666666667,36.363333333333294,49.66666666666671,2.41666666666667,33.5833333333333,2.0166666666666706,0,10,0
2016-05-02 11:00:00,50,99.81,-49.81,49.81,False,Normal,21.76,12.95,36.363333333333294,48.0,2.5,34.5,1.8,0,11,0
2016-05-02 11:10:00,60,99.38,-39.38,39.38,False,Normal,21.79,13.2583333333333,36.4,46.33333333333329,2.5833333333333295,35.41666666666669,1.58333333333333,0,11,0
2016-05-02 11:20:00,50,98.06,-48.06,48.06,False,Normal,21.79,13.5666666666667,36.4,44.66666666666671,2.66666666666667,36.33333333333329,1.36666666666667,0,11,0
2016-05-02 11:30:00,50,99.03,-49.03,49.03,False,Normal,21.89,13.875,36.363333333333294,43.0,2.75,37.25,1.15,0,11,0
2016-05-02 11:40:00,50,97.42,-47.42,47.42,False,Normal,21.89,14.1833333333333,36.29,41.33333333333329,2.8333333333333295,38.16666666666669,0.933333333333333,0,11,0
2016-05-02 11:50:00,50,99.23,-49.23,49.23,False,Normal,21.89,14.4916666666667,36.4,39.66666666666671,2.91666666666667,39.08333333333329,0.716666666666667,0,11,0
2016-05-02 12:00:00,60,98.78,-38.78,38.78,False,Normal,21.9266666666667,14.8,36.33333333333329,38.0,3.0,40.0,0.5,0,12,0
2016-05-02 12:10:00,70,97.54,-27.54,27.54,False,Normal,22.0,14.9083333333333,36.2,37.75,3.0,38.91666666666669,0.508333333333333,0,12,0
2016-05-02 12:20:00,80,96.24,-16.24,16.24,False,Normal,22.033333333333296,15.0166666666667,36.09,37.5,3.0,37.83333333333329,0.5166666666666672,0,12,0
2016-05-02 12:30:00,100,98.26,1.74,1.74,False,Normal,22.1,15.125,36.03,37.25,3.0,36.75,0.525,0,12,0
2016-05-02 12:40:00,90,97.76,-7.76,7.76,False,Normal,22.1333333333333,15.2333333333333,35.9,37.0,3.0,35.66666666666669,0.533333333333333,0,12,0
2016-05-02 12:50:00,90,99.77,-9.77,9.77,False,Normal,22.2,15.3416666666667,35.8266666666667,36.75,3.0,34.5833333333333,0.541666666666667,0,12,0
2016-05-02 13:00:00,70,99.83,-29.83,29.83,False,Normal,22.2,15.45,35.79,36.5,3.0,33.5,0.55,0,13,0
2016-05-02 13:10:00,80,101.73,-21.73,21.73,False,Normal,22.26,15.5583333333333,35.79,36.25,3.0,32.41666666666669,0.558333333333333,0,13,0
2016-05-02 13:20:00,70,105.0,-35.0,35.0,False,Normal,22.29,15.6666666666667,35.7,36.0,3.0,31.3333333333333,0.566666666666667,0,13,0
2016-05-02 13:30:00,90,108.64,-18.64,18.64,False,Normal,22.3566666666667,15.775,35.7,35.75,3.0,30.25,0.575,0,13,0
2016-05-02 13:40:00,80,109.59,-29.59,29.59,False,Normal,22.39,15.8833333333333,35.6633333333333,35.5,3.0,29.166666666666696,0.5833333333333329,0,13,0
2016-05-02 13:50:00,100,108.13,-8.13,8.13,False,Normal,22.39,15.9916666666667,35.59,35.25,3.0,28.0833333333333,0.591666666666667,0,13,0
2016-05-02 14:00:00,90,108.52,-18.52,18.52,False,Normal,22.463333333333296,16.1,35.6633333333333,35.0,3.0,27.0,0.6,0,14,0
2016-05-02 14:10:00,80,110.35,-30.35,30.35,False,Normal,22.463333333333296,16.1833333333333,35.59,34.5,3.0,29.166666666666696,0.48333333333333295,0,14,0
2016-05-02 14:20:00,80,114.9,-34.9,34.9,False,Normal,22.5,16.2666666666667,35.59,34.0,3.0,31.3333333333333,0.366666666666667,0,14,0
2016-05-02 14:30:00,80,115.94,-35.94,35.94,False,Normal,22.5,16.35,35.59,33.5,3.0,33.5,0.25,0,14,0
2016-05-02 14:40:00,70,115.85,-45.85,45.85,False,Normal,22.5,16.4333333333333,35.6633333333333,33.0,3.0,35.66666666666669,0.133333333333333,0,14,0
2016-05-02 14:50:00,80,115.75,-35.75,35.75,False,Normal,22.566666666666695,16.5166666666667,35.59,32.5,3.0,37.83333333333329,0.0166666666666666,0,14,0
2016-05-02 15:00:00,90,114.88,-24.88,24.88,False,Normal,22.6,16.6,35.59,32.0,3.0,40.0,-0.1,0,15,0
2016-05-02 15:10:00,90,114.83,-24.83,24.83,False,Normal,22.6,16.6166666666667,35.59,32.5,3.16666666666667,38.16666666666669,0.1,0,15,0
2016-05-02 15:20:00,80,113.13,-33.13,33.13,False,Normal,22.6,16.6333333333333,35.59,33.0,3.3333333333333295,36.33333333333329,0.3,0,15,0
2016-05-02 15:30:00,80,114.87,-34.87,34.87,False,Normal,22.7,16.65,35.7,33.5,3.5,34.5,0.5,0,15,0
2016-05-02 15:40:00,70,115.27,-45.27,45.27,False,Normal,22.7,16.6666666666667,35.76,34.0,3.6666666666666705,32.66666666666669,0.7,0,15,0
2016-05-02 15:50:00,80,113.52,-33.52,33.52,False,Normal,22.7,16.6833333333333,35.79,34.5,3.8333333333333295,30.8333333333333,0.9,0,15,0
2016-05-02 16:00:00,60,113.24,-53.24,53.24,False,Normal,22.7,16.7,35.8633333333333,35.0,4.0,29.0,1.1,0,16,0
2016-05-02 16:10:00,40,114.32,-74.32,74.32,False,Normal,22.6333333333333,16.6666666666667,35.9333333333333,37.16666666666671,3.8333333333333295,30.8333333333333,1.8,0,16,0
2016-05-02 16:20:00,50,117.44,-67.44,67.44,False,Normal,22.7,16.6333333333333,36.0,39.33333333333329,3.6666666666666705,32.66666666666669,2.5,0,16,0
2016-05-02 16:30:00,70,113.51,-43.51,43.51,False,Normal,22.7,16.6,36.09,41.5,3.5,34.5,3.2,0,16,0
2016-05-02 16:40:00,90,110.37,-20.37,20.37,False,Normal,22.7,16.5666666666667,36.1633333333333,43.66666666666671,3.3333333333333295,36.33333333333329,3.9,0,16,0
2016-05-02 16:50:00,320,112.31,207.69,207.69,False,Normal,22.7,16.5333333333333,36.433333333333294,45.83333333333329,3.16666666666667,38.16666666666669,4.6,0,16,0
2016-05-02 17:00:00,330,111.84,218.16,218.16,True,Moderate,22.6333333333333,16.5,36.36,48.0,3.0,40.0,5.3,0,17,0
2016-05-02 17:10:00,270,135.24,134.76,134.76,False,Normal,22.6333333333333,16.4166666666667,36.83333333333329,49.16666666666671,3.16666666666667,40.0,5.55,10,17,0
2016-05-02 17:20:00,260,139.68,120.32,120.32,False,Normal,22.7,16.3333333333333,37.433333333333294,50.33333333333329,3.3333333333333295,40.0,5.8,10,17,0
2016-05-02 17:30:00,240,128.98,111.02,111.02,False,Normal,22.73,16.25,37.2,51.5,3.5,40.0,6.05,10,17,0
2016-05-02 17:40:00,210,106.62,103.38,103.38,False,Normal,22.79,16.1666666666667,37.1266666666667,52.66666666666671,3.6666666666666705,40.0,6.3,0,17,0
2016-05-02 17:50:00,280,100.46,179.54,179.54,False,Normal,22.89,16.0833333333333,37.23,53.83333333333329,3.8333333333333295,40.0,6.55,0,17,0
2016-05-02 18:00:00,170,95.89,74.11,74.11,False,Normal,22.963333333333296,16.0,37.43,55.0,4.0,40.0,6.8,0,18,0
2016-05-02 18:10:00,120,94.38,25.62,25.62,False,Normal,23.066666666666695,15.8,37.83,57.0,4.0,40.0,7.11666666666667,0,18,0
2016-05-02 18:20:00,100,95.89,4.11,4.11,False,Normal,23.2,15.6,38.4233333333333,59.0,4.0,40.0,7.43333333333333,0,18,0
2016-05-02 18:30:00,120,96.6,23.4,23.4,False,Normal,23.2,15.4,38.745,61.0,4.0,40.0,7.75,0,18,0
2016-05-02 18:40:00,120,115.8,4.2,4.2,False,Normal,23.2,15.2,38.99,63.0,4.0,40.0,8.06666666666667,10,18,0
2016-05-02 18:50:00,130,94.06,35.94,35.94,False,Normal,23.1333333333333,15.0,38.79,65.0,4.0,40.0,8.38333333333333,0,18,0
2016-05-02 19:00:00,130,96.37,33.63,33.63,False,Normal,23.1,14.8,38.7,67.0,4.0,40.0,8.699999999999998,0,19,0
2016-05-02 19:10:00,120,94.77,25.23,25.23,False,Normal,23.1,14.6833333333333,38.6266666666667,67.3333333333333,3.8333333333333295,40.0,8.66666666666667,0,19,0
2016-05-02 19:20:00,120,94.35,25.65,25.65,False,Normal,23.1,14.5666666666667,38.59,67.6666666666667,3.6666666666666705,40.0,8.63333333333333,0,19,0
2016-05-02 19:30:00,140,111.99,28.01,28.01,False,Normal,23.1,14.45,38.59,68.0,3.5,40.0,8.599999999999998,10,19,0
2016-05-02 19:40:00,150,91.77,58.23,58.23,False,Normal,23.066666666666695,14.3333333333333,38.56,68.3333333333333,3.3333333333333295,40.0,8.56666666666667,0,19,0
2016-05-02 19:50:00,150,146.86,3.14,3.14,False,Normal,23.0,14.2166666666667,38.5,68.6666666666667,3.16666666666667,40.0,8.53333333333333,30,19,0
2016-05-02 20:00:00,150,125.58,24.42,24.42,False,Normal,23.0,14.1,38.5,69.0,3.0,40.0,8.5,20,20,0
2016-05-02 20:10:00,140,123.27,16.73,16.73,False,Normal,23.0,13.9666666666667,38.56,70.1666666666667,3.0,40.0,8.599999999999998,20,20,0
2016-05-02 20:20:00,130,79.41,50.59,50.59,False,Normal,22.9266666666667,13.8333333333333,38.59,71.3333333333333,3.0,40.0,8.699999999999998,0,20,0
2016-05-02 20:30:00,100,78.16,21.84,21.84,False,Normal,22.9266666666667,13.7,38.59,72.5,3.0,40.0,8.8,0,20,0
2016-05-02 20:40:00,80,79.3,0.7,0.7,False,Normal,22.89,13.5666666666667,38.6266666666667,73.6666666666667,3.0,40.0,8.9,0,20,0
2016-05-02 20:50:00,60,95.92,-35.92,35.92,False,Normal,22.89,13.4333333333333,38.76,74.8333333333333,3.0,40.0,9.0,10,20,0
2016-05-02 21:00:00,30,116.65,-86.65,86.65,False,Normal,22.89,13.3,38.8266666666667,76.0,3.0,40.0,9.1,20,21,0
2016-05-02 21:10:00,40,115.27,-75.27,75.27,False,Normal,22.89,13.1333333333333,38.9,77.1666666666667,2.8333333333333295,40.0,9.16666666666667,20,21,0
2016-05-02 21:20:00,40,112.16,-72.16,72.16,False,Normal,22.79,12.9666666666667,38.79,78.3333333333333,2.66666666666667,40.0,9.233333333333329,20,21,0
2016-05-02 21:30:00,80,133.22,-53.22,53.22,False,Normal,22.79,12.8,38.79,79.5,2.5,40.0,9.3,30,21,0
2016-05-02 21:40:00,70,111.17,-41.17,41.17,False,Normal,22.79,12.6333333333333,38.79,80.6666666666667,2.3333333333333295,40.0,9.36666666666667,20,21,0
2016-05-02 21:50:00,60,110.57,-50.57,50.57,False,Normal,22.7225,12.4666666666667,38.79,81.8333333333333,2.16666666666667,40.0,9.43333333333333,20,21,0
2016-05-02 22:00:00,70,114.8,-44.8,44.8,False,Normal,22.7,12.3,38.79,83.0,2.0,40.0,9.5,20,22,0
2016-05-02 22:10:00,60,112.99,-52.99,52.99,False,Normal,22.7,12.25,38.79,83.1666666666667,2.16666666666667,40.0,9.483333333333329,20,22,0
2016-05-02 22:20:00,70,111.7,-41.7,41.7,False,Normal,22.7,12.2,38.79,83.3333333333333,2.3333333333333295,40.0,9.46666666666667,20,22,0
2016-05-02 22:30:00,50,127.33,-77.33,77.33,False,Normal,22.6666666666667,12.15,38.863333333333294,83.5,2.5,40.0,9.45,30,22,0
2016-05-02 22:40:00,80,101.87,-21.87,21.87,False,Normal,22.6,12.1,38.79,83.6666666666667,2.66666666666667,40.0,9.43333333333333,20,22,0
2016-05-02 22:50:00,60,98.1,-38.1,38.1,False,Normal,22.6,12.05,38.9,83.8333333333333,2.8333333333333295,40.0,9.41666666666667,20,22,0
2016-05-02 23:00:00,60,57.09,2.91,2.91,False,Normal,22.6,12.0,38.9,84.0,3.0,40.0,9.4,0,23,0
2016-05-02 23:10:00,70,60.9,9.1,9.1,False,Normal,22.5,11.8,39.0,84.6666666666667,3.0,40.0,9.3,0,23,0
2016-05-02 23:20:00,50,61.46,-11.46,11.46,False,Normal,22.5,11.6,39.0,85.3333333333333,3.0,40.0,9.2,0,23,0
2016-05-02 23:30:00,50,62.27,-12.27,12.27,False,Normal,22.5,11.4,39.09,86.0,3.0,40.0,9.1,0,23,0
2016-05-02 23:40:00,50,63.11,-13.11,13.11,False,Normal,22.5,11.2,39.09,86.6666666666667,3.0,40.0,9.0,0,23,0
2016-05-02 23:50:00,50,63.94,-13.94,13.94,False,Normal,22.5,11.0,39.09,87.3333333333333,3.0,40.0,8.9,0,23,0
2016-05-03 00:00:00,40,42.93,-2.93,2.93,False,Normal,22.5,10.8,39.1633333333333,88.0,3.0,40.0,8.8,0,0,1
2016-05-03 00:10:00,60,41.8,18.2,18.2,False,Normal,22.39,10.9333333333333,39.1266666666667,88.0,3.16666666666667,38.0,8.949999999999998,0,0,1
2016-05-03 00:20:00,60,42.51,17.49,17.49,False,Normal,22.39,11.0666666666667,39.2,88.0,3.3333333333333295,36.0,9.1,0,0,1
2016-05-03 00:30:00,60,39.77,20.23,20.23,False,Normal,22.39,11.2,39.23,88.0,3.5,34.0,9.25,0,0,1
2016-05-03 00:40:00,60,38.18,21.82,21.82,False,Normal,22.39,11.3333333333333,39.29,88.0,3.6666666666666705,32.0,9.4,0,0,1
2016-05-03 00:50:00,50,41.96,8.04,8.04,False,Normal,22.3566666666667,11.4666666666667,39.4,88.0,3.8333333333333295,30.0,9.55,0,0,1
2016-05-03 01:00:00,40,38.61,1.39,1.39,False,Normal,22.29,11.6,39.4,88.0,4.0,28.0,9.7,0,1,1
2016-05-03 01:10:00,20,40.21,-20.21,20.21,False,Normal,22.29,11.5166666666667,39.4666666666667,89.1666666666667,4.3333333333333295,32.16666666666669,9.8,0,1,1
2016-05-03 01:20:00,30,42.41,-12.41,12.41,False,Normal,22.29,11.4333333333333,39.59,90.3333333333333,4.66666666666667,36.33333333333329,9.9,0,1,1
2016-05-03 01:30:00,30,37.91,-7.91,7.91,False,Normal,22.29,11.35,39.59,91.5,5.0,40.5,10.0,0,1,1
2016-05-03 01:40:00,50,40.88,9.12,9.12,False,Normal,22.2,11.2666666666667,39.59,92.6666666666667,5.3333333333333295,44.66666666666669,10.1,0,1,1
2016-05-03 01:50:00,60,40.03,19.97,19.97,False,Normal,22.2,11.1833333333333,39.59,93.8333333333333,5.66666666666667,48.83333333333329,10.2,0,1,1
2016-05-03 02:00:00,60,37.53,22.47,22.47,False,Normal,22.2,11.1,39.59,95.0,6.0,53.0,10.3,0,2,1
2016-05-03 02:10:00,60,36.09,23.91,23.91,False,Normal,22.2,10.9333333333333,39.59,93.5,6.16666666666667,50.83333333333329,9.883333333333328,0,2,1
2016-05-03 02:20:00,60,34.97,25.03,25.03,False,Normal,22.2,10.7666666666667,39.59,92.0,6.3333333333333295,48.66666666666669,9.46666666666667,0,2,1
2016-05-03 02:30:00,50,34.04,15.96,15.96,False,Normal,22.2,10.6,39.59,90.5,6.5,46.5,9.05,0,2,1
2016-05-03 02:40:00,50,32.64,17.36,17.36,False,Normal,22.1,10.4333333333333,39.59,89.0,6.66666666666667,44.33333333333329,8.63333333333333,0,2,1
2016-05-03 02:50:00,40,32.62,7.38,7.38,False,Normal,22.1,10.2666666666667,39.59,87.5,6.8333333333333295,42.16666666666669,8.21666666666667,0,2,1
2016-05-03 03:00:00,50,34.43,15.57,15.57,False,Normal,22.066666666666695,10.1,39.56,86.0,7.0,40.0,7.8,0,3,1
2016-05-03 03:10:00,50,35.54,14.46,14.46,False,Normal,22.0,9.883333333333328,39.433333333333294,86.5,6.3333333333333295,38.16666666666669,7.666666666666669,0,3,1
2016-05-03 03:20:00,50,36.62,13.38,13.38,False,Normal,22.0,9.66666666666667,39.4,87.0,5.66666666666667,36.33333333333329,7.53333333333333,0,3,1
2016-05-03 03:30:00,60,37.0,23.0,23.0,False,Normal,22.0,9.45,39.4,87.5,5.0,34.5,7.4,0,3,1
2016-05-03 03:40:00,50,38.21,11.79,11.79,False,Normal,21.963333333333296,9.233333333333329,39.4,88.0,4.3333333333333295,32.66666666666669,7.26666666666667,0,3,1
2016-05-03 03:50:00,60,39.5,20.5,20.5,False,Normal,21.89,9.01666666666667,39.3266666666667,88.5,3.6666666666666705,30.8333333333333,7.133333333333329,0,3,1
2016-05-03 04:00:00,40,41.01,-1.01,1.01,False,Normal,21.89,8.8,39.29,89.0,3.0,29.0,7.0,0,4,1
2016-05-03 04:10:00,50,41.57,8.43,8.43,False,Normal,21.89,8.65,39.29,89.5,3.0,28.5,6.95,0,4,1
2016-05-03 04:20:00,50,39.41,10.59,10.59,False,Normal,21.89,8.5,39.29,90.0,3.0,28.0,6.9,0,4,1
2016-05-03 04:30:00,50,34.7,15.3,15.3,False,Normal,21.8566666666667,8.349999999999998,39.29,90.5,3.0,27.5,6.85,0,4,1
2016-05-03 04:40:00,50,31.2,18.8,18.8,False,Normal,21.79,8.199999999999998,39.29,91.0,3.0,27.0,6.8,0,4,1
2016-05-03 04:50:00,60,29.66,30.34,30.34,False,Normal,21.79,8.05,39.26,91.5,3.0,26.5,6.75,0,4,1
2016-05-03 05:00:00,70,28.05,41.95,41.95,False,Normal,21.79,7.9,39.2,92.0,3.0,26.0,6.7,0,5,1
2016-05-03 05:10:00,70,27.95,42.05,42.05,False,Normal,21.79,7.76666666666667,39.2666666666667,92.1666666666667,2.8333333333333295,25.666666666666696,6.5833333333333295,0,5,1
2016-05-03 05:20:00,30,27.41,2.59,2.59,False,Normal,21.79,7.633333333333329,39.4,92.3333333333333,2.66666666666667,25.3333333333333,6.46666666666667,0,5,1
2016-05-03 05:30:00,40,45.76,-5.76,5.76,False,Normal,21.79,7.5,39.463333333333296,92.5,2.5,25.0,6.35,10,5,1
2016-05-03 05:40:00,50,22.52,27.48,27.48,False,Normal,21.79,7.366666666666669,39.59,92.6666666666667,2.3333333333333295,24.666666666666696,6.23333333333333,0,5,1
2016-05-03 05:50:00,50,18.51,31.49,31.49,False,Normal,21.79,7.233333333333332,39.56,92.8333333333333,2.16666666666667,24.3333333333333,6.11666666666667,0,5,1
2016-05-03 06:00:00,60,21.1,38.9,38.9,False,Normal,21.79,7.1,39.5,93.0,2.0,24.0,6.0,0,6,1
2016-05-03 06:10:00,110,24.56,85.44,85.44,False,Normal,21.79,7.01666666666667,39.4,93.3333333333333,2.0,24.166666666666696,5.96666666666667,0,6,1
2016-05-03 06:20:00,70,48.62,21.38,21.38,False,Normal,21.79,6.93333333333333,39.4666666666667,93.6666666666667,2.0,24.3333333333333,5.93333333333333,10,6,1
2016-05-03 06:30:00,50,32.07,17.93,17.93,False,Normal,21.79,6.85,39.7666666666667,94.0,2.0,24.5,5.9,0,6,1
2016-05-03 06:40:00,60,39.25,20.75,20.75,False,Normal,21.79,6.76666666666667,40.16,94.3333333333333,2.0,24.666666666666696,5.86666666666667,0,6,1
2016-05-03 06:50:00,60,36.3,23.7,23.7,False,Normal,21.79,6.68333333333333,40.09,94.6666666666667,2.0,24.8333333333333,5.8333333333333295,0,6,1
2016-05-03 07:00:00,60,44.12,15.88,15.88,False,Normal,21.79,6.6,40.09,95.0,2.0,25.0,5.8,0,7,1
2016-05-03 07:10:00,50,47.23,2.77,2.77,False,Normal,21.79,6.883333333333329,40.0,94.1666666666667,2.16666666666667,25.166666666666696,5.95,0,7,1
2016-05-03 07:20:00,50,47.89,2.11,2.11,False,Normal,21.79,7.16666666666667,39.933333333333294,93.3333333333333,2.3333333333333295,25.3333333333333,6.1,0,7,1
2016-05-03 07:30:00,50,49.82,0.18,0.18,False,Normal,21.79,7.45,39.845,92.5,2.5,25.5,6.25,0,7,1
2016-05-03 07:40:00,50,50.83,-0.83,0.83,False,Normal,21.79,7.733333333333332,39.76,91.6666666666667,2.66666666666667,25.666666666666696,6.4,0,7,1
2016-05-03 07:50:00,40,71.78,-31.78,31.78,False,Normal,21.79,8.01666666666667,39.7,90.8333333333333,2.8333333333333295,25.8333333333333,6.55,10,7,1
2016-05-03 08:00:00,70,54.62,15.38,15.38,False,Normal,21.79,8.3,39.7,90.0,3.0,26.0,6.7,0,8,1
2016-05-03 08:10:00,50,65.0,-15.0,15.0,False,Normal,21.79,8.46666666666667,39.7,88.6666666666667,3.3333333333333295,28.3333333333333,6.633333333333329,0,8,1
2016-05-03 08:20:00,60,70.24,-10.24,10.24,False,Normal,21.79,8.63333333333333,39.59,87.3333333333333,3.6666666666666705,30.666666666666696,6.56666666666667,0,8,1
2016-05-03 08:30:00,50,73.31,-23.31,23.31,False,Normal,21.79,8.8,39.59,86.0,4.0,33.0,6.5,0,8,1
2016-05-03 08:40:00,50,78.85,-28.85,28.85,False,Normal,21.79,8.96666666666667,39.59,84.6666666666667,4.3333333333333295,35.3333333333333,6.43333333333333,0,8,1
2016-05-03 08:50:00,50,79.65,-29.65,29.65,False,Normal,21.79,9.133333333333328,39.59,83.3333333333333,4.66666666666667,37.66666666666669,6.36666666666667,0,8,1
2016-05-03 09:00:00,30,84.83,-54.83,54.83,False,Normal,21.8566666666667,9.3,39.6633333333333,82.0,5.0,40.0,6.3,0,9,1
2016-05-03 09:10:00,30,83.11,-53.11,53.11,False,Normal,21.8566666666667,9.46666666666667,39.6633333333333,80.3333333333333,5.0,40.0,6.15,0,9,1
2016-05-03 09:20:00,20,87.03,-67.03,67.03,False,Normal,21.89,9.633333333333328,39.7,78.6666666666667,5.0,40.0,6.0,0,9,1
2016-05-03 09:30:00,40,109.2,-69.2,69.2,False,Normal,21.89,9.8,39.7,77.0,5.0,40.0,5.85,10,9,1
2016-05-03 09:40:00,60,87.94,-27.94,27.94,False,Normal,22.0,9.96666666666667,39.6633333333333,75.3333333333333,5.0,40.0,5.7,0,9,1
2016-05-03 09:50:00,60,87.15,-27.15,27.15,False,Normal,22.0,10.1333333333333,39.59,73.6666666666667,5.0,40.0,5.55,0,9,1
2016-05-03 10:00:00,50,88.99,-38.99,38.99,False,Normal,22.0,10.3,39.56,72.0,5.0,40.0,5.4,0,10,1
2016-05-03 10:10:00,60,92.46,-32.46,32.46,False,Normal,22.066666666666695,10.3666666666667,39.56,70.1666666666667,5.16666666666667,40.0,5.06666666666667,0,10,1
2016-05-03 10:20:00,50,99.0,-49.0,49.0,False,Normal,22.1,10.4333333333333,39.5,68.3333333333333,5.3333333333333295,40.0,4.73333333333333,0,10,1
2016-05-03 10:30:00,40,100.36,-60.36,60.36,False,Normal,22.1,10.5,39.433333333333294,66.5,5.5,40.0,4.4,0,10,1
2016-05-03 10:40:00,60,99.82,-39.82,39.82,False,Normal,22.1333333333333,10.5666666666667,39.29,64.6666666666667,5.66666666666667,40.0,4.06666666666667,0,10,1
2016-05-03 10:50:00,50,98.7,-48.7,48.7,False,Normal,22.2,10.6333333333333,39.2225,62.83333333333329,5.8333333333333295,40.0,3.7333333333333294,0,10,1
2016-05-03 11:00:00,50,118.53,-68.53,68.53,False,Normal,22.2,10.7,39.1266666666667,61.0,6.0,40.0,3.4,10,11,1
2016-05-03 11:10:00,60,99.62,-39.62,39.62,False,Normal,22.2,10.8,39.09,60.16666666666671,5.8333333333333295,40.0,3.28333333333333,0,11,1
2016-05-03 11:20:00,60,102.11,-42.11,42.11,False,Normal,22.26,10.9,39.09,59.33333333333329,5.66666666666667,40.0,3.16666666666667,0,11,1
2016-05-03 11:30:00,50,100.99,-50.99,50.99,False,Normal,22.29,11.0,38.9666666666667,58.5,5.5,40.0,3.05,0,11,1
2016-05-03 11:40:00,50,102.22,-52.22,52.22,False,Normal,22.3566666666667,11.1,38.9,57.66666666666671,5.3333333333333295,40.0,2.93333333333333,0,11,1
2016-05-03 11:50:00,50,103.28,-53.28,53.28,False,Normal,22.39,11.2,38.76,56.83333333333329,5.16666666666667,40.0,2.81666666666667,0,11,1
2016-05-03 12:00:00,50,104.99,-54.99,54.99,False,Normal,22.39,11.3,38.6266666666667,56.0,5.0,40.0,2.7,0,12,1
2016-05-03 12:10:00,60,103.54,-43.54,43.54,False,Normal,22.5,11.5,38.56,55.33333333333329,4.8333333333333295,40.0,2.7333333333333294,0,12,1
2016-05-03 12:20:00,40,102.28,-62.28,62.28,False,Normal,22.5,11.7,38.433333333333294,54.66666666666671,4.66666666666667,40.0,2.7666666666666706,0,12,1
2016-05-03 12:30:00,60,102.26,-42.26,42.26,False,Normal,22.533333333333296,11.9,38.4,54.0,4.5,40.0,2.8,0,12,1
2016-05-03 12:40:00,60,98.59,-38.59,38.59,False,Normal,22.6,12.1,38.3266666666667,53.33333333333329,4.3333333333333295,40.0,2.8333333333333295,0,12,1
2016-05-03 12:50:00,50,99.21,-49.21,49.21,False,Normal,22.6,12.3,38.1633333333333,52.66666666666671,4.16666666666667,40.0,2.86666666666667,0,12,1
2016-05-03 13:00:00,60,97.4,-37.4,37.4,False,Normal,22.6,12.5,38.09,52.0,4.0,40.0,2.9,0,13,1
2016-05-03 13:10:00,40,99.77,-59.77,59.77,False,Normal,22.7,12.5333333333333,38.06,51.0,4.16666666666667,40.0,2.63333333333333,0,13,1
2016-05-03 13:20:00,30,100.03,-70.03,70.03,False,Normal,22.7,12.5666666666667,37.933333333333294,50.0,4.3333333333333295,40.0,2.36666666666667,0,13,1
2016-05-03 13:30:00,30,99.81,-69.81,69.81,False,Normal,22.73,12.6,37.76,49.0,4.5,40.0,2.1,0,13,1
2016-05-03 13:40:00,20,96.52,-76.52,76.52,False,Normal,22.79,12.6333333333333,37.7,48.0,4.66666666666667,40.0,1.8333333333333297,0,13,1
2016-05-03 13:50:00,60,94.22,-34.22,34.22,False,Normal,22.89,12.6666666666667,37.6633333333333,47.0,4.8333333333333295,40.0,1.56666666666667,0,13,1
2016-05-03 14:00:00,50,95.82,-45.82,45.82,False,Normal,22.89,12.7,37.59,46.0,5.0,40.0,1.3,0,14,1
2016-05-03 14:10:00,70,93.63,-23.63,23.63,False,Normal,22.945,12.8333333333333,37.45,45.33333333333329,4.8333333333333295,38.16666666666669,1.21666666666667,0,14,1
2016-05-03 14:20:00,60,91.29,-31.29,31.29,False,Normal,23.0,12.9666666666667,37.363333333333294,44.66666666666671,4.66666666666667,36.33333333333329,1.13333333333333,0,14,1
2016-05-03 14:30:00,60,94.14,-34.14,34.14,False,Normal,23.0,13.1,37.29,44.0,4.5,34.5,1.05,0,14,1
2016-05-03 14:40:00,50,93.88,-43.88,43.88,False,Normal,23.033333333333296,13.2333333333333,37.29,43.33333333333329,4.3333333333333295,32.66666666666669,0.966666666666667,0,14,1
2016-05-03 14:50:00,50,93.41,-43.41,43.41,False,Normal,23.1,13.3666666666667,37.29,42.66666666666671,4.16666666666667,30.8333333333333,0.883333333333333,0,14,1
2016-05-03 15:00:00,40,93.07,-53.07,53.07,False,Normal,23.1333333333333,13.5,37.26,42.0,4.0,29.0,0.8,0,15,1
2016-05-03 15:10:00,50,90.85,-40.85,40.85,False,Normal,23.2,13.6166666666667,37.2,41.83333333333329,4.0,30.8333333333333,0.8166666666666669,0,15,1
2016-05-03 15:20:00,50,90.06,-40.06,40.06,False,Normal,23.2,13.7333333333333,37.09,41.66666666666671,4.0,32.66666666666669,0.8333333333333329,0,15,1
2016-05-03 15:30:00,50,89.22,-39.22,39.22,False,Normal,23.2,13.85,37.09,41.5,4.0,34.5,0.85,0,15,1
2016-05-03 15:40:00,60,93.94,-33.94,33.94,False,Normal,23.2,13.9666666666667,37.09,41.33333333333329,4.0,36.33333333333329,0.866666666666667,0,15,1
2016-05-03 15:50:00,50,97.25,-47.25,47.25,False,Normal,23.2,14.0833333333333,37.03,41.16666666666671,4.0,38.16666666666669,0.883333333333333,0,15,1
2016-05-03 16:00:00,60,99.52,-39.52,39.52,False,Normal,23.29,14.2,37.09,41.0,4.0,40.0,0.9,0,16,1
2016-05-03 16:10:00,60,100.43,-40.43,40.43,False,Normal,23.29,14.1666666666667,37.09,40.66666666666671,4.16666666666667,40.0,0.7833333333333331,0,16,1
2016-05-03 16:20:00,60,100.05,-40.05,40.05,False,Normal,23.29,14.1333333333333,37.09,40.33333333333329,4.3333333333333295,40.0,0.666666666666667,0,16,1
2016-05-03 16:30:00,60,101.57,-41.57,41.57,False,Normal,23.29,14.1,37.09,40.0,4.5,40.0,0.55,0,16,1
2016-05-03 16:40:00,80,102.15,-22.15,22.15,False,Normal,23.29,14.0666666666667,36.9,39.66666666666671,4.66666666666667,40.0,0.43333333333333296,0,16,1
2016-05-03 16:50:00,70,101.36,-31.36,31.36,False,Normal,23.3566666666667,14.0333333333333,36.6266666666667,39.33333333333329,4.8333333333333295,40.0,0.316666666666667,0,16,1
2016-05-03 17:00:00,90,103.95,-13.95,13.95,False,Normal,23.29,14.0,35.7333333333333,39.0,5.0,40.0,0.2,0,17,1
2016-05-03 17:10:00,150,100.22,49.78,49.78,False,Normal,23.29,14.05,34.7333333333333,38.83333333333329,4.8333333333333295,38.16666666666669,0.15,0,17,1
2016-05-03 17:20:00,460,101.09,358.91,358.91,True,High,23.29,14.1,34.3966666666667,38.66666666666671,4.66666666666667,36.33333333333329,0.1,0,17,1
2016-05-03 17:30:00,340,119.89,220.11,220.11,True,Moderate,23.315,14.15,35.8425,38.5,4.5,34.5,0.05,0,17,1
2016-05-03 17:40:00,310,152.25,157.75,157.75,False,Normal,23.39,14.2,38.66,38.33333333333329,4.3333333333333295,32.66666666666669,0.0,0,17,1
2016-05-03 17:50:00,120,145.31,-25.31,25.31,False,Normal,23.3566666666667,14.25,38.0633333333333,38.16666666666671,4.16666666666667,30.8333333333333,-0.05,0,17,1
2016-05-03 18:00:00,140,117.54,22.46,22.46,False,Normal,23.29,14.3,35.73,38.0,4.0,29.0,-0.1,0,18,1
2016-05-03 18:10:00,150,130.36,19.64,19.64,False,Normal,23.3566666666667,14.1833333333333,36.16666666666671,38.33333333333329,4.16666666666667,30.8333333333333,-0.0666666666666667,0,18,1
2016-05-03 18:20:00,120,125.64,-5.64,5.64,False,Normal,23.3566666666667,14.0666666666667,35.5,38.66666666666671,4.3333333333333295,32.66666666666669,-0.0333333333333333,0,18,1
2016-05-03 18:30:00,130,126.84,3.16,3.16,False,Normal,23.39,13.95,35.7333333333333,39.0,4.5,34.5,0.0,0,18,1
2016-05-03 18:40:00,130,118.62,11.38,11.38,False,Normal,23.39,13.8333333333333,35.1333333333333,39.33333333333329,4.66666666666667,36.33333333333329,0.0333333333333333,0,18,1
2016-05-03 18:50:00,130,114.8,15.2,15.2,False,Normal,23.39,13.7166666666667,34.76,39.66666666666671,4.8333333333333295,38.16666666666669,0.0666666666666667,0,18,1
2016-05-03 19:00:00,130,117.23,12.77,12.77,False,Normal,23.39,13.6,34.7,40.0,5.0,40.0,0.1,0,19,1
2016-05-03 19:10:00,170,117.17,52.83,52.83,False,Normal,23.29,13.3833333333333,34.43,40.83333333333329,4.8333333333333295,40.0,0.166666666666667,0,19,1
2016-05-03 19:20:00,210,121.55,88.45,88.45,False,Normal,23.29,13.1666666666667,34.23,41.66666666666671,4.66666666666667,40.0,0.233333333333333,0,19,1
2016-05-03 19:30:00,110,120.5,-10.5,10.5,False,Normal,23.29,12.95,34.1566666666667,42.5,4.5,40.0,0.3,0,19,1
2016-05-03 19:40:00,100,120.71,-20.71,20.71,False,Normal,23.29,12.7333333333333,34.1566666666667,43.33333333333329,4.3333333333333295,40.0,0.366666666666667,0,19,1
2016-05-03 19:50:00,110,113.37,-3.37,3.37,False,Normal,23.29,12.5166666666667,34.03,44.16666666666671,4.16666666666667,40.0,0.43333333333333296,0,19,1
2016-05-03 20:00:00,90,106.44,-16.44,16.44,False,Normal,23.29,12.3,34.09,45.0,4.0,40.0,0.5,0,20,1
2016-05-03 20:10:00,120,138.74,-18.74,18.74,False,Normal,23.2,11.9166666666667,33.9,47.5,3.6666666666666705,40.0,0.85,20,20,1
2016-05-03 20:20:00,130,88.42,41.58,41.58,False,Normal,23.2,11.5333333333333,33.9666666666667,50.0,3.3333333333333295,40.0,1.2,0,20,1
2016-05-03 20:30:00,130,85.19,44.81,44.81,False,Normal,23.2,11.15,34.09,52.5,3.0,40.0,1.55,0,20,1
2016-05-03 20:40:00,120,82.82,37.18,37.18,False,Normal,23.2,10.7666666666667,34.09,55.0,2.66666666666667,40.0,1.9,0,20,1
2016-05-03 20:50:00,120,81.03,38.97,38.97,False,Normal,23.1,10.3833333333333,34.2,57.5,2.3333333333333295,40.0,2.25,0,20,1
2016-05-03 21:00:00,60,103.65,-43.65,43.65,False,Normal,23.1,10.0,34.29,60.0,2.0,40.0,2.6,10,21,1
2016-05-03 21:10:00,60,80.03,-20.03,20.03,False,Normal,23.1,9.71666666666667,34.43,61.0,1.8333333333333297,40.0,2.53333333333333,0,21,1
2016-05-03 21:20:00,50,78.15,-28.15,28.15,False,Normal,23.1,9.43333333333333,34.53,62.0,1.66666666666667,40.0,2.4666666666666694,0,21,1
2016-05-03 21:30:00,60,89.84,-29.84,29.84,False,Normal,23.1,9.15,34.59,63.0,1.5,40.0,2.4,10,21,1
2016-05-03 21:40:00,60,65.35,-5.35,5.35,False,Normal,23.1,8.86666666666667,34.79,64.0,1.33333333333333,40.0,2.3333333333333295,0,21,1
2016-05-03 21:50:00,50,62.02,-12.02,12.02,False,Normal,23.033333333333296,8.58333333333333,34.79,65.0,1.16666666666667,40.0,2.2666666666666706,0,21,1
2016-05-03 22:00:00,60,60.06,-0.06,0.06,False,Normal,23.0,8.3,34.79,66.0,1.0,40.0,2.2,0,22,1
2016-05-03 22:10:00,60,59.7,0.3,0.3,False,Normal,23.0,8.0,34.8633333333333,68.1666666666667,1.0,40.0,2.3333333333333295,0,22,1
2016-05-03 22:20:00,60,62.59,-2.59,2.59,False,Normal,22.963333333333296,7.7,35.0,70.3333333333333,1.0,40.0,2.4666666666666694,0,22,1
2016-05-03 22:30:00,50,64.03,-14.03,14.03,False,Normal,22.89,7.4,35.0,72.5,1.0,40.0,2.6,0,22,1
2016-05-03 22:40:00,40,62.11,-22.11,22.11,False,Normal,22.89,7.1,35.0,74.6666666666667,1.0,40.0,2.7333333333333294,0,22,1
2016-05-03 22:50:00,60,59.96,0.04,0.04,False,Normal,22.823333333333295,6.8,35.0,76.8333333333333,1.0,40.0,2.86666666666667,0,22,1
2016-05-03 23:00:00,50,60.15,-10.15,10.15,False,Normal,22.79,6.5,35.0,79.0,1.0,40.0,3.0,0,23,1
2016-05-03 23:10:00,50,57.33,-7.33,7.33,False,Normal,22.79,6.46666666666667,35.0,78.6666666666667,1.0,40.0,2.93333333333333,0,23,1
2016-05-03 23:20:00,40,56.15,-16.15,16.15,False,Normal,22.79,6.43333333333333,35.0,78.3333333333333,1.0,40.0,2.86666666666667,0,23,1
2016-05-03 23:30:00,30,56.08,-26.08,26.08,False,Normal,22.79,6.4,35.06,78.0,1.0,40.0,2.8,0,23,1
2016-05-03 23:40:00,40,55.42,-15.42,15.42,False,Normal,22.7,6.36666666666667,35.09,77.6666666666667,1.0,40.0,2.7333333333333294,0,23,1
2016-05-03 23:50:00,40,53.58,-13.58,13.58,False,Normal,22.7,6.3333333333333295,35.1725,77.3333333333333,1.0,40.0,2.66666666666667,0,23,1
2016-05-04 00:00:00,40,33.68,6.32,6.32,False,Normal,22.7,6.3,35.2,77.0,1.0,40.0,2.6,0,0,2
2016-05-04 00:10:00,50,33.17,16.83,16.83,False,Normal,22.6,5.96666666666667,35.2,78.3333333333333,1.0,40.0,2.5,0,0,2
2016-05-04 00:20:00,60,33.65,26.35,26.35,False,Normal,22.6,5.633333333333329,35.26,79.6666666666667,1.0,40.0,2.4,0,0,2
2016-05-04 00:30:00,50,36.19,13.81,13.81,False,Normal,22.6,5.3,35.29,81.0,1.0,40.0,2.3,0,0,2
2016-05-04 00:40:00,50,37.11,12.89,12.89,False,Normal,22.533333333333296,4.96666666666667,35.29,82.3333333333333,1.0,40.0,2.2,0,0,2
2016-05-04 00:50:00,60,39.58,20.42,20.42,False,Normal,22.5,4.633333333333329,35.4,83.6666666666667,1.0,40.0,2.1,0,0,2
2016-05-04 01:00:00,60,41.01,18.99,18.99,False,Normal,22.5,4.3,35.4,85.0,1.0,40.0,2.0,0,1,2
2016-05-04 01:10:00,50,44.47,5.53,5.53,False,Normal,22.5,4.25,35.4,85.6666666666667,1.0,40.0,2.06666666666667,0,1,2
2016-05-04 01:20:00,60,44.98,15.02,15.02,False,Normal,22.5,4.2,35.4666666666667,86.3333333333333,1.0,40.0,2.13333333333333,0,1,2
2016-05-04 01:30:00,50,44.28,5.72,5.72,False,Normal,22.39,4.15,35.4,87.0,1.0,40.0,2.2,0,1,2
2016-05-04 01:40:00,50,45.17,4.83,4.83,False,Normal,22.39,4.1,35.4666666666667,87.6666666666667,1.0,40.0,2.2666666666666706,0,1,2
2016-05-04 01:50:00,50,42.59,7.41,7.41,False,Normal,22.39,4.05,35.5,88.3333333333333,1.0,40.0,2.3333333333333295,0,1,2
2016-05-04 02:00:00,50,45.84,4.16,4.16,False,Normal,22.39,4.0,35.5,89.0,1.0,40.0,2.4,0,2,2
2016-05-04 02:10:00,40,46.15,-6.15,6.15,False,Normal,22.3566666666667,3.9166666666666705,35.5,89.0,1.0,40.0,2.31666666666667,0,2,2
2016-05-04 02:20:00,60,46.63,13.37,13.37,False,Normal,22.29,3.8333333333333295,35.5,89.0,1.0,40.0,2.2333333333333294,0,2,2
2016-05-04 02:30:00,60,45.36,14.64,14.64,False,Normal,22.29,3.75,35.53,89.0,1.0,40.0,2.15,0,2,2
2016-05-04 02:40:00,60,48.58,11.42,11.42,False,Normal,22.29,3.6666666666666705,35.59,89.0,1.0,40.0,2.06666666666667,0,2,2
2016-05-04 02:50:00,60,48.93,11.07,11.07,False,Normal,22.2,3.5833333333333295,35.53,89.0,1.0,40.0,1.98333333333333,0,2,2
2016-05-04 03:00:00,50,50.18,-0.18,0.18,False,Normal,22.2,3.5,35.59,89.0,1.0,40.0,1.9,0,3,2
2016-05-04 03:10:00,50,48.79,1.21,1.21,False,Normal,22.2,3.3333333333333295,35.59,89.5,1.0,38.16666666666669,1.8,0,3,2
2016-05-04 03:20:00,50,49.24,0.76,0.76,False,Normal,22.2,3.16666666666667,35.7,90.0,1.0,36.33333333333329,1.7,0,3,2
2016-05-04 03:30:00,20,49.24,-29.24,29.24,False,Normal,22.1333333333333,3.0,35.7,90.5,1.0,34.5,1.6,0,3,2
2016-05-04 03:40:00,30,50.66,-20.66,20.66,False,Normal,22.1,2.8333333333333295,35.7,91.0,1.0,32.66666666666669,1.5,0,3,2
2016-05-04 03:50:00,30,49.8,-19.8,19.8,False,Normal,22.1,2.66666666666667,35.76,91.5,1.0,30.8333333333333,1.4,0,3,2
2016-05-04 04:00:00,30,50.81,-20.81,20.81,False,Normal,22.066666666666695,2.5,35.76,92.0,1.0,29.0,1.3,0,4,2
2016-05-04 04:10:00,60,52.04,7.96,7.96,False,Normal,22.0,2.45,35.7,92.1666666666667,1.0,30.8333333333333,1.26666666666667,0,4,2
2016-05-04 04:20:00,50,50.37,-0.37,0.37,False,Normal,22.0,2.4,35.73,92.3333333333333,1.0,32.66666666666669,1.23333333333333,0,4,2
2016-05-04 04:30:00,60,53.63,6.37,6.37,False,Normal,22.0,2.35,35.79,92.5,1.0,34.5,1.2,0,4,2
2016-05-04 04:40:00,40,58.0,-18.0,18.0,False,Normal,22.0,2.3,35.79,92.6666666666667,1.0,36.33333333333329,1.16666666666667,0,4,2
2016-05-04 04:50:00,60,57.28,2.72,2.72,False,Normal,21.9266666666667,2.25,35.79,92.8333333333333,1.0,38.16666666666669,1.13333333333333,0,4,2
2016-05-04 05:00:00,70,57.64,12.36,12.36,False,Normal,21.89,2.2,35.79,93.0,1.0,40.0,1.1,0,5,2
2016-05-04 05:10:00,70,81.7,-11.7,11.7,False,Normal,21.89,2.11666666666667,35.93,93.1666666666667,1.0,40.0,1.06666666666667,10,5,2
2016-05-04 05:20:00,70,51.96,18.04,18.04,False,Normal,21.89,2.03333333333333,36.433333333333294,93.3333333333333,1.0,40.0,1.03333333333333,0,5,2
2016-05-04 05:30:00,70,42.63,27.37,27.37,False,Normal,21.89,1.95,36.56,93.5,1.0,40.0,1.0,0,5,2
2016-05-04 05:40:00,70,62.64,7.36,7.36,False,Normal,21.89,1.86666666666667,36.79,93.6666666666667,1.0,40.0,0.966666666666667,10,5,2
2016-05-04 05:50:00,50,42.79,7.21,7.21,False,Normal,21.89,1.78333333333333,36.79,93.8333333333333,1.0,40.0,0.933333333333333,0,5,2
2016-05-04 06:00:00,70,49.69,20.31,20.31,False,Normal,21.89,1.7,36.8,94.0,1.0,40.0,0.9,0,6,2
2016-05-04 06:10:00,280,55.38,224.62,224.62,True,Moderate,21.89,1.78333333333333,36.8,94.0,1.0,37.83333333333329,0.966666666666667,0,6,2
2016-05-04 06:20:00,150,56.51,93.49,93.49,False,Normal,21.89,1.86666666666667,36.4666666666667,94.0,1.0,35.66666666666669,1.03333333333333,0,6,2
2016-05-04 06:30:00,60,58.43,1.57,1.57,False,Normal,21.89,1.95,36.295,94.0,1.0,33.5,1.1,0,6,2
2016-05-04 06:40:00,70,62.09,7.91,7.91,False,Normal,21.89,2.03333333333333,36.1266666666667,94.0,1.0,31.3333333333333,1.16666666666667,0,6,2
2016-05-04 06:50:00,60,60.7,-0.7,0.7,False,Normal,21.89,2.11666666666667,35.9666666666667,94.0,1.0,29.166666666666696,1.23333333333333,0,6,2
2016-05-04 07:00:00,70,63.98,6.02,6.02,False,Normal,21.89,2.2,35.8266666666667,94.0,1.0,27.0,1.3,0,7,2
2016-05-04 07:10:00,50,62.62,-12.62,12.62,False,Normal,21.89,2.85,35.79,92.1666666666667,1.0,27.3333333333333,1.65,0,7,2
2016-05-04 07:20:00,60,61.01,-1.01,1.01,False,Normal,21.89,3.5,35.79,90.3333333333333,1.0,27.666666666666696,2.0,0,7,2
2016-05-04 07:30:00,50,61.69,-11.69,11.69,False,Normal,21.79,4.15,35.73,88.5,1.0,28.0,2.35,0,7,2
2016-05-04 07:40:00,50,64.05,-14.05,14.05,False,Normal,21.79,4.8,35.73,86.6666666666667,1.0,28.3333333333333,2.7,0,7,2
2016-05-04 07:50:00,80,63.89,16.11,16.11,False,Normal,21.79,5.45,35.7,84.8333333333333,1.0,28.666666666666696,3.05,0,7,2
2016-05-04 08:00:00,60,88.8,-28.8,28.8,False,Normal,21.79,6.1,35.7,83.0,1.0,29.0,3.4,10,8,2
2016-05-04 08:10:00,370,76.42,293.58,293.58,True,Moderate,21.823333333333295,6.6,35.79,80.5,1.0,30.8333333333333,3.41666666666667,0,8,2
2016-05-04 08:20:00,400,80.79,319.21,319.21,True,High,21.823333333333295,7.1,35.79,78.0,1.0,32.66666666666669,3.43333333333333,0,8,2
2016-05-04 08:30:00,70,85.07,-15.07,15.07,False,Normal,21.89,7.599999999999999,36.1333333333333,75.5,1.0,34.5,3.45,0,8,2
2016-05-04 08:40:00,70,93.0,-23.0,23.0,False,Normal,21.89,8.099999999999998,36.6,73.0,1.0,36.33333333333329,3.4666666666666694,0,8,2
2016-05-04 08:50:00,80,92.6,-12.6,12.6,False,Normal,22.0,8.599999999999998,36.7666666666667,70.5,1.0,38.16666666666669,3.4833333333333294,0,8,2
2016-05-04 09:00:00,90,89.1,0.9,0.9,False,Normal,22.0,9.1,36.9666666666667,68.0,1.0,40.0,3.5,0,9,2
2016-05-04 09:10:00,70,102.82,-32.82,32.82,False,Normal,22.1,9.43333333333333,37.3,67.1666666666667,1.16666666666667,40.0,3.61666666666667,10,9,2
2016-05-04 09:20:00,80,94.7,-14.7,14.7,False,Normal,22.1,9.76666666666667,37.6333333333333,66.3333333333333,1.33333333333333,40.0,3.7333333333333294,0,9,2
2016-05-04 09:30:00,60,126.16,-66.16,66.16,False,Normal,22.2,10.1,38.0,65.5,1.5,40.0,3.85,10,9,2
2016-05-04 09:40:00,50,131.08,-81.08,81.08,False,Normal,22.2675,10.4333333333333,38.1725,64.6666666666667,1.66666666666667,40.0,3.9666666666666694,10,9,2
2016-05-04 09:50:00,80,124.37,-44.37,44.37,False,Normal,22.29,10.7666666666667,38.89,63.83333333333329,1.8333333333333297,40.0,4.0833333333333295,0,9,2
2016-05-04 10:00:00,80,149.95,-69.95,69.95,False,Normal,22.4266666666667,11.1,40.4266666666667,63.0,2.0,40.0,4.2,0,10,2
2016-05-04 10:10:00,80,151.49,-71.49,71.49,False,Normal,22.5,11.4333333333333,40.293333333333294,61.0,2.16666666666667,40.0,4.01666666666667,0,10,2
2016-05-04 10:20:00,80,154.66,-74.66,74.66,False,Normal,22.5,11.7666666666667,40.03,59.0,2.3333333333333295,40.0,3.8333333333333295,0,10,2
2016-05-04 10:30:00,120,148.38,-28.38,28.38,False,Normal,22.5,12.1,39.4233333333333,57.0,2.5,40.0,3.65,0,10,2
2016-05-04 10:40:00,90,155.2,-65.2,65.2,False,Normal,22.6,12.4333333333333,37.9,55.0,2.66666666666667,40.0,3.4666666666666694,10,10,2
2016-05-04 10:50:00,50,140.57,-90.57,90.57,False,Normal,22.533333333333296,12.7666666666667,35.8266666666667,53.0,2.8333333333333295,40.0,3.28333333333333,10,10,2
2016-05-04 11:00:00,70,120.66,-50.66,50.66,False,Normal,22.5,13.1,34.7566666666667,51.0,3.0,40.0,3.1,0,11,2
2016-05-04 11:10:00,60,98.38,-38.38,38.38,False,Normal,22.5,13.3166666666667,33.3633333333333,50.0,3.0,40.0,3.0166666666666706,0,11,2
2016-05-04 11:20:00,90,116.98,-26.98,26.98,False,Normal,22.5,13.5333333333333,32.5,49.0,3.0,40.0,2.93333333333333,10,11,2
2016-05-04 11:30:00,80,93.46,-13.46,13.46,False,Normal,22.5,13.75,32.2266666666667,48.0,3.0,40.0,2.85,0,11,2
2016-05-04 11:40:00,80,85.38,-5.38,5.38,False,Normal,22.5,13.9666666666667,32.1933333333333,47.0,3.0,40.0,2.7666666666666706,0,11,2
2016-05-04 11:50:00,80,85.89,-5.89,5.89,False,Normal,22.566666666666695,14.1833333333333,32.4666666666667,46.0,3.0,40.0,2.68333333333333,0,11,2
2016-05-04 12:00:00,60,101.43,-41.43,41.43,False,Normal,22.6,14.4,32.6933333333333,45.0,3.0,40.0,2.6,10,12,2
2016-05-04 12:10:00,70,84.37,-14.37,14.37,False,Normal,22.6,14.4166666666667,32.9666666666667,44.16666666666671,2.8333333333333295,40.0,2.3333333333333295,0,12,2
2016-05-04 12:20:00,60,84.39,-24.39,24.39,False,Normal,22.6333333333333,14.4333333333333,33.1266666666667,43.33333333333329,2.66666666666667,40.0,2.06666666666667,0,12,2
2016-05-04 12:30:00,60,106.95,-46.95,46.95,False,Normal,22.7,14.45,33.26,42.5,2.5,40.0,1.8,10,12,2
2016-05-04 12:40:00,70,87.21,-17.21,17.21,False,Normal,22.79,14.4666666666667,33.4333333333333,41.66666666666671,2.3333333333333295,40.0,1.53333333333333,0,12,2
2016-05-04 12:50:00,70,89.07,-19.07,19.07,False,Normal,22.79,14.4833333333333,33.56,40.83333333333329,2.16666666666667,40.0,1.26666666666667,0,12,2
2016-05-04 13:00:00,80,92.79,-12.79,12.79,False,Normal,22.89,14.5,33.745,40.0,2.0,40.0,1.0,0,13,2
2016-05-04 13:10:00,70,113.59,-43.59,43.59,False,Normal,22.9266666666667,14.6666666666667,33.8266666666667,39.33333333333329,2.16666666666667,40.0,0.9166666666666669,10,13,2
2016-05-04 13:20:00,70,92.57,-22.57,22.57,False,Normal,23.0,14.8333333333333,33.9,38.66666666666671,2.3333333333333295,40.0,0.8333333333333329,0,13,2
2016-05-04 13:30:00,70,93.89,-23.89,23.89,False,Normal,23.033333333333296,15.0,34.03,38.0,2.5,40.0,0.75,0,13,2
2016-05-04 13:40:00,60,115.72,-55.72,55.72,False,Normal,23.1,15.1666666666667,34.09,37.33333333333329,2.66666666666667,40.0,0.666666666666667,10,13,2
2016-05-04 13:50:00,70,95.66,-25.66,25.66,False,Normal,23.2,15.3333333333333,34.2,36.66666666666671,2.8333333333333295,40.0,0.5833333333333329,0,13,2
2016-05-04 14:00:00,60,98.79,-38.79,38.79,False,Normal,23.2,15.5,34.2,36.0,3.0,40.0,0.5,0,14,2
2016-05-04 14:10:00,70,118.71,-48.71,48.71,False,Normal,23.29,15.45,34.3633333333333,35.8333333333333,3.0,40.0,0.4,10,14,2
2016-05-04 14:20:00,70,99.57,-29.57,29.57,False,Normal,23.29,15.4,34.3633333333333,35.6666666666667,3.0,40.0,0.3,0,14,2
2016-05-04 14:30:00,70,102.01,-32.01,32.01,False,Normal,23.39,15.35,34.4,35.5,3.0,40.0,0.2,0,14,2
2016-05-04 14:40:00,80,103.74,-23.74,23.74,False,Normal,23.39,15.3,34.4,35.3333333333333,3.0,40.0,0.1,0,14,2
2016-05-04 14:50:00,70,125.97,-55.97,55.97,False,Normal,23.5,15.25,34.53,35.1666666666667,3.0,40.0,0.0,10,14,2
2016-05-04 15:00:00,80,105.27,-25.27,25.27,False,Normal,23.5,15.2,34.59,35.0,3.0,40.0,-0.1,0,15,2
2016-05-04 15:10:00,70,105.66,-35.66,35.66,False,Normal,23.5,15.2833333333333,34.59,35.0,3.16666666666667,40.0,-0.0333333333333333,0,15,2
2016-05-04 15:20:00,70,104.19,-34.19,34.19,False,Normal,23.566666666666695,15.3666666666667,34.59,35.0,3.3333333333333295,40.0,0.0333333333333333,0,15,2
2016-05-04 15:30:00,50,101.62,-51.62,51.62,False,Normal,23.6,15.45,34.7666666666667,35.0,3.5,40.0,0.1,0,15,2
2016-05-04 15:40:00,60,98.5,-38.5,38.5,False,Normal,23.6,15.5333333333333,34.9666666666667,35.0,3.6666666666666705,40.0,0.166666666666667,0,15,2
2016-05-04 15:50:00,80,90.66,-10.66,10.66,False,Normal,23.6333333333333,15.6166666666667,34.9333333333333,35.0,3.8333333333333295,40.0,0.233333333333333,0,15,2
2016-05-04 16:00:00,90,91.11,-1.11,1.11,False,Normal,23.7,15.7,34.9333333333333,35.0,4.0,40.0,0.3,0,16,2
2016-05-04 16:10:00,90,90.11,-0.11,0.11,False,Normal,23.7,15.7666666666667,34.6233333333333,35.0,4.0,40.0,0.35,0,16,2
2016-05-04 16:20:00,80,84.99,-4.99,4.99,False,Normal,23.7,15.8333333333333,33.6675,35.0,4.0,40.0,0.4,0,16,2
2016-05-04 16:30:00,80,85.33,-5.33,5.33,False,Normal,23.7,15.9,32.7333333333333,35.0,4.0,40.0,0.45,0,16,2
2016-05-04 16:40:00,70,87.09,-17.09,17.09,False,Normal,23.7,15.9666666666667,31.9266666666667,35.0,4.0,40.0,0.5,0,16,2
2016-05-04 16:50:00,80,88.81,-8.81,8.81,False,Normal,23.7,16.0333333333333,31.2666666666667,35.0,4.0,40.0,0.55,0,16,2
2016-05-04 17:00:00,90,93.13,-3.13,3.13,False,Normal,23.7,16.1,30.8566666666667,35.0,4.0,40.0,0.6,0,17,2
2016-05-04 17:10:00,90,96.98,-6.98,6.98,False,Normal,23.7,16.1,30.663333333333295,34.8333333333333,3.8333333333333295,40.0,0.55,0,17,2
2016-05-04 17:20:00,130,112.62,17.38,17.38,False,Normal,23.7,16.1,31.4266666666667,34.6666666666667,3.6666666666666705,40.0,0.5,0,17,2
2016-05-04 17:30:00,120,110.31,9.69,9.69,False,Normal,23.7,16.1,31.4933333333333,34.5,3.5,40.0,0.45,0,17,2
2016-05-04 17:40:00,130,100.56,29.44,29.44,False,Normal,23.7,16.1,31.323333333333295,34.3333333333333,3.3333333333333295,40.0,0.4,0,17,2
2016-05-04 17:50:00,120,99.56,20.44,20.44,False,Normal,23.7,16.1,31.53,34.1666666666667,3.16666666666667,40.0,0.35,0,17,2
2016-05-04 18:00:00,130,106.42,23.58,23.58,False,Normal,23.76,16.1,31.963333333333296,34.0,3.0,40.0,0.3,0,18,2
2016-05-04 18:10:00,120,106.99,13.01,13.01,False,Normal,23.76,16.0166666666667,31.963333333333296,35.0,3.16666666666667,40.0,0.566666666666667,0,18,2
2016-05-04 18:20:00,200,110.51,89.49,89.49,False,Normal,23.79,15.9333333333333,32.2266666666667,36.0,3.3333333333333295,40.0,0.8333333333333329,0,18,2
2016-05-04 18:30:00,120,125.37,-5.37,5.37,False,Normal,23.79,15.85,33.36,37.0,3.5,40.0,1.1,0,18,2
2016-05-04 18:40:00,110,125.14,-15.14,15.14,False,Normal,23.79,15.7666666666667,33.6633333333333,38.0,3.6666666666666705,40.0,1.36666666666667,0,18,2
2016-05-04 18:50:00,120,120.62,-0.62,0.62,False,Normal,23.79,15.6833333333333,33.59,39.0,3.8333333333333295,40.0,1.63333333333333,0,18,2
2016-05-04 19:00:00,130,121.71,8.29,8.29,False,Normal,23.79,15.6,33.4666666666667,40.0,4.0,40.0,1.9,0,19,2
2016-05-04 19:10:00,130,118.44,11.56,11.56,False,Normal,23.79,15.4333333333333,33.3266666666667,40.66666666666671,3.8333333333333295,40.0,1.98333333333333,0,19,2
2016-05-04 19:20:00,110,125.0,-15.0,15.0,False,Normal,23.76,15.2666666666667,33.2,41.33333333333329,3.6666666666666705,40.0,2.06666666666667,0,19,2
2016-05-04 19:30:00,120,126.21,-6.21,6.21,False,Normal,23.7,15.1,33.2,42.0,3.5,40.0,2.15,0,19,2
2016-05-04 19:40:00,90,118.35,-28.35,28.35,False,Normal,23.7,14.9333333333333,33.09,42.66666666666671,3.3333333333333295,40.0,2.2333333333333294,0,19,2
2016-05-04 19:50:00,90,115.68,-25.68,25.68,False,Normal,23.7,14.7666666666667,33.2,43.33333333333329,3.16666666666667,40.0,2.31666666666667,0,19,2
2016-05-04 20:00:00,80,103.87,-23.87,23.87,False,Normal,23.7,14.6,33.2,44.0,3.0,40.0,2.4,0,20,2
2016-05-04 20:10:00,80,98.26,-18.26,18.26,False,Normal,23.7,14.2166666666667,33.23,45.66666666666671,3.0,40.0,2.5166666666666706,0,20,2
2016-05-04 20:20:00,100,90.78,9.22,9.22,False,Normal,23.7,13.8333333333333,33.23,47.33333333333329,3.0,40.0,2.63333333333333,0,20,2
2016-05-04 20:30:00,110,86.75,23.25,23.25,False,Normal,23.6,13.45,33.2,49.0,3.0,40.0,2.75,0,20,2
2016-05-04 20:40:00,110,83.41,26.59,26.59,False,Normal,23.6,13.0666666666667,33.26,50.66666666666671,3.0,40.0,2.86666666666667,0,20,2
2016-05-04 20:50:00,120,79.89,40.11,40.11,False,Normal,23.6,12.6833333333333,33.3266666666667,52.33333333333329,3.0,40.0,2.9833333333333294,0,20,2
2016-05-04 21:00:00,80,78.09,1.91,1.91,False,Normal,23.533333333333296,12.3,33.5266666666667,54.0,3.0,40.0,3.1,0,21,2
2016-05-04 21:10:00,80,76.66,3.34,3.34,False,Normal,23.5,12.0166666666667,33.7,54.66666666666671,3.0,40.0,3.03333333333333,0,21,2
2016-05-04 21:20:00,80,74.29,5.71,5.71,False,Normal,23.5,11.7333333333333,33.7,55.33333333333329,3.0,40.0,2.9666666666666694,0,21,2
2016-05-04 21:30:00,70,74.14,-4.14,4.14,False,Normal,23.5,11.45,33.79,56.0,3.0,40.0,2.9,0,21,2
2016-05-04 21:40:00,80,73.02,6.98,6.98,False,Normal,23.4266666666667,11.1666666666667,33.73,56.66666666666671,3.0,40.0,2.8333333333333295,0,21,2
2016-05-04 21:50:00,60,72.78,-12.78,12.78,False,Normal,23.39,10.8833333333333,33.79,57.33333333333329,3.0,40.0,2.7666666666666706,0,21,2
2016-05-04 22:00:00,50,71.97,-21.97,21.97,False,Normal,23.39,10.6,33.79,58.0,3.0,40.0,2.7,0,22,2
2016-05-04 22:10:00,70,67.45,2.55,2.55,False,Normal,23.39,10.4666666666667,33.8266666666667,58.33333333333329,2.8333333333333295,40.0,2.65,0,22,2
2016-05-04 22:20:00,50,65.4,-15.4,15.4,False,Normal,23.323333333333295,10.3333333333333,33.9,58.66666666666671,2.66666666666667,40.0,2.6,0,22,2
2016-05-04 22:30:00,60,91.34,-31.34,31.34,False,Normal,23.29,10.2,34.2666666666667,59.0,2.5,40.0,2.55,10,22,2
2016-05-04 22:40:00,50,74.27,-24.27,24.27,False,Normal,23.29,10.0666666666667,34.3266666666667,59.33333333333329,2.3333333333333295,40.0,2.5,0,22,2
2016-05-04 22:50:00,50,73.96,-23.96,23.96,False,Normal,23.29,9.93333333333333,34.3266666666667,59.66666666666671,2.16666666666667,40.0,2.45,0,22,2
2016-05-04 23:00:00,60,73.73,-13.73,13.73,False,Normal,23.2225,9.8,34.345,60.0,2.0,40.0,2.4,0,23,2
2016-05-04 23:10:00,50,72.09,-22.09,22.09,False,Normal,23.2,9.61666666666667,34.4,60.66666666666671,2.0,40.0,2.36666666666667,0,23,2
2016-05-04 23:20:00,50,74.4,-24.4,24.4,False,Normal,23.2,9.43333333333333,34.5,61.33333333333329,2.0,40.0,2.3333333333333295,0,23,2
2016-05-04 23:30:00,60,73.56,-13.56,13.56,False,Normal,23.2,9.25,34.5,62.0,2.0,40.0,2.3,0,23,2
2016-05-04 23:40:00,50,74.66,-24.66,24.66,False,Normal,23.1,9.06666666666667,34.5,62.66666666666671,2.0,40.0,2.2666666666666706,0,23,2
2016-05-04 23:50:00,60,74.13,-14.13,14.13,False,Normal,23.1,8.88333333333333,34.5,63.33333333333329,2.0,40.0,2.2333333333333294,0,23,2
2016-05-05 00:00:00,40,55.06,-15.06,15.06,False,Normal,23.1,8.699999999999998,34.59,64.0,2.0,40.0,2.2,0,0,3
2016-05-05 00:10:00,40,52.45,-12.45,12.45,False,Normal,23.1,8.58333333333333,34.59,64.1666666666667,2.0,40.0,2.11666666666667,0,0,3
2016-05-05 00:20:00,20,52.42,-32.42,32.42,False,Normal,23.1,8.46666666666667,34.59,64.3333333333333,2.0,40.0,2.03333333333333,0,0,3
2016-05-05 00:30:00,40,51.08,-11.08,11.08,False,Normal,23.033333333333296,8.349999999999998,34.53,64.5,2.0,40.0,1.95,0,0,3
2016-05-05 00:40:00,50,46.83,3.17,3.17,False,Normal,23.0,8.233333333333329,34.53,64.6666666666667,2.0,40.0,1.86666666666667,0,0,3
2016-05-05 00:50:00,50,43.6,6.4,6.4,False,Normal,23.0,8.11666666666667,34.59,64.8333333333333,2.0,40.0,1.78333333333333,0,0,3
2016-05-05 01:00:00,50,45.94,4.06,4.06,False,Normal,23.0,8.0,34.59,65.0,2.0,40.0,1.7,0,1,3
2016-05-05 01:10:00,60,45.52,14.48,14.48,False,Normal,23.0,7.8,34.59,66.3333333333333,2.16666666666667,40.0,1.78333333333333,0,1,3
2016-05-05 01:20:00,60,53.24,6.76,6.76,False,Normal,22.89,7.599999999999999,34.59,67.6666666666667,2.3333333333333295,40.0,1.86666666666667,0,1,3
2016-05-05 01:30:00,60,53.45,6.55,6.55,False,Normal,22.89,7.4,34.59,69.0,2.5,40.0,1.95,0,1,3
2016-05-05 01:40:00,60,56.87,3.13,3.13,False,Normal,22.8566666666667,7.2,34.56,70.3333333333333,2.66666666666667,40.0,2.03333333333333,0,1,3
2016-05-05 01:50:00,50,58.67,-8.67,8.67,False,Normal,22.8566666666667,7.0,34.6333333333333,71.6666666666667,2.8333333333333295,40.0,2.11666666666667,0,1,3
2016-05-05 02:00:00,50,59.15,-9.15,9.15,False,Normal,22.79,6.8,34.56,73.0,3.0,40.0,2.2,0,2,3
2016-05-05 02:10:00,50,57.45,-7.45,7.45,False,Normal,22.79,6.86666666666667,34.56,72.3333333333333,3.16666666666667,40.0,2.13333333333333,0,2,3
2016-05-05 02:20:00,40,58.86,-18.86,18.86,False,Normal,22.79,6.93333333333333,34.59,71.6666666666667,3.3333333333333295,40.0,2.06666666666667,0,2,3
2016-05-05 02:30:00,50,56.44,-6.44,6.44,False,Normal,22.7,7.0,34.59,71.0,3.5,40.0,2.0,0,2,3
2016-05-05 02:40:00,60,55.31,4.69,4.69,False,Normal,22.7,7.06666666666667,34.59,70.3333333333333,3.6666666666666705,40.0,1.93333333333333,0,2,3
2016-05-05 02:50:00,60,53.41,6.59,6.59,False,Normal,22.7,7.133333333333329,34.59,69.6666666666667,3.8333333333333295,40.0,1.86666666666667,0,2,3
2016-05-05 03:00:00,60,53.09,6.91,6.91,False,Normal,22.7,7.2,34.59,69.0,4.0,40.0,1.8,0,3,3
2016-05-05 03:10:00,60,54.63,5.37,5.37,False,Normal,22.6666666666667,7.06666666666667,34.59,69.5,3.8333333333333295,40.0,1.78333333333333,0,3,3
2016-05-05 03:20:00,60,57.97,2.03,2.03,False,Normal,22.6,6.93333333333333,34.59,70.0,3.6666666666666705,40.0,1.76666666666667,0,3,3
2016-05-05 03:30:00,50,59.21,-9.21,9.21,False,Normal,22.6,6.8,34.59,70.5,3.5,40.0,1.75,0,3,3
2016-05-05 03:40:00,50,58.48,-8.48,8.48,False,Normal,22.6,6.66666666666667,34.59,71.0,3.3333333333333295,40.0,1.73333333333333,0,3,3
2016-05-05 03:50:00,50,57.16,-7.16,7.16,False,Normal,22.6,6.53333333333333,34.59,71.5,3.16666666666667,40.0,1.71666666666667,0,3,3
2016-05-05 04:00:00,40,56.14,-16.14,16.14,False,Normal,22.533333333333296,6.4,34.59,72.0,3.0,40.0,1.7,0,4,3
2016-05-05 04:10:00,50,61.33,-11.33,11.33,False,Normal,22.5,6.16666666666667,34.7,73.1666666666667,2.8333333333333295,40.0,1.7,0,4,3
2016-05-05 04:20:00,60,58.66,1.34,1.34,False,Normal,22.5,5.93333333333333,34.7,74.3333333333333,2.66666666666667,40.0,1.7,0,4,3
2016-05-05 04:30:00,50,60.59,-10.59,10.59,False,Normal,22.5,5.7,34.7,75.5,2.5,40.0,1.7,0,4,3
2016-05-05 04:40:00,60,63.61,-3.61,3.61,False,Normal,22.5,5.46666666666667,34.7,76.6666666666667,2.3333333333333295,40.0,1.7,0,4,3
2016-05-05 04:50:00,50,63.89,-13.89,13.89,False,Normal,22.39,5.23333333333333,34.59,77.8333333333333,2.16666666666667,40.0,1.7,0,4,3
2016-05-05 05:00:00,30,68.7,-38.7,38.7,False,Normal,22.39,5.0,34.6633333333333,79.0,2.0,40.0,1.7,0,5,3
2016-05-05 05:10:00,20,69.02,-49.02,49.02,False,Normal,22.39,4.86666666666667,34.7,79.5,2.0,40.0,1.63333333333333,0,5,3
2016-05-05 05:20:00,30,69.89,-39.89,39.89,False,Normal,22.39,4.73333333333333,34.7,80.0,2.0,40.0,1.56666666666667,0,5,3
2016-05-05 05:30:00,30,70.2,-40.2,40.2,False,Normal,22.29,4.6,34.7,80.5,2.0,40.0,1.5,0,5,3
2016-05-05 05:40:00,50,68.15,-18.15,18.15,False,Normal,22.29,4.46666666666667,34.7225,81.0,2.0,40.0,1.43333333333333,0,5,3
2016-05-05 05:50:00,70,71.06,-1.06,1.06,False,Normal,22.29,4.3333333333333295,34.79,81.5,2.0,40.0,1.36666666666667,0,5,3
2016-05-05 06:00:00,60,71.04,-11.04,11.04,False,Normal,22.26,4.2,34.76,82.0,2.0,40.0,1.3,0,6,3
2016-05-05 06:10:00,60,69.92,-9.92,9.92,False,Normal,22.2,4.383333333333329,34.7,80.8333333333333,2.16666666666667,40.0,1.28333333333333,0,6,3
2016-05-05 06:20:00,50,73.49,-23.49,23.49,False,Normal,22.2,4.56666666666667,34.7,79.6666666666667,2.3333333333333295,40.0,1.26666666666667,0,6,3
2016-05-05 06:30:00,60,73.93,-13.93,13.93,False,Normal,22.2,4.75,34.7,78.5,2.5,40.0,1.25,0,6,3
2016-05-05 06:40:00,50,76.7,-26.7,26.7,False,Normal,22.2,4.93333333333333,34.73,77.3333333333333,2.66666666666667,40.0,1.23333333333333,0,6,3
2016-05-05 06:50:00,70,71.32,-1.32,1.32,False,Normal,22.2,5.11666666666667,34.8633333333333,76.1666666666667,2.8333333333333295,40.0,1.21666666666667,0,6,3
2016-05-05 07:00:00,170,70.87,99.13,99.13,False,Normal,22.23,5.3,35.4566666666667,75.0,3.0,40.0,1.2,0,7,3
2016-05-05 07:10:00,400,73.04,326.96,326.96,True,High,22.29,5.75,35.8633333333333,73.5,2.8333333333333295,40.0,1.33333333333333,0,7,3
2016-05-05 07:20:00,150,80.77,69.23,69.23,False,Normal,22.23,6.2,36.03,72.0,2.66666666666667,40.0,1.46666666666667,0,7,3
2016-05-05 07:30:00,70,83.96,-13.96,13.96,False,Normal,22.29,6.65,36.09,70.5,2.5,40.0,1.6,0,7,3
2016-05-05 07:40:00,110,114.34,-4.34,4.34,False,Normal,22.29,7.1,36.0266666666667,69.0,2.3333333333333295,40.0,1.73333333333333,10,7,3
2016-05-05 07:50:00,100,96.39,3.61,3.61,False,Normal,22.29,7.55,35.9,67.5,2.16666666666667,40.0,1.86666666666667,0,7,3
2016-05-05 08:00:00,120,101.3,18.7,18.7,False,Normal,22.29,8.0,35.7233333333333,66.0,2.0,40.0,2.0,0,8,3
2016-05-05 08:10:00,80,112.8,-32.8,32.8,False,Normal,22.29,8.55,35.4633333333333,63.83333333333329,2.16666666666667,40.0,1.98333333333333,0,8,3
2016-05-05 08:20:00,90,133.76,-43.76,43.76,False,Normal,22.29,9.1,34.6,61.66666666666671,2.3333333333333295,40.0,1.9666666666666697,0,8,3
2016-05-05 08:30:00,120,140.24,-20.24,20.24,False,Normal,22.29,9.65,33.6666666666667,59.5,2.5,40.0,1.95,10,8,3
2016-05-05 08:40:00,390,115.84,274.16,274.16,True,Moderate,22.29,10.2,33.7333333333333,57.33333333333329,2.66666666666667,40.0,1.93333333333333,0,8,3
2016-05-05 08:50:00,240,121.45,118.55,118.55,False,Normal,22.29,10.75,34.0725,55.16666666666671,2.8333333333333295,40.0,1.91666666666667,0,8,3
2016-05-05 09:00:00,120,118.27,1.73,1.73,False,Normal,22.29,11.3,33.63,53.0,3.0,40.0,1.9,0,9,3
2016-05-05 09:10:00,70,114.5,-44.5,44.5,False,Normal,22.323333333333295,11.6333333333333,32.9,52.16666666666671,3.3333333333333295,40.0,1.98333333333333,0,9,3
2016-05-05 09:20:00,90,114.31,-24.31,24.31,False,Normal,22.39,11.9666666666667,32.76,51.33333333333329,3.6666666666666705,40.0,2.06666666666667,0,9,3
2016-05-05 09:30:00,80,113.82,-33.82,33.82,False,Normal,22.39,12.3,32.4,50.5,4.0,40.0,2.15,0,9,3
2016-05-05 09:40:00,70,106.15,-36.15,36.15,False,Normal,22.39,12.6333333333333,32.2,49.66666666666671,4.3333333333333295,40.0,2.2333333333333294,0,9,3
2016-05-05 09:50:00,80,124.67,-44.67,44.67,False,Normal,22.39,12.9666666666667,32.29,48.83333333333329,4.66666666666667,40.0,2.31666666666667,10,9,3
2016-05-05 10:00:00,110,107.65,2.35,2.35,False,Normal,22.39,13.3,32.3633333333333,48.0,5.0,40.0,2.4,0,10,3
2016-05-05 10:10:00,90,102.46,-12.46,12.46,False,Normal,22.5,13.5833333333333,32.53,46.5,5.0,40.0,2.2,0,10,3
2016-05-05 10:20:00,100,104.58,-4.58,4.58,False,Normal,22.5,13.8666666666667,32.6633333333333,45.0,5.0,40.0,2.0,0,10,3
2016-05-05 10:30:00,100,134.2,-34.2,34.2,False,Normal,22.5,14.15,32.86,43.5,5.0,40.0,1.8,10,10,3
2016-05-05 10:40:00,100,131.69,-31.69,31.69,False,Normal,22.5,14.4333333333333,33.2666666666667,42.0,5.0,40.0,1.6,0,10,3
2016-05-05 10:50:00,80,127.13,-47.13,47.13,False,Normal,22.6,14.7166666666667,31.733333333333295,40.5,5.0,40.0,1.4,0,10,3
2016-05-05 11:00:00,80,130.81,-50.81,50.81,False,Normal,22.6,15.0,30.593333333333305,39.0,5.0,40.0,1.2,0,11,3
2016-05-05 11:10:00,90,137.6,-47.6,47.6,False,Normal,22.6333333333333,15.2166666666667,29.4666666666667,38.5,4.66666666666667,40.0,1.16666666666667,0,11,3
2016-05-05 11:20:00,90,135.93,-45.93,45.93,False,Normal,22.6333333333333,15.4333333333333,28.593333333333305,38.0,4.3333333333333295,40.0,1.13333333333333,0,11,3
2016-05-05 11:30:00,90,136.35,-46.35,46.35,False,Normal,22.7,15.65,28.593333333333305,37.5,4.0,40.0,1.1,0,11,3
2016-05-05 11:40:00,90,156.84,-66.84,66.84,False,Normal,22.7,15.8666666666667,29.0,37.0,3.6666666666666705,40.0,1.06666666666667,10,11,3
2016-05-05 11:50:00,90,121.77,-31.77,31.77,False,Normal,22.7,16.0833333333333,28.656666666666695,36.5,3.3333333333333295,40.0,1.03333333333333,0,11,3
2016-05-05 12:00:00,90,110.12,-20.12,20.12,False,Normal,22.76,16.3,28.463333333333296,36.0,3.0,40.0,1.0,0,12,3
2016-05-05 12:10:00,160,114.09,45.91,45.91,False,Normal,22.84,16.4666666666667,27.545,35.3333333333333,3.16666666666667,38.0,0.9,10,12,3
2016-05-05 12:20:00,140,87.34,52.66,52.66,False,Normal,22.89,16.6333333333333,27.36,34.6666666666667,3.3333333333333295,36.0,0.8,0,12,3
2016-05-05 12:30:00,80,85.9,-5.9,5.9,False,Normal,22.963333333333296,16.8,27.233333333333295,34.0,3.5,34.0,0.7,0,12,3
2016-05-05 12:40:00,70,102.71,-32.71,32.71,False,Normal,23.0,16.9666666666667,27.0233333333333,33.3333333333333,3.6666666666666705,32.0,0.6,10,12,3
2016-05-05 12:50:00,80,90.31,-10.31,10.31,False,Normal,23.066666666666695,17.1333333333333,27.43,32.6666666666667,3.8333333333333295,30.0,0.5,0,12,3
2016-05-05 13:00:00,30,98.72,-68.72,68.72,False,Normal,23.1,17.3,27.96,32.0,4.0,28.0,0.4,0,13,3
2016-05-05 13:10:00,30,100.08,-70.08,70.08,False,Normal,23.1,17.3333333333333,28.2933333333333,31.3333333333333,4.0,30.0,0.1,0,13,3
2016-05-05 13:20:00,40,94.94,-54.94,54.94,False,Normal,23.2,17.3666666666667,28.73,30.6666666666667,4.0,32.0,-0.2,0,13,3
2016-05-05 13:30:00,20,91.25,-71.25,71.25,False,Normal,23.26,17.4,28.996666666666705,30.0,4.0,34.0,-0.5,0,13,3
2016-05-05 13:40:00,70,88.29,-18.29,18.29,False,Normal,23.323333333333295,17.4333333333333,29.4266666666667,29.3333333333333,4.0,36.0,-0.8,0,13,3
2016-05-05 13:50:00,60,86.19,-26.19,26.19,False,Normal,23.39,17.4666666666667,29.6333333333333,28.6666666666667,4.0,38.0,-1.1,0,13,3
2016-05-05 14:00:00,60,91.26,-31.26,31.26,False,Normal,23.5,17.5,30.066666666666695,28.0,4.0,40.0,-1.4,0,14,3
2016-05-05 14:10:00,60,90.91,-30.91,30.91,False,Normal,23.5,17.8166666666667,30.26,28.1666666666667,3.8333333333333295,40.0,-1.03333333333333,0,14,3
2016-05-05 14:20:00,60,85.74,-25.74,25.74,False,Normal,23.6,18.1333333333333,30.4,28.3333333333333,3.6666666666666705,40.0,-0.666666666666667,0,14,3
2016-05-05 14:30:00,50,74.95,-24.95,24.95,False,Normal,23.6,18.45,29.66,28.5,3.5,40.0,-0.3,0,14,3
2016-05-05 14:40:00,50,77.06,-27.06,27.06,False,Normal,23.6,18.7666666666667,28.6666666666667,28.6666666666667,3.3333333333333295,40.0,0.0666666666666669,0,14,3
2016-05-05 14:50:00,50,75.05,-25.05,25.05,False,Normal,23.6666666666667,19.0833333333333,27.86,28.8333333333333,3.16666666666667,40.0,0.433333333333334,0,14,3
2016-05-05 15:00:00,50,71.34,-21.34,21.34,False,Normal,23.7,19.4,27.9266666666667,29.0,3.0,40.0,0.8,0,15,3
2016-05-05 15:10:00,70,71.81,-1.81,1.81,False,Normal,23.76,19.35,28.4,29.3333333333333,3.16666666666667,40.0,0.9166666666666669,0,15,3
2016-05-05 15:20:00,60,79.03,-19.03,19.03,False,Normal,23.79,19.3,28.893333333333295,29.6666666666667,3.3333333333333295,40.0,1.03333333333333,0,15,3
2016-05-05 15:30:00,60,82.42,-22.42,22.42,False,Normal,23.865,19.25,29.37,30.0,3.5,40.0,1.15,0,15,3
2016-05-05 15:40:00,60,84.28,-24.28,24.28,False,Normal,23.89,19.2,29.726666666666695,30.3333333333333,3.6666666666666705,40.0,1.26666666666667,0,15,3
2016-05-05 15:50:00,50,88.46,-38.46,38.46,False,Normal,23.9266666666667,19.15,30.066666666666695,30.6666666666667,3.8333333333333295,40.0,1.38333333333333,0,15,3
2016-05-05 16:00:00,50,90.76,-40.76,40.76,False,Normal,24.0,19.1,30.26,31.0,4.0,40.0,1.5,0,16,3
2016-05-05 16:10:00,50,92.7,-42.7,42.7,False,Normal,24.0,19.15,30.533333333333296,30.8333333333333,4.16666666666667,40.0,1.46666666666667,0,16,3
2016-05-05 16:20:00,60,91.75,-31.75,31.75,False,Normal,24.0,19.2,30.6666666666667,30.6666666666667,4.3333333333333295,40.0,1.43333333333333,0,16,3
2016-05-05 16:30:00,40,93.36,-53.36,53.36,False,Normal,24.0,19.25,30.9266666666667,30.5,4.5,40.0,1.4,0,16,3
2016-05-05 16:40:00,60,96.05,-36.05,36.05,False,Normal,24.0,19.3,31.066666666666695,30.3333333333333,4.66666666666667,40.0,1.36666666666667,0,16,3
2016-05-05 16:50:00,50,93.38,-43.38,43.38,False,Normal,24.1,19.35,31.23,30.1666666666667,4.8333333333333295,40.0,1.33333333333333,0,16,3
2016-05-05 17:00:00,60,93.46,-33.46,33.46,False,Normal,24.1,19.4,31.3566666666667,30.0,5.0,40.0,1.3,0,17,3
2016-05-05 17:10:00,50,93.78,-43.78,43.78,False,Normal,24.1,19.35,31.5,30.0,5.0,40.0,1.26666666666667,0,17,3
2016-05-05 17:20:00,60,98.54,-38.54,38.54,False,Normal,24.1,19.3,31.566666666666695,30.0,5.0,40.0,1.23333333333333,0,17,3
2016-05-05 17:30:00,210,99.71,110.29,110.29,False,Normal,24.1,19.25,31.73,30.0,5.0,40.0,1.2,0,17,3
2016-05-05 17:40:00,320,101.75,218.25,218.25,True,Moderate,24.1,19.2,31.73,30.0,5.0,40.0,1.16666666666667,0,17,3
2016-05-05 17:50:00,520,157.79,362.21,362.21,True,High,24.1,19.15,35.6966666666667,30.0,5.0,40.0,1.13333333333333,0,17,3
2016-05-05 18:00:00,490,167.63,322.37,322.37,True,High,24.1,19.1,36.43,30.0,5.0,40.0,1.1,0,18,3
2016-05-05 18:10:00,150,216.89,-66.89,66.89,False,Normal,24.1333333333333,19.1,40.66666666666671,30.6666666666667,4.8333333333333295,40.0,1.36666666666667,0,18,3
2016-05-05 18:20:00,90,193.7,-103.7,103.7,False,Normal,24.2,19.1,40.0,31.3333333333333,4.66666666666667,40.0,1.63333333333333,0,18,3
2016-05-05 18:30:00,90,147.03,-57.03,57.03,False,Normal,24.2,19.1,36.6333333333333,32.0,4.5,40.0,1.9,0,18,3
2016-05-05 18:40:00,80,130.08,-50.08,50.08,False,Normal,24.2,19.1,35.36,32.6666666666667,4.3333333333333295,40.0,2.16666666666667,0,18,3
2016-05-05 18:50:00,70,138.41,-68.41,68.41,False,Normal,24.2,19.1,34.395,33.3333333333333,4.16666666666667,40.0,2.43333333333333,10,18,3
2016-05-05 19:00:00,80,111.88,-31.88,31.88,False,Normal,24.2,19.1,33.9666666666667,34.0,4.0,40.0,2.7,0,19,3
2016-05-05 19:10:00,120,107.45,12.55,12.55,False,Normal,24.2,18.866666666666696,33.8266666666667,35.8333333333333,3.8333333333333295,40.0,3.15,0,19,3
2016-05-05 19:20:00,110,107.71,2.29,2.29,False,Normal,24.2,18.6333333333333,33.56,37.66666666666671,3.6666666666666705,40.0,3.6,0,19,3
2016-05-05 19:30:00,90,106.67,-16.67,16.67,False,Normal,24.1333333333333,18.4,33.4333333333333,39.5,3.5,40.0,4.05,0,19,3
2016-05-05 19:40:00,100,103.76,-3.76,3.76,False,Normal,24.1,18.1666666666667,33.4,41.33333333333329,3.3333333333333295,40.0,4.5,0,19,3
2016-05-05 19:50:00,90,101.34,-11.34,11.34,False,Normal,24.1,17.9333333333333,33.4666666666667,43.16666666666671,3.16666666666667,40.0,4.95,0,19,3
2016-05-05 20:00:00,100,90.69,9.31,9.31,False,Normal,24.1,17.7,33.59,45.0,3.0,40.0,5.4,0,20,3
2016-05-05 20:10:00,100,85.08,14.92,14.92,False,Normal,24.1,17.4,33.59,45.83333333333329,3.16666666666667,40.0,5.383333333333329,0,20,3
2016-05-05 20:20:00,90,82.33,7.67,7.67,False,Normal,24.1,17.1,33.73,46.66666666666671,3.3333333333333295,40.0,5.36666666666667,0,20,3
2016-05-05 20:30:00,90,77.85,12.15,12.15,False,Normal,24.1,16.8,33.79,47.5,3.5,40.0,5.35,0,20,3
2016-05-05 20:40:00,110,74.43,35.57,35.57,False,Normal,24.1,16.5,33.9,48.33333333333329,3.6666666666666705,40.0,5.3333333333333295,0,20,3
2016-05-05 20:50:00,100,74.4,25.6,25.6,False,Normal,24.033333333333296,16.2,33.9666666666667,49.16666666666671,3.8333333333333295,40.0,5.31666666666667,0,20,3
2016-05-05 21:00:00,90,68.53,21.47,21.47,False,Normal,24.0,15.9,33.9333333333333,50.0,4.0,40.0,5.3,0,21,3
2016-05-05 21:10:00,100,83.95,16.05,16.05,False,Normal,24.0,15.55,34.0,51.66666666666671,3.6666666666666705,40.0,5.41666666666667,10,21,3
2016-05-05 21:20:00,70,80.37,-10.37,10.37,False,Normal,24.0,15.2,34.03,53.33333333333329,3.3333333333333295,40.0,5.53333333333333,10,21,3
2016-05-05 21:30:00,50,59.49,-9.49,9.49,False,Normal,24.0,14.85,34.2233333333333,55.0,3.0,40.0,5.65,0,21,3
2016-05-05 21:40:00,50,57.05,-7.05,7.05,False,Normal,23.9266666666667,14.5,34.3266666666667,56.66666666666671,2.66666666666667,40.0,5.76666666666667,0,21,3
2016-05-05 21:50:00,70,56.0,14.0,14.0,False,Normal,23.9266666666667,14.15,34.4,58.33333333333329,2.3333333333333295,40.0,5.883333333333329,0,21,3
2016-05-05 22:00:00,60,51.8,8.2,8.2,False,Normal,23.89,13.8,34.4,60.0,2.0,40.0,6.0,0,22,3
2016-05-05 22:10:00,50,49.56,0.44,0.44,False,Normal,23.84,13.5666666666667,34.4475,60.83333333333329,2.0,40.0,5.98333333333333,0,22,3
2016-05-05 22:20:00,70,66.65,3.35,3.35,False,Normal,23.823333333333295,13.3333333333333,34.59,61.66666666666671,2.0,40.0,5.96666666666667,10,22,3
2016-05-05 22:30:00,50,43.73,6.27,6.27,False,Normal,23.79,13.1,34.59,62.5,2.0,40.0,5.95,0,22,3
2016-05-05 22:40:00,60,41.6,18.4,18.4,False,Normal,23.79,12.8666666666667,34.6633333333333,63.33333333333329,2.0,40.0,5.93333333333333,0,22,3
2016-05-05 22:50:00,50,39.78,10.22,10.22,False,Normal,23.76,12.6333333333333,34.7,64.1666666666667,2.0,40.0,5.91666666666667,0,22,3
2016-05-05 23:00:00,50,38.71,11.29,11.29,False,Normal,23.7,12.4,34.7,65.0,2.0,40.0,5.9,0,23,3
2016-05-05 23:10:00,60,37.95,22.05,22.05,False,Normal,23.7,12.1833333333333,34.8266666666667,66.1666666666667,2.0,40.0,5.93333333333333,0,23,3
2016-05-05 23:20:00,50,35.77,14.23,14.23,False,Normal,23.7,11.9666666666667,34.9,67.3333333333333,2.0,40.0,5.96666666666667,0,23,3
2016-05-05 23:30:00,50,35.86,14.14,14.14,False,Normal,23.6666666666667,11.75,35.0,68.5,2.0,40.0,6.0,0,23,3
2016-05-05 23:40:00,60,34.84,25.16,25.16,False,Normal,23.6,11.5333333333333,35.0,69.6666666666667,2.0,40.0,6.03333333333333,0,23,3
2016-05-05 23:50:00,60,35.08,24.92,24.92,False,Normal,23.6,11.3166666666667,35.09,70.8333333333333,2.0,40.0,6.06666666666667,0,23,3
2016-05-06 00:00:00,50,12.08,37.92,37.92,False,Normal,23.6,11.1,35.1633333333333,72.0,2.0,40.0,6.1,0,0,4
2016-05-06 00:10:00,50,14.27,35.73,35.73,False,Normal,23.566666666666695,10.9666666666667,35.23,72.5,2.0,40.0,6.1,0,0,4
2016-05-06 00:20:00,20,23.19,-3.19,3.19,False,Normal,23.5,10.8333333333333,35.3633333333333,73.0,2.0,40.0,6.1,0,0,4
2016-05-06 00:30:00,40,28.99,11.01,11.01,False,Normal,23.5,10.7,35.5,73.5,2.0,40.0,6.1,0,0,4
2016-05-06 00:40:00,40,30.19,9.81,9.81,False,Normal,23.5,10.5666666666667,35.5,74.0,2.0,40.0,6.1,0,0,4
2016-05-06 00:50:00,50,31.8,18.2,18.2,False,Normal,23.5,10.4333333333333,35.59,74.5,2.0,40.0,6.1,0,0,4
2016-05-06 01:00:00,60,31.5,28.5,28.5,False,Normal,23.4266666666667,10.3,35.53,75.0,2.0,40.0,6.1,0,1,4
2016-05-06 01:10:00,50,32.35,17.65,17.65,False,Normal,23.39,10.1833333333333,35.59,75.5,2.0,40.0,6.0833333333333295,0,1,4
2016-05-06 01:20:00,60,31.03,28.97,28.97,False,Normal,23.39,10.0666666666667,35.59,76.0,2.0,40.0,6.06666666666667,0,1,4
2016-05-06 01:30:00,60,29.98,30.02,30.02,False,Normal,23.39,9.95,35.59,76.5,2.0,40.0,6.05,0,1,4
2016-05-06 01:40:00,60,34.54,25.46,25.46,False,Normal,23.3566666666667,9.83333333333333,35.7,77.0,2.0,40.0,6.03333333333333,0,1,4
2016-05-06 01:50:00,60,35.44,24.56,24.56,False,Normal,23.29,9.71666666666667,35.7,77.5,2.0,40.0,6.01666666666667,0,1,4
2016-05-06 02:00:00,50,34.99,15.01,15.01,False,Normal,23.29,9.6,35.73,78.0,2.0,40.0,6.0,0,2,4
2016-05-06 02:10:00,40,37.57,2.43,2.43,False,Normal,23.29,9.483333333333329,35.79,78.1666666666667,2.16666666666667,40.0,5.91666666666667,0,2,4
2016-05-06 02:20:00,50,39.04,10.96,10.96,False,Normal,23.29,9.36666666666667,35.79,78.3333333333333,2.3333333333333295,40.0,5.8333333333333295,0,2,4
2016-05-06 02:30:00,60,37.0,23.0,23.0,False,Normal,23.23,9.25,35.79,78.5,2.5,40.0,5.75,0,2,4
2016-05-06 02:40:00,40,38.56,1.44,1.44,False,Normal,23.2,9.133333333333328,35.79,78.6666666666667,2.66666666666667,40.0,5.66666666666667,0,2,4
2016-05-06 02:50:00,60,40.67,19.33,19.33,False,Normal,23.2,9.01666666666667,35.79,78.8333333333333,2.8333333333333295,40.0,5.5833333333333295,0,2,4
2016-05-06 03:00:00,60,41.12,18.88,18.88,False,Normal,23.2,8.9,35.9,79.0,3.0,40.0,5.5,0,3,4
2016-05-06 03:10:00,60,42.09,17.91,17.91,False,Normal,23.2,9.01666666666667,35.9,78.6666666666667,3.0,40.0,5.53333333333333,0,3,4
2016-05-06 03:20:00,50,42.22,7.78,7.78,False,Normal,23.1,9.133333333333328,35.9333333333333,78.3333333333333,3.0,40.0,5.56666666666667,0,3,4
2016-05-06 03:30:00,60,41.65,18.35,18.35,False,Normal,23.1,9.25,36.0,78.0,3.0,40.0,5.6,0,3,4
2016-05-06 03:40:00,70,40.54,29.46,29.46,False,Normal,23.1333333333333,9.36666666666667,36.03,77.6666666666667,3.0,40.0,5.633333333333329,0,3,4
2016-05-06 03:50:00,50,42.02,7.98,7.98,False,Normal,23.1333333333333,9.483333333333329,36.09,77.3333333333333,3.0,40.0,5.66666666666667,0,3,4
2016-05-06 04:00:00,50,41.81,8.19,8.19,False,Normal,23.1,9.6,36.09,77.0,3.0,40.0,5.7,0,4,4
2016-05-06 04:10:00,50,43.06,6.94,6.94,False,Normal,23.1,9.51666666666667,36.09,77.3333333333333,3.16666666666667,40.0,5.68333333333333,0,4,4
2016-05-06 04:20:00,50,44.92,5.08,5.08,False,Normal,23.0,9.43333333333333,36.09,77.6666666666667,3.3333333333333295,40.0,5.66666666666667,0,4,4
2016-05-06 04:30:00,40,45.5,-5.5,5.5,False,Normal,23.0,9.35,36.09,78.0,3.5,40.0,5.65,0,4,4
2016-05-06 04:40:00,60,50.36,9.64,9.64,False,Normal,23.0,9.26666666666667,36.2,78.3333333333333,3.6666666666666705,40.0,5.633333333333329,0,4,4
2016-05-06 04:50:00,50,51.14,-1.14,1.14,False,Normal,22.9725,9.18333333333333,36.2225,78.6666666666667,3.8333333333333295,40.0,5.61666666666667,0,4,4
2016-05-06 05:00:00,60,52.56,7.44,7.44,False,Normal,22.89,9.1,36.29,79.0,4.0,40.0,5.6,0,5,4
2016-05-06 05:10:00,50,51.16,-1.16,1.16,False,Normal,22.89,9.01666666666667,36.29,79.5,4.0,40.0,5.61666666666667,0,5,4
2016-05-06 05:20:00,50,53.16,-3.16,3.16,False,Normal,22.89,8.93333333333333,36.29,80.0,4.0,40.0,5.633333333333329,0,5,4
2016-05-06 05:30:00,50,56.99,-6.99,6.99,False,Normal,22.89,8.849999999999998,36.3266666666667,80.5,4.0,40.0,5.65,0,5,4
2016-05-06 05:40:00,40,56.36,-16.36,16.36,False,Normal,22.89,8.76666666666667,36.4,81.0,4.0,40.0,5.66666666666667,0,5,4
2016-05-06 05:50:00,60,58.07,1.93,1.93,False,Normal,22.79,8.68333333333333,36.29,81.5,4.0,40.0,5.68333333333333,0,5,4
2016-05-06 06:00:00,50,61.19,-11.19,11.19,False,Normal,22.79,8.599999999999998,36.363333333333294,82.0,4.0,40.0,5.7,0,6,4
2016-05-06 06:10:00,50,62.74,-12.74,12.74,False,Normal,22.79,8.76666666666667,36.4,81.5,3.8333333333333295,40.0,5.76666666666667,0,6,4
2016-05-06 06:20:00,80,61.7,18.3,18.3,False,Normal,22.79,8.93333333333333,36.4,81.0,3.6666666666666705,40.0,5.8333333333333295,0,6,4
2016-05-06 06:30:00,110,86.75,23.25,23.25,False,Normal,22.79,9.1,36.8666666666667,80.5,3.5,40.0,5.9,10,6,4
2016-05-06 06:40:00,80,66.18,13.82,13.82,False,Normal,22.79,9.26666666666667,37.26,80.0,3.3333333333333295,40.0,5.96666666666667,0,6,4
2016-05-06 06:50:00,70,60.0,10.0,10.0,False,Normal,22.79,9.43333333333333,37.2,79.5,3.16666666666667,40.0,6.03333333333333,0,6,4
2016-05-06 07:00:00,60,61.44,-1.44,1.44,False,Normal,22.79,9.6,37.33333333333329,79.0,3.0,40.0,6.1,0,7,4
2016-05-06 07:10:00,60,62.51,-2.51,2.51,False,Normal,22.79,9.783333333333328,37.29,78.8333333333333,2.66666666666667,40.0,6.25,0,7,4
2016-05-06 07:20:00,70,66.11,3.89,3.89,False,Normal,22.79,9.96666666666667,37.49,78.6666666666667,2.3333333333333295,40.0,6.4,0,7,4
2016-05-06 07:30:00,670,69.72,600.28,600.28,True,High,22.79,10.15,37.4,78.5,2.0,40.0,6.55,0,7,4
2016-05-06 07:40:00,470,73.82,396.18,396.18,True,High,22.79,10.3333333333333,37.3266666666667,78.3333333333333,1.66666666666667,40.0,6.7,0,7,4
2016-05-06 07:50:00,150,68.31,81.69,81.69,False,Normal,22.79,10.5166666666667,37.1333333333333,78.1666666666667,1.33333333333333,40.0,6.85,0,7,4
2016-05-06 08:00:00,70,68.77,1.23,1.23,False,Normal,22.79,10.7,36.933333333333294,78.0,1.0,40.0,7.0,0,8,4
2016-05-06 08:10:00,110,69.07,40.93,40.93,False,Normal,22.79,11.2833333333333,37.05,76.8333333333333,1.0,40.0,7.31666666666667,0,8,4
2016-05-06 08:20:00,110,69.13,40.87,40.87,False,Normal,22.7,11.8666666666667,36.6633333333333,75.6666666666667,1.0,40.0,7.633333333333329,0,8,4
2016-05-06 08:30:00,100,72.91,27.09,27.09,False,Normal,22.6333333333333,12.45,36.53,74.5,1.0,40.0,7.95,0,8,4
2016-05-06 08:40:00,100,79.43,20.57,20.57,False,Normal,22.6,13.0333333333333,36.4666666666667,73.3333333333333,1.0,40.0,8.26666666666667,0,8,4
2016-05-06 08:50:00,80,83.34,-3.34,3.34,False,Normal,22.6,13.6166666666667,36.4666666666667,72.1666666666667,1.0,40.0,8.58333333333333,0,8,4
2016-05-06 09:00:00,90,89.69,0.31,0.31,False,Normal,22.6,14.2,36.5666666666667,71.0,1.0,40.0,8.9,0,9,4
2016-05-06 09:10:00,110,95.61,14.39,14.39,False,Normal,22.6,14.5666666666667,36.7,68.3333333333333,1.33333333333333,40.0,8.65,0,9,4
2016-05-06 09:20:00,450,97.22,352.78,352.78,True,High,22.6333333333333,14.9333333333333,37.0666666666667,65.6666666666667,1.66666666666667,40.0,8.4,0,9,4
2016-05-06 09:30:00,610,101.22,508.78,508.78,True,High,22.7,15.3,37.4,63.0,2.0,40.0,8.15,0,9,4
2016-05-06 09:40:00,290,91.78,198.22,198.22,False,Normal,22.7,15.6666666666667,37.5666666666667,60.33333333333329,2.3333333333333295,40.0,7.9,0,9,4
2016-05-06 09:50:00,90,93.41,-3.41,3.41,False,Normal,22.7,16.0333333333333,37.83333333333329,57.66666666666671,2.66666666666667,40.0,7.65,0,9,4
2016-05-06 10:00:00,120,97.38,22.62,22.62,False,Normal,22.7,16.4,37.933333333333294,55.0,3.0,40.0,7.4,0,10,4
2016-05-06 10:10:00,110,106.84,3.16,3.16,False,Normal,22.76,16.6666666666667,38.06,54.16666666666671,3.0,40.0,7.383333333333329,0,10,4
2016-05-06 10:20:00,70,107.36,-37.36,37.36,False,Normal,22.79,16.9333333333333,38.1266666666667,53.33333333333329,3.0,40.0,7.366666666666669,0,10,4
2016-05-06 10:30:00,100,113.35,-13.35,13.35,False,Normal,22.79,17.2,38.2,52.5,3.0,40.0,7.349999999999999,0,10,4
2016-05-06 10:40:00,70,116.8,-46.8,46.8,False,Normal,22.89,17.4666666666667,38.29,51.66666666666671,3.0,40.0,7.3333333333333295,0,10,4
2016-05-06 10:50:00,70,119.46,-49.46,49.46,False,Normal,22.89,17.7333333333333,38.29,50.83333333333329,3.0,40.0,7.31666666666667,0,10,4
2016-05-06 11:00:00,60,120.47,-60.47,60.47,False,Normal,22.9266666666667,18.0,38.29,50.0,3.0,40.0,7.3,0,11,4
2016-05-06 11:10:00,60,125.13,-65.13,65.13,False,Normal,23.0,18.25,38.23,49.66666666666671,3.0,40.0,7.43333333333333,0,11,4
2016-05-06 11:20:00,80,132.23,-52.23,52.23,False,Normal,23.0,18.5,38.2,49.33333333333329,3.0,40.0,7.56666666666667,0,11,4
2016-05-06 11:30:00,70,129.14,-59.14,59.14,False,Normal,23.033333333333296,18.75,38.1266666666667,49.0,3.0,40.0,7.7,0,11,4
2016-05-06 11:40:00,80,131.98,-51.98,51.98,False,Normal,23.1,19.0,38.1266666666667,48.66666666666671,3.0,40.0,7.8333333333333295,0,11,4
2016-05-06 11:50:00,310,132.73,177.27,177.27,False,Normal,23.1333333333333,19.25,38.1633333333333,48.33333333333329,3.0,40.0,7.96666666666667,0,11,4
2016-05-06 12:00:00,340,133.15,206.85,206.85,False,Normal,23.26,19.5,38.1633333333333,48.0,3.0,40.0,8.099999999999998,0,12,4
2016-05-06 12:10:00,110,132.4,-22.4,22.4,False,Normal,23.29,19.7,38.1633333333333,47.33333333333329,3.16666666666667,40.0,8.08333333333333,0,12,4
2016-05-06 12:20:00,80,129.95,-49.95,49.95,False,Normal,23.3566666666667,19.9,37.963333333333296,46.66666666666671,3.3333333333333295,40.0,8.06666666666667,0,12,4
2016-05-06 12:30:00,100,124.64,-24.64,24.64,False,Normal,23.39,20.1,37.2333333333333,46.0,3.5,40.0,8.05,0,12,4
2016-05-06 12:40:00,120,120.82,-0.82,0.82,False,Normal,23.463333333333296,20.3,36.2333333333333,45.33333333333329,3.6666666666666705,40.0,8.03333333333333,0,12,4
2016-05-06 12:50:00,80,116.31,-36.31,36.31,False,Normal,23.533333333333296,20.5,35.6933333333333,44.66666666666671,3.8333333333333295,40.0,8.01666666666667,0,12,4
2016-05-06 13:00:00,90,117.76,-27.76,27.76,False,Normal,23.6,20.7,35.3,44.0,4.0,40.0,8.0,0,13,4
2016-05-06 13:10:00,90,115.64,-25.64,25.64,False,Normal,23.7,20.8333333333333,35.16,43.33333333333329,4.16666666666667,40.0,7.9,0,13,4
2016-05-06 13:20:00,90,110.07,-20.07,20.07,False,Normal,23.76,20.9666666666667,34.8266666666667,42.66666666666671,4.3333333333333295,40.0,7.8,0,13,4
2016-05-06 13:30:00,70,107.21,-37.21,37.21,False,Normal,23.89,21.1,35.0666666666667,42.0,4.5,40.0,7.7,0,13,4
2016-05-06 13:40:00,70,121.63,-51.63,51.63,False,Normal,23.963333333333296,21.233333333333295,36.0666666666667,41.33333333333329,4.66666666666667,40.0,7.599999999999999,0,13,4
2016-05-06 13:50:00,70,121.44,-51.44,51.44,False,Normal,24.033333333333296,21.366666666666696,35.99,40.66666666666671,4.8333333333333295,40.0,7.5,0,13,4
2016-05-06 14:00:00,70,114.23,-44.23,44.23,False,Normal,24.1,21.5,35.53,40.0,5.0,40.0,7.4,0,14,4
2016-05-06 14:10:00,70,105.6,-35.6,35.6,False,Normal,24.2,21.6333333333333,35.0333333333333,39.83333333333329,4.8333333333333295,40.0,7.45,0,14,4
2016-05-06 14:20:00,140,97.51,42.49,42.49,False,Normal,24.2,21.7666666666667,34.5666666666667,39.66666666666671,4.66666666666667,40.0,7.5,0,14,4
2016-05-06 14:30:00,340,95.58,244.42,244.42,True,Moderate,24.29,21.9,34.6633333333333,39.5,4.5,40.0,7.55,0,14,4
2016-05-06 14:40:00,190,98.36,91.64,91.64,False,Normal,24.315,22.033333333333296,35.1975,39.33333333333329,4.3333333333333295,40.0,7.599999999999999,0,14,4
2016-05-06 14:50:00,150,92.64,57.36,57.36,False,Normal,24.39,22.1666666666667,35.0666666666667,39.16666666666671,4.16666666666667,40.0,7.65,0,14,4
2016-05-06 15:00:00,80,91.9,-11.9,11.9,False,Normal,24.5,22.3,34.9333333333333,39.0,4.0,40.0,7.7,0,15,4
2016-05-06 15:10:00,80,86.74,-6.74,6.74,False,Normal,24.566666666666695,22.316666666666695,34.0666666666667,38.5,4.16666666666667,40.0,7.51666666666667,0,15,4
2016-05-06 15:20:00,70,89.91,-19.91,19.91,False,Normal,24.6,22.3333333333333,33.6,38.0,4.3333333333333295,40.0,7.3333333333333295,0,15,4
2016-05-06 15:30:00,80,110.25,-30.25,30.25,False,Normal,24.6,22.35,33.3266666666667,37.5,4.5,40.0,7.15,10,15,4
2016-05-06 15:40:00,70,88.92,-18.92,18.92,False,Normal,24.6,22.366666666666696,33.1633333333333,37.0,4.66666666666667,40.0,6.96666666666667,0,15,4
2016-05-06 15:50:00,70,93.25,-23.25,23.25,False,Normal,24.6666666666667,22.3833333333333,33.1633333333333,36.5,4.8333333333333295,40.0,6.78333333333333,0,15,4
2016-05-06 16:00:00,70,97.05,-27.05,27.05,False,Normal,24.7,22.4,33.4333333333333,36.0,5.0,40.0,6.6,0,16,4
2016-05-06 16:10:00,70,105.5,-35.5,35.5,False,Normal,24.76,22.4666666666667,34.3,36.16666666666671,5.0,40.0,6.75,0,16,4
2016-05-06 16:20:00,70,103.81,-33.81,33.81,False,Normal,24.73,22.533333333333296,34.5,36.33333333333329,5.0,40.0,6.9,0,16,4
2016-05-06 16:30:00,60,105.26,-45.26,45.26,False,Normal,24.79,22.6,34.96,36.5,5.0,40.0,7.05,0,16,4
2016-05-06 16:40:00,70,101.5,-31.5,31.5,False,Normal,24.79,22.6666666666667,35.1266666666667,36.66666666666671,5.0,40.0,7.2,0,16,4
2016-05-06 16:50:00,80,97.58,-17.58,17.58,False,Normal,24.79,22.733333333333295,35.2,36.83333333333329,5.0,40.0,7.349999999999999,0,16,4
2016-05-06 17:00:00,90,115.99,-25.99,25.99,False,Normal,24.79,22.8,35.5,37.0,5.0,40.0,7.5,10,17,4
2016-05-06 17:10:00,90,98.09,-8.09,8.09,False,Normal,24.79,22.733333333333295,35.76,38.0,5.0,40.0,7.75,0,17,4
2016-05-06 17:20:00,100,96.07,3.93,3.93,False,Normal,24.89,22.6666666666667,35.8266666666667,39.0,5.0,40.0,8.0,0,17,4
2016-05-06 17:30:00,90,97.86,-7.86,7.86,False,Normal,24.823333333333295,22.6,35.8266666666667,40.0,5.0,40.0,8.25,0,17,4
2016-05-06 17:40:00,100,96.39,3.61,3.61,False,Normal,24.823333333333295,22.533333333333296,35.8266666666667,41.0,5.0,40.0,8.5,0,17,4
2016-05-06 17:50:00,90,95.05,-5.05,5.05,False,Normal,24.823333333333295,22.4666666666667,35.8266666666667,42.0,5.0,40.0,8.75,0,17,4
2016-05-06 18:00:00,230,96.68,133.32,133.32,False,Normal,24.79,22.4,35.79,43.0,5.0,40.0,9.0,0,18,4
2016-05-06 18:10:00,230,95.46,134.54,134.54,False,Normal,24.79,22.4166666666667,35.915,43.0,4.8333333333333295,40.0,9.01666666666667,0,18,4
2016-05-06 18:20:00,200,101.21,98.79,98.79,False,Normal,24.79,22.433333333333305,36.6966666666667,43.0,4.66666666666667,40.0,9.033333333333328,0,18,4
2016-05-06 18:30:00,190,124.53,65.47,65.47,False,Normal,24.79,22.45,37.26333333333329,43.0,4.5,40.0,9.05,10,18,4
2016-05-06 18:40:00,100,114.85,-14.85,14.85,False,Normal,24.79,22.4666666666667,38.323333333333295,43.0,4.3333333333333295,40.0,9.06666666666667,0,18,4
2016-05-06 18:50:00,110,113.96,-3.96,3.96,False,Normal,24.79,22.483333333333295,38.33,43.0,4.16666666666667,40.0,9.08333333333333,0,18,4
2016-05-06 19:00:00,110,114.98,-4.98,4.98,False,Normal,24.79,22.5,38.33,43.0,4.0,40.0,9.1,0,19,4
2016-05-06 19:10:00,110,110.34,-0.34,0.34,False,Normal,24.79,22.2666666666667,37.9666666666667,43.66666666666671,3.8333333333333295,40.0,9.11666666666667,0,19,4
2016-05-06 19:20:00,110,110.33,-0.33,0.33,False,Normal,24.79,22.033333333333296,37.8266666666667,44.33333333333329,3.6666666666666705,40.0,9.133333333333328,0,19,4
2016-05-06 19:30:00,140,102.3,37.7,37.7,False,Normal,24.76,21.8,37.73,45.0,3.5,40.0,9.15,0,19,4
2016-05-06 19:40:00,150,131.34,18.66,18.66,False,Normal,24.7,21.566666666666695,37.93,45.66666666666671,3.3333333333333295,40.0,9.16666666666667,20,19,4
2016-05-06 19:50:00,140,131.6,8.4,8.4,False,Normal,24.7,21.3333333333333,38.53,46.33333333333329,3.16666666666667,40.0,9.18333333333333,20,19,4
2016-05-06 20:00:00,130,125.62,4.38,4.38,False,Normal,24.7,21.1,38.79,47.0,3.0,40.0,9.2,20,20,4
2016-05-06 20:10:00,130,119.12,10.88,10.88,False,Normal,24.6666666666667,20.683333333333305,38.6633333333333,47.5,2.8333333333333295,37.0,9.0,20,20,4
2016-05-06 20:20:00,140,115.7,24.3,24.3,False,Normal,24.6666666666667,20.2666666666667,38.59,48.0,2.66666666666667,34.0,8.8,20,20,4
2016-05-06 20:30:00,120,70.88,49.12,49.12,False,Normal,24.6666666666667,19.85,38.5266666666667,48.5,2.5,31.0,8.599999999999998,0,20,4
2016-05-06 20:40:00,100,68.09,31.91,31.91,False,Normal,24.6,19.433333333333305,38.4,49.0,2.3333333333333295,28.0,8.4,0,20,4
2016-05-06 20:50:00,80,63.72,16.28,16.28,False,Normal,24.6,19.0166666666667,38.363333333333294,49.5,2.16666666666667,25.0,8.199999999999998,0,20,4
2016-05-06 21:00:00,90,60.55,29.45,29.45,False,Normal,24.6,18.6,38.29,50.0,2.0,22.0,8.0,0,21,4
2016-05-06 21:10:00,80,78.33,1.67,1.67,False,Normal,24.6,18.283333333333296,38.29,51.16666666666671,1.8333333333333297,25.0,8.01666666666667,10,21,4
2016-05-06 21:20:00,80,59.82,20.18,20.18,False,Normal,24.6,17.9666666666667,38.29,52.33333333333329,1.66666666666667,28.0,8.03333333333333,0,21,4
2016-05-06 21:30:00,80,59.27,20.73,20.73,False,Normal,24.6,17.65,38.29,53.5,1.5,31.0,8.05,0,21,4
2016-05-06 21:40:00,50,63.53,-13.53,13.53,False,Normal,24.5,17.3333333333333,38.36,54.66666666666671,1.33333333333333,34.0,8.06666666666667,0,21,4
2016-05-06 21:50:00,50,67.74,-17.74,17.74,False,Normal,24.5,17.0166666666667,38.56,55.83333333333329,1.16666666666667,37.0,8.08333333333333,0,21,4
2016-05-06 22:00:00,60,69.2,-9.2,9.2,False,Normal,24.5,16.7,38.4,57.0,1.0,40.0,8.099999999999998,0,22,4
2016-05-06 22:10:00,50,68.23,-18.23,18.23,False,Normal,24.5,16.2333333333333,38.3266666666667,59.16666666666671,1.0,40.0,8.16666666666667,0,22,4
2016-05-06 22:20:00,50,72.13,-22.13,22.13,False,Normal,24.5,15.7666666666667,38.29,61.33333333333329,1.0,40.0,8.233333333333329,0,22,4
2016-05-06 22:30:00,50,69.94,-19.94,19.94,False,Normal,24.4266666666667,15.3,38.1566666666667,63.5,1.0,40.0,8.3,0,22,4
2016-05-06 22:40:00,50,72.31,-22.31,22.31,False,Normal,24.39,14.8333333333333,38.09,65.6666666666667,1.0,40.0,8.36666666666667,0,22,4
2016-05-06 22:50:00,60,68.99,-8.99,8.99,False,Normal,24.39,14.3666666666667,38.09,67.8333333333333,1.0,40.0,8.43333333333333,0,22,4
2016-05-06 23:00:00,60,69.44,-9.44,9.44,False,Normal,24.39,13.9,38.0,70.0,1.0,40.0,8.5,0,23,4
2016-05-06 23:10:00,60,71.61,-11.61,11.61,False,Normal,24.39,13.6666666666667,38.0,71.3333333333333,1.33333333333333,40.0,8.55,0,23,4
2016-05-06 23:20:00,60,71.03,-11.03,11.03,False,Normal,24.29,13.4333333333333,38.0,72.6666666666667,1.66666666666667,40.0,8.599999999999998,0,23,4
2016-05-06 23:30:00,60,93.95,-33.95,33.95,False,Normal,24.29,13.2,38.0,74.0,2.0,40.0,8.65,10,23,4
2016-05-06 23:40:00,50,77.63,-27.63,27.63,False,Normal,24.29,12.9666666666667,38.09,75.3333333333333,2.3333333333333295,40.0,8.699999999999998,0,23,4
2016-05-06 23:50:00,60,76.65,-16.65,16.65,False,Normal,24.23,12.7333333333333,38.03,76.6666666666667,2.66666666666667,40.0,8.75,0,23,4
2016-05-07 00:00:00,50,62.59,-12.59,12.59,False,Normal,24.2,12.5,38.03,78.0,3.0,40.0,8.8,0,0,5
2016-05-07 00:10:00,50,63.59,-13.59,13.59,False,Normal,24.2,12.3833333333333,38.09,78.1666666666667,3.0,40.0,8.699999999999998,0,0,5
2016-05-07 00:20:00,50,62.79,-12.79,12.79,False,Normal,24.2,12.2666666666667,38.09,78.3333333333333,3.0,40.0,8.599999999999998,0,0,5
2016-05-07 00:30:00,50,60.73,-10.73,10.73,False,Normal,24.2,12.15,38.03,78.5,3.0,40.0,8.5,0,0,5
2016-05-07 00:40:00,60,56.05,3.95,3.95,False,Normal,24.2,12.0333333333333,38.06,78.6666666666667,3.0,40.0,8.4,0,0,5
2016-05-07 00:50:00,50,55.99,-5.99,5.99,False,Normal,24.125,11.9166666666667,38.0,78.8333333333333,3.0,40.0,8.3,0,0,5
2016-05-07 01:00:00,60,53.9,6.1,6.1,False,Normal,24.1,11.8,38.0,79.0,3.0,40.0,8.199999999999998,0,1,5
2016-05-07 01:10:00,60,48.17,11.83,11.83,False,Normal,24.1,12.3,38.0,74.8333333333333,2.8333333333333295,40.0,7.75,0,1,5
2016-05-07 01:20:00,60,41.59,18.41,18.41,False,Normal,24.1,12.8,38.0,70.6666666666667,2.66666666666667,40.0,7.3,0,1,5
2016-05-07 01:30:00,60,34.82,25.18,25.18,False,Normal,24.1,13.3,38.0,66.5,2.5,40.0,6.85,0,1,5
2016-05-07 01:40:00,60,28.8,31.2,31.2,False,Normal,24.033333333333296,13.8,37.933333333333294,62.33333333333329,2.3333333333333295,40.0,6.4,0,1,5
2016-05-07 01:50:00,40,20.96,19.04,19.04,False,Normal,24.0,14.3,37.9,58.16666666666671,2.16666666666667,40.0,5.95,0,1,5
2016-05-07 02:00:00,60,16.85,43.15,43.15,False,Normal,24.0,14.8,37.9,54.0,2.0,40.0,5.5,0,2,5
2016-05-07 02:10:00,40,16.46,23.54,23.54,False,Normal,24.0,14.7666666666667,37.9,53.83333333333329,2.16666666666667,40.0,5.43333333333333,0,2,5
2016-05-07 02:20:00,60,16.04,43.96,43.96,False,Normal,24.0,14.7333333333333,37.9,53.66666666666671,2.3333333333333295,40.0,5.36666666666667,0,2,5
2016-05-07 02:30:00,40,16.36,23.64,23.64,False,Normal,24.0,14.7,37.9,53.5,2.5,40.0,5.3,0,2,5
2016-05-07 02:40:00,60,16.48,43.52,43.52,False,Normal,24.0,14.6666666666667,37.9,53.33333333333329,2.66666666666667,40.0,5.23333333333333,0,2,5
2016-05-07 02:50:00,60,16.15,43.85,43.85,False,Normal,23.963333333333296,14.6333333333333,37.9,53.16666666666671,2.8333333333333295,40.0,5.16666666666667,0,2,5
2016-05-07 03:00:00,50,19.01,30.99,30.99,False,Normal,23.89,14.6,37.9,53.0,3.0,40.0,5.1,0,3,5
2016-05-07 03:10:00,70,22.52,47.48,47.48,False,Normal,23.89,14.1833333333333,37.9,55.0,2.66666666666667,40.0,5.18333333333333,0,3,5
2016-05-07 03:20:00,50,30.4,19.6,19.6,False,Normal,23.823333333333295,13.7666666666667,37.8266666666667,57.0,2.3333333333333295,40.0,5.26666666666667,0,3,5
2016-05-07 03:30:00,60,32.83,27.17,27.17,False,Normal,23.823333333333295,13.35,37.79,59.0,2.0,40.0,5.35,0,3,5
2016-05-07 03:40:00,50,37.87,12.13,12.13,False,Normal,23.823333333333295,12.9333333333333,37.79,61.0,1.66666666666667,40.0,5.43333333333333,0,3,5
2016-05-07 03:50:00,50,41.73,8.27,8.27,False,Normal,23.79,12.5166666666667,37.7,63.0,1.33333333333333,40.0,5.51666666666667,0,3,5
2016-05-07 04:00:00,50,46.19,3.81,3.81,False,Normal,23.79,12.1,37.7,65.0,1.0,40.0,5.6,0,4,5
2016-05-07 04:10:00,60,45.75,14.25,14.25,False,Normal,23.79,12.0666666666667,37.7,64.8333333333333,1.0,40.0,5.53333333333333,0,4,5
2016-05-07 04:20:00,40,46.44,-6.44,6.44,False,Normal,23.79,12.0333333333333,37.73,64.6666666666667,1.0,40.0,5.46666666666667,0,4,5
2016-05-07 04:30:00,60,48.81,11.19,11.19,False,Normal,23.79,12.0,37.99,64.5,1.0,40.0,5.4,0,4,5
2016-05-07 04:40:00,60,53.5,6.5,6.5,False,Normal,23.7,11.9666666666667,38.0,64.3333333333333,1.0,40.0,5.3333333333333295,0,4,5
2016-05-07 04:50:00,60,54.22,5.78,5.78,False,Normal,23.7,11.9333333333333,37.933333333333294,64.1666666666667,1.0,40.0,5.26666666666667,0,4,5
2016-05-07 05:00:00,60,58.55,1.45,1.45,False,Normal,23.7,11.9,37.9,64.0,1.0,40.0,5.2,0,5,5
2016-05-07 05:10:00,50,61.26,-11.26,11.26,False,Normal,23.7,11.8,37.8266666666667,64.5,1.16666666666667,40.0,5.23333333333333,0,5,5
2016-05-07 05:20:00,50,62.01,-12.01,12.01,False,Normal,23.6666666666667,11.7,37.76,65.0,1.33333333333333,40.0,5.26666666666667,0,5,5
2016-05-07 05:30:00,50,63.69,-13.69,13.69,False,Normal,23.6,11.6,37.7,65.5,1.5,40.0,5.3,0,5,5
2016-05-07 05:40:00,50,66.94,-16.94,16.94,False,Normal,23.6,11.5,37.7,66.0,1.66666666666667,40.0,5.3333333333333295,0,5,5
2016-05-07 05:50:00,50,70.49,-20.49,20.49,False,Normal,23.6,11.4,37.7,66.5,1.8333333333333297,40.0,5.36666666666667,0,5,5
2016-05-07 06:00:00,40,72.21,-32.21,32.21,False,Normal,23.566666666666695,11.3,37.7,67.0,2.0,40.0,5.4,0,6,5
2016-05-07 06:10:00,50,73.25,-23.25,23.25,False,Normal,23.5,11.5166666666667,37.7,66.8333333333333,1.8333333333333297,40.0,5.56666666666667,0,6,5
2016-05-07 06:20:00,50,74.0,-24.0,24.0,False,Normal,23.5,11.7333333333333,37.7,66.6666666666667,1.66666666666667,40.0,5.73333333333333,0,6,5
2016-05-07 06:30:00,60,76.11,-16.11,16.11,False,Normal,23.5,11.95,37.7,66.5,1.5,40.0,5.9,0,6,5
2016-05-07 06:40:00,60,75.61,-15.61,15.61,False,Normal,23.5,12.1666666666667,37.7,66.3333333333333,1.33333333333333,40.0,6.06666666666667,0,6,5
2016-05-07 06:50:00,60,78.1,-18.1,18.1,False,Normal,23.5,12.3833333333333,37.76,66.1666666666667,1.16666666666667,40.0,6.23333333333333,0,6,5
2016-05-07 07:00:00,50,77.99,-27.99,27.99,False,Normal,23.463333333333296,12.6,37.76,66.0,1.0,40.0,6.4,0,7,5
2016-05-07 07:10:00,60,75.64,-15.64,15.64,False,Normal,23.39,13.0333333333333,37.7,64.5,1.16666666666667,40.0,6.45,0,7,5
2016-05-07 07:20:00,60,75.57,-15.57,15.57,False,Normal,23.39,13.4666666666667,37.73,63.0,1.33333333333333,40.0,6.5,0,7,5
2016-05-07 07:30:00,260,79.09,180.91,180.91,False,Normal,23.39,13.9,37.915,61.5,1.5,40.0,6.55,0,7,5
2016-05-07 07:40:00,360,86.49,273.51,273.51,True,Moderate,23.39,14.3333333333333,38.5633333333333,60.0,1.66666666666667,40.0,6.6,0,7,5
2016-05-07 07:50:00,100,90.16,9.84,9.84,False,Normal,23.39,14.7666666666667,39.0,58.5,1.8333333333333297,40.0,6.65,0,7,5
2016-05-07 08:00:00,90,96.33,-6.33,6.33,False,Normal,23.463333333333296,15.2,39.1333333333333,57.0,2.0,40.0,6.7,0,8,5
2016-05-07 08:10:00,90,105.87,-15.87,15.87,False,Normal,23.5,15.5166666666667,39.363333333333294,57.16666666666671,2.16666666666667,40.0,7.01666666666667,0,8,5
2016-05-07 08:20:00,100,109.68,-9.68,9.68,False,Normal,23.5,15.8333333333333,39.29,57.33333333333329,2.3333333333333295,40.0,7.3333333333333295,0,8,5
2016-05-07 08:30:00,120,114.82,5.18,5.18,False,Normal,23.5,16.15,39.26,57.5,2.5,40.0,7.65,0,8,5
2016-05-07 08:40:00,200,119.46,80.54,80.54,False,Normal,23.566666666666695,16.4666666666667,39.2,57.66666666666671,2.66666666666667,40.0,7.96666666666667,0,8,5
2016-05-07 08:50:00,130,125.24,4.76,4.76,False,Normal,23.6,16.7833333333333,39.2,57.83333333333329,2.8333333333333295,40.0,8.28333333333333,0,8,5
2016-05-07 09:00:00,80,126.48,-46.48,46.48,False,Normal,23.6,17.1,39.2,58.0,3.0,40.0,8.599999999999998,0,9,5
2016-05-07 09:10:00,210,135.83,74.17,74.17,False,Normal,23.7,17.4666666666667,39.69333333333329,56.83333333333329,3.0,40.0,8.65,0,9,5
2016-05-07 09:20:00,240,132.66,107.34,107.34,False,Normal,23.7,17.8333333333333,39.5666666666667,55.66666666666671,3.0,40.0,8.699999999999998,0,9,5
2016-05-07 09:30:00,210,124.46,85.54,85.54,False,Normal,23.73,18.2,39.1633333333333,54.5,3.0,40.0,8.75,0,9,5
2016-05-07 09:40:00,80,123.37,-43.37,43.37,False,Normal,23.79,18.566666666666695,39.09,53.33333333333329,3.0,40.0,8.8,0,9,5
2016-05-07 09:50:00,100,133.34,-33.34,33.34,False,Normal,23.79,18.933333333333305,39.3266666666667,52.16666666666671,3.0,40.0,8.849999999999998,0,9,5
2016-05-07 10:00:00,90,139.14,-49.14,49.14,False,Normal,23.8566666666667,19.3,39.4,51.0,3.0,40.0,8.9,0,10,5
2016-05-07 10:10:00,110,154.52,-44.52,44.52,False,Normal,23.9266666666667,19.7,39.7333333333333,49.0,3.16666666666667,40.0,8.599999999999998,0,10,5
2016-05-07 10:20:00,120,171.83,-51.83,51.83,False,Normal,24.0,20.1,40.8666666666667,47.0,3.3333333333333295,40.0,8.3,0,10,5
2016-05-07 10:30:00,360,147.75,212.25,212.25,True,Moderate,24.0,20.5,38.5933333333333,45.0,3.5,40.0,8.0,0,10,5
2016-05-07 10:40:00,270,140.65,129.35,129.35,False,Normal,24.066666666666695,20.9,37.7333333333333,43.0,3.6666666666666705,40.0,7.7,0,10,5
2016-05-07 10:50:00,120,127.93,-7.93,7.93,False,Normal,24.1,21.3,36.55,41.0,3.8333333333333295,40.0,7.4,0,10,5
2016-05-07 11:00:00,140,114.03,25.97,25.97,False,Normal,24.23,21.7,35.3233333333333,39.0,4.0,40.0,7.1,0,11,5
2016-05-07 11:10:00,120,108.81,11.19,11.19,False,Normal,24.29,21.866666666666696,34.6566666666667,38.33333333333329,4.0,40.0,7.01666666666667,0,11,5
2016-05-07 11:20:00,100,106.37,-6.37,6.37,False,Normal,24.323333333333295,22.033333333333296,34.2966666666667,37.66666666666671,4.0,40.0,6.93333333333333,0,11,5
2016-05-07 11:30:00,260,104.05,155.95,155.95,False,Normal,24.463333333333296,22.2,34.03,37.0,4.0,40.0,6.85,0,11,5
2016-05-07 11:40:00,250,106.16,143.84,143.84,False,Normal,24.533333333333296,22.366666666666696,33.9966666666667,36.33333333333329,4.0,40.0,6.76666666666667,0,11,5
2016-05-07 11:50:00,100,103.99,-3.99,3.99,False,Normal,24.6666666666667,22.533333333333296,33.6633333333333,35.6666666666667,4.0,40.0,6.68333333333333,0,11,5
2016-05-07 12:00:00,90,94.4,-4.4,4.4,False,Normal,24.79,22.7,32.7966666666667,35.0,4.0,40.0,6.6,0,12,5
2016-05-07 12:10:00,80,104.09,-24.09,24.09,False,Normal,24.8566666666667,22.8333333333333,33.13,34.0,4.16666666666667,40.0,6.2,0,12,5
2016-05-07 12:20:00,100,113.87,-13.87,13.87,False,Normal,24.89,22.9666666666667,32.9966666666667,33.0,4.3333333333333295,40.0,5.8,0,12,5
2016-05-07 12:30:00,80,111.77,-31.77,31.77,False,Normal,24.89,23.1,32.4633333333333,32.0,4.5,40.0,5.4,0,12,5
2016-05-07 12:40:00,90,113.58,-23.58,23.58,False,Normal,24.89,23.233333333333295,32.1266666666667,31.0,4.66666666666667,40.0,5.0,0,12,5
2016-05-07 12:50:00,80,116.39,-36.39,36.39,False,Normal,24.963333333333296,23.366666666666696,32.2,30.0,4.8333333333333295,40.0,4.6,0,12,5
2016-05-07 13:00:00,80,136.68,-56.68,56.68,False,Normal,25.033333333333296,23.5,32.4,29.0,5.0,40.0,4.2,10,13,5
2016-05-07 13:10:00,80,117.81,-37.81,37.81,False,Normal,25.1,23.5833333333333,32.6,28.8333333333333,5.16666666666667,40.0,4.25,0,13,5
2016-05-07 13:20:00,70,140.3,-70.3,70.3,False,Normal,25.1,23.6666666666667,32.6333333333333,28.6666666666667,5.3333333333333295,40.0,4.3,10,13,5
2016-05-07 13:30:00,80,116.53,-36.53,36.53,False,Normal,25.1,23.75,32.5,28.5,5.5,40.0,4.35,0,13,5
2016-05-07 13:40:00,70,110.47,-40.47,40.47,False,Normal,25.2,23.8333333333333,32.7,28.3333333333333,5.66666666666667,40.0,4.4,0,13,5
2016-05-07 13:50:00,70,109.6,-39.6,39.6,False,Normal,25.26,23.9166666666667,32.7,28.1666666666667,5.8333333333333295,40.0,4.45,0,13,5
2016-05-07 14:00:00,70,107.31,-37.31,37.31,False,Normal,25.29,24.0,32.8266666666667,28.0,6.0,40.0,4.5,0,14,5
2016-05-07 14:10:00,80,105.11,-25.11,25.11,False,Normal,25.365,24.1,32.9,27.5,5.66666666666667,40.0,4.25,0,14,5
2016-05-07 14:20:00,100,102.94,-2.94,2.94,False,Normal,25.463333333333296,24.2,32.3,27.0,5.3333333333333295,40.0,4.0,0,14,5
2016-05-07 14:30:00,90,111.7,-21.7,21.7,False,Normal,25.5,24.3,32.43,26.5,5.0,40.0,3.75,0,14,5
2016-05-07 14:40:00,90,111.77,-21.77,21.77,False,Normal,25.566666666666695,24.4,32.3566666666667,26.0,4.66666666666667,40.0,3.5,0,14,5
2016-05-07 14:50:00,100,103.4,-3.4,3.4,False,Normal,25.6,24.5,31.43,25.5,4.3333333333333295,40.0,3.25,0,14,5
2016-05-07 15:00:00,110,99.85,10.15,10.15,False,Normal,25.6,24.6,31.29,25.0,4.0,40.0,3.0,0,15,5
2016-05-07 15:10:00,110,99.07,10.93,10.93,False,Normal,25.6333333333333,24.733333333333295,31.1333333333333,25.3333333333333,4.0,40.0,3.3333333333333295,0,15,5
2016-05-07 15:20:00,100,94.78,5.22,5.22,False,Normal,25.7,24.866666666666696,30.9266666666667,25.6666666666667,4.0,40.0,3.6666666666666705,0,15,5
2016-05-07 15:30:00,110,92.34,17.66,17.66,False,Normal,25.6333333333333,25.0,30.79,26.0,4.0,40.0,4.0,0,15,5
2016-05-07 15:40:00,100,92.25,7.75,7.75,False,Normal,25.7,25.1333333333333,30.8566666666667,26.3333333333333,4.0,40.0,4.3333333333333295,0,15,5
2016-05-07 15:50:00,90,91.6,-1.6,1.6,False,Normal,25.6333333333333,25.2666666666667,30.89,26.6666666666667,4.0,40.0,4.66666666666667,0,15,5
2016-05-07 16:00:00,100,92.57,7.43,7.43,False,Normal,25.7,25.4,30.963333333333296,27.0,4.0,40.0,5.0,0,16,5
2016-05-07 16:10:00,90,91.36,-1.36,1.36,False,Normal,25.7,25.35,31.23,26.8333333333333,4.0,40.0,4.85,0,16,5
2016-05-07 16:20:00,100,90.63,9.37,9.37,False,Normal,25.6333333333333,25.3,31.3566666666667,26.6666666666667,4.0,40.0,4.7,0,16,5
2016-05-07 16:30:00,90,88.91,1.09,1.09,False,Normal,25.6,25.25,31.6966666666667,26.5,4.0,40.0,4.55,0,16,5
2016-05-07 16:40:00,90,87.77,2.23,2.23,False,Normal,25.6,25.2,32.0233333333333,26.3333333333333,4.0,40.0,4.4,0,16,5
2016-05-07 16:50:00,80,91.55,-11.55,11.55,False,Normal,25.566666666666695,25.15,32.53,26.1666666666667,4.0,40.0,4.25,0,16,5
2016-05-07 17:00:00,90,95.1,-5.1,5.1,False,Normal,25.5,25.1,32.59,26.0,4.0,40.0,4.1,0,17,5
2016-05-07 17:10:00,80,102.78,-22.78,22.78,False,Normal,25.5,24.683333333333305,32.8,28.6666666666667,3.8333333333333295,40.0,4.93333333333333,0,17,5
2016-05-07 17:20:00,90,111.6,-21.6,21.6,False,Normal,25.5,24.2666666666667,33.1333333333333,31.3333333333333,3.6666666666666705,40.0,5.76666666666667,0,17,5
2016-05-07 17:30:00,90,118.96,-28.96,28.96,False,Normal,25.5,23.85,33.4333333333333,34.0,3.5,40.0,6.6,0,17,5
2016-05-07 17:40:00,80,125.36,-45.36,45.36,False,Normal,25.5,23.433333333333305,33.375,36.66666666666671,3.3333333333333295,40.0,7.43333333333333,0,17,5
2016-05-07 17:50:00,70,130.87,-60.87,60.87,False,Normal,25.5,23.0166666666667,33.0,39.33333333333329,3.16666666666667,40.0,8.26666666666667,0,17,5
2016-05-07 18:00:00,80,134.54,-54.54,54.54,False,Normal,25.5,22.6,32.86,42.0,3.0,40.0,9.1,0,18,5
2016-05-07 18:10:00,560,162.87,397.13,397.13,True,High,25.5,22.8,33.6,41.0,3.0,40.0,8.9,10,18,5
2016-05-07 18:20:00,630,154.18,475.82,475.82,True,High,25.5,23.0,35.1933333333333,40.0,3.0,40.0,8.699999999999998,0,18,5
2016-05-07 18:30:00,230,165.37,64.63,64.63,False,Normal,25.5,23.2,36.933333333333294,39.0,3.0,40.0,8.5,0,18,5
2016-05-07 18:40:00,100,184.95,-84.95,84.95,False,Normal,25.5,23.4,40.03,38.0,3.0,40.0,8.3,0,18,5
2016-05-07 18:50:00,110,142.73,-32.73,32.73,False,Normal,25.5,23.6,37.76333333333329,37.0,3.0,40.0,8.099999999999998,0,18,5
2016-05-07 19:00:00,120,131.89,-11.89,11.89,False,Normal,25.5,23.8,37.16,36.0,3.0,40.0,7.9,0,19,5
2016-05-07 19:10:00,130,125.79,4.21,4.21,False,Normal,25.4266666666667,23.616666666666696,36.9666666666667,37.5,2.8333333333333295,40.0,8.28333333333333,0,19,5
2016-05-07 19:20:00,120,131.51,-11.51,11.51,False,Normal,25.39,23.433333333333305,37.2266666666667,39.0,2.66666666666667,40.0,8.66666666666667,0,19,5
2016-05-07 19:30:00,140,135.88,4.12,4.12,False,Normal,25.39,23.25,37.56,40.5,2.5,40.0,9.05,0,19,5
2016-05-07 19:40:00,100,152.69,-52.69,52.69,False,Normal,25.29,23.066666666666695,38.03,42.0,2.3333333333333295,40.0,9.43333333333333,10,19,5
2016-05-07 19:50:00,110,123.74,-13.74,13.74,False,Normal,25.29,22.8833333333333,38.43,43.5,2.16666666666667,40.0,9.81666666666667,0,19,5
2016-05-07 20:00:00,100,112.75,-12.75,12.75,False,Normal,25.26,22.7,38.6566666666667,45.0,2.0,40.0,10.2,0,20,5
2016-05-07 20:10:00,100,103.73,-3.73,3.73,False,Normal,25.1333333333333,22.4666666666667,38.863333333333294,46.16666666666671,1.8333333333333297,40.0,10.3333333333333,0,20,5
2016-05-07 20:20:00,100,94.46,5.54,5.54,False,Normal,25.1,22.233333333333295,38.9,47.33333333333329,1.66666666666667,40.0,10.4666666666667,0,20,5
2016-05-07 20:30:00,100,87.99,12.01,12.01,False,Normal,25.1,22.0,38.9666666666667,48.5,1.5,40.0,10.6,0,20,5
2016-05-07 20:40:00,70,80.87,-10.87,10.87,False,Normal,25.1,21.7666666666667,39.03,49.66666666666671,1.33333333333333,40.0,10.7333333333333,0,20,5
2016-05-07 20:50:00,50,77.03,-27.03,27.03,False,Normal,25.1,21.533333333333296,39.09,50.83333333333329,1.16666666666667,40.0,10.8666666666667,0,20,5
2016-05-07 21:00:00,50,98.82,-48.82,48.82,False,Normal,25.1,21.3,39.0,52.0,1.0,40.0,11.0,10,21,5
2016-05-07 21:10:00,60,79.02,-19.02,19.02,False,Normal,25.066666666666695,20.7166666666667,38.863333333333294,53.66666666666671,1.0,40.0,10.9,0,21,5
2016-05-07 21:20:00,60,77.52,-17.52,17.52,False,Normal,25.0,20.1333333333333,38.79,55.33333333333329,1.0,40.0,10.8,0,21,5
2016-05-07 21:30:00,50,77.25,-27.25,27.25,False,Normal,25.0,19.55,38.7,57.0,1.0,40.0,10.7,0,21,5
2016-05-07 21:40:00,60,81.38,-21.38,21.38,False,Normal,25.0,18.9666666666667,38.7,58.66666666666671,1.0,40.0,10.6,0,21,5
2016-05-07 21:50:00,60,79.91,-19.91,19.91,False,Normal,24.89,18.3833333333333,38.6266666666667,60.33333333333329,1.0,40.0,10.5,0,21,5
2016-05-07 22:00:00,70,104.9,-34.9,34.9,False,Normal,24.89,17.8,38.6266666666667,62.0,1.0,40.0,10.4,10,22,5
2016-05-07 22:10:00,60,85.07,-25.07,25.07,False,Normal,24.89,17.4333333333333,38.6566666666667,63.66666666666671,1.0,40.0,10.4333333333333,0,22,5
2016-05-07 22:20:00,70,87.15,-17.15,17.15,False,Normal,24.89,17.0666666666667,38.79,65.3333333333333,1.0,40.0,10.4666666666667,0,22,5
2016-05-07 22:30:00,50,87.44,-37.44,37.44,False,Normal,24.89,16.7,38.79,67.0,1.0,40.0,10.5,0,22,5
2016-05-07 22:40:00,50,88.15,-38.15,38.15,False,Normal,24.89,16.3333333333333,38.863333333333294,68.6666666666667,1.0,40.0,10.5333333333333,0,22,5
2016-05-07 22:50:00,50,87.2,-37.2,37.2,False,Normal,24.8566666666667,15.9666666666667,38.79,70.3333333333333,1.0,40.0,10.5666666666667,0,22,5
2016-05-07 23:00:00,60,89.27,-29.27,29.27,False,Normal,24.79,15.6,38.79,72.0,1.0,40.0,10.6,0,23,5
2016-05-07 23:10:00,50,91.44,-41.44,41.44,False,Normal,24.79,15.2666666666667,38.79,73.5,1.0,40.0,10.55,0,23,5
2016-05-07 23:20:00,50,92.34,-42.34,42.34,False,Normal,24.79,14.9333333333333,38.79,75.0,1.0,40.0,10.5,0,23,5
2016-05-07 23:30:00,60,95.36,-35.36,35.36,False,Normal,24.79,14.6,38.79,76.5,1.0,40.0,10.45,0,23,5
2016-05-07 23:40:00,60,97.42,-37.42,37.42,False,Normal,24.79,14.2666666666667,38.79,78.0,1.0,40.0,10.4,0,23,5
2016-05-07 23:50:00,60,99.98,-39.98,39.98,False,Normal,24.73,13.9333333333333,38.79,79.5,1.0,40.0,10.35,0,23,5
2016-05-08 00:00:00,60,83.85,-23.85,23.85,False,Normal,24.73,13.6,38.79,81.0,1.0,40.0,10.3,0,0,6
2016-05-08 00:10:00,60,83.52,-23.52,23.52,False,Normal,24.7,13.5,38.8266666666667,81.3333333333333,1.16666666666667,40.0,10.2833333333333,0,0,6
2016-05-08 00:20:00,60,83.53,-23.53,23.53,False,Normal,24.7,13.4,38.9,81.6666666666667,1.33333333333333,40.0,10.2666666666667,0,0,6
2016-05-08 00:30:00,50,81.75,-31.75,31.75,False,Normal,24.7,13.3,38.9,82.0,1.5,40.0,10.25,0,0,6
2016-05-08 00:40:00,60,81.12,-21.12,21.12,False,Normal,24.7,13.2,38.9,82.3333333333333,1.66666666666667,40.0,10.2333333333333,0,0,6
2016-05-08 00:50:00,60,83.6,-23.6,23.6,False,Normal,24.6333333333333,13.1,38.8266666666667,82.6666666666667,1.8333333333333297,40.0,10.2166666666667,0,0,6
2016-05-08 01:00:00,60,84.08,-24.08,24.08,False,Normal,24.6666666666667,13.0,38.863333333333294,83.0,2.0,40.0,10.2,0,1,6
2016-05-08 01:10:00,50,81.43,-31.43,31.43,False,Normal,24.6,12.8833333333333,38.79,83.3333333333333,1.8333333333333297,40.0,10.1333333333333,0,1,6
2016-05-08 01:20:00,40,85.8,-45.8,45.8,False,Normal,24.6,12.7666666666667,38.9,83.6666666666667,1.66666666666667,40.0,10.0666666666667,0,1,6
2016-05-08 01:30:00,60,85.75,-25.75,25.75,False,Normal,24.6,12.65,38.9,84.0,1.5,40.0,10.0,0,1,6
2016-05-08 01:40:00,50,86.02,-36.02,36.02,False,Normal,24.6,12.5333333333333,38.9,84.3333333333333,1.33333333333333,40.0,9.93333333333333,0,1,6
2016-05-08 01:50:00,50,86.6,-36.6,36.6,False,Normal,24.6,12.4166666666667,38.9,84.6666666666667,1.16666666666667,40.0,9.86666666666667,0,1,6
2016-05-08 02:00:00,50,86.63,-36.63,36.63,False,Normal,24.566666666666695,12.3,38.933333333333294,85.0,1.0,40.0,9.8,0,2,6
2016-05-08 02:10:00,60,89.78,-29.78,29.78,False,Normal,24.5,12.25,39.0,85.1666666666667,1.16666666666667,37.83333333333329,9.783333333333328,0,2,6
2016-05-08 02:20:00,50,86.81,-36.81,36.81,False,Normal,24.5,12.2,39.0,85.3333333333333,1.33333333333333,35.66666666666669,9.76666666666667,0,2,6
2016-05-08 02:30:00,60,89.76,-29.76,29.76,False,Normal,24.5,12.15,39.0,85.5,1.5,33.5,9.75,0,2,6
2016-05-08 02:40:00,60,90.61,-30.61,30.61,False,Normal,24.5,12.1,39.0,85.6666666666667,1.66666666666667,31.3333333333333,9.733333333333329,0,2,6
2016-05-08 02:50:00,50,92.64,-42.64,42.64,False,Normal,24.5,12.05,39.06,85.8333333333333,1.8333333333333297,29.166666666666696,9.71666666666667,0,2,6
2016-05-08 03:00:00,60,95.84,-35.84,35.84,False,Normal,24.463333333333296,12.0,39.06,86.0,2.0,27.0,9.7,0,3,6
2016-05-08 03:10:00,50,97.64,-47.64,47.64,False,Normal,24.463333333333296,12.1333333333333,39.06,85.8333333333333,2.0,27.166666666666696,9.8,0,3,6
2016-05-08 03:20:00,60,96.02,-36.02,36.02,False,Normal,24.463333333333296,12.2666666666667,39.09,85.6666666666667,2.0,27.3333333333333,9.9,0,3,6
2016-05-08 03:30:00,60,94.24,-34.24,34.24,False,Normal,24.39,12.4,39.09,85.5,2.0,27.5,10.0,0,3,6
2016-05-08 03:40:00,50,92.54,-42.54,42.54,False,Normal,24.39,12.5333333333333,39.09,85.3333333333333,2.0,27.666666666666696,10.1,0,3,6
2016-05-08 03:50:00,60,91.32,-31.32,31.32,False,Normal,24.39,12.6666666666667,39.09,85.1666666666667,2.0,27.8333333333333,10.2,0,3,6
2016-05-08 04:00:00,50,90.63,-40.63,40.63,False,Normal,24.39,12.8,39.1633333333333,85.0,2.0,28.0,10.3,0,4,6
2016-05-08 04:10:00,40,90.21,-50.21,50.21,False,Normal,24.39,12.9,39.3266666666667,85.3333333333333,1.8333333333333297,27.5,10.45,0,4,6
2016-05-08 04:20:00,50,87.88,-37.88,37.88,False,Normal,24.39,13.0,39.4,85.6666666666667,1.66666666666667,27.0,10.6,0,4,6
2016-05-08 04:30:00,50,85.78,-35.78,35.78,False,Normal,24.39,13.1,39.5,86.0,1.5,26.5,10.75,0,4,6
2016-05-08 04:40:00,50,83.31,-33.31,33.31,False,Normal,24.323333333333295,13.2,39.56,86.3333333333333,1.33333333333333,26.0,10.9,0,4,6
2016-05-08 04:50:00,60,82.94,-22.94,22.94,False,Normal,24.29,13.3,39.6266666666667,86.6666666666667,1.16666666666667,25.5,11.05,0,4,6
2016-05-08 05:00:00,60,83.14,-23.14,23.14,False,Normal,24.29,13.4,39.7,87.0,1.0,25.0,11.2,0,5,6
2016-05-08 05:10:00,60,83.1,-23.1,23.1,False,Normal,24.29,13.4666666666667,39.7,85.8333333333333,1.0,25.666666666666696,11.0666666666667,0,5,6
2016-05-08 05:20:00,50,81.91,-31.91,31.91,False,Normal,24.29,13.5333333333333,39.76,84.6666666666667,1.0,26.3333333333333,10.9333333333333,0,5,6
2016-05-08 05:30:00,60,81.46,-21.46,21.46,False,Normal,24.2,13.6,39.7,83.5,1.0,27.0,10.8,0,5,6
2016-05-08 05:40:00,50,80.41,-30.41,30.41,False,Normal,24.2,13.6666666666667,39.76,82.3333333333333,1.0,27.666666666666696,10.6666666666667,0,5,6
2016-05-08 05:50:00,60,79.13,-19.13,19.13,False,Normal,24.2,13.7333333333333,39.79,81.1666666666667,1.0,28.3333333333333,10.5333333333333,0,5,6
2016-05-08 06:00:00,50,81.86,-31.86,31.86,False,Normal,24.2,13.8,39.863333333333294,80.0,1.0,29.0,10.4,0,6,6
2016-05-08 06:10:00,60,83.96,-23.96,23.96,False,Normal,24.2,13.7166666666667,39.9,80.3333333333333,1.0,29.0,10.3833333333333,0,6,6
2016-05-08 06:20:00,50,85.69,-35.69,35.69,False,Normal,24.2,13.6333333333333,39.9666666666667,80.6666666666667,1.0,29.0,10.3666666666667,0,6,6
2016-05-08 06:30:00,50,87.71,-37.71,37.71,False,Normal,24.1666666666667,13.55,40.0,81.0,1.0,29.0,10.35,0,6,6
2016-05-08 06:40:00,50,89.22,-39.22,39.22,False,Normal,24.1,13.4666666666667,40.0,81.3333333333333,1.0,29.0,10.3333333333333,0,6,6
2016-05-08 06:50:00,40,89.76,-49.76,49.76,False,Normal,24.1,13.3833333333333,40.03,81.6666666666667,1.0,29.0,10.3166666666667,0,6,6
2016-05-08 07:00:00,60,91.74,-31.74,31.74,False,Normal,24.1,13.3,40.09,82.0,1.0,29.0,10.3,0,7,6
2016-05-08 07:10:00,40,90.72,-50.72,50.72,False,Normal,24.1,13.7166666666667,40.09,80.5,1.0,28.666666666666696,10.4,0,7,6
2016-05-08 07:20:00,50,92.41,-42.41,42.41,False,Normal,24.1,14.1333333333333,40.2,79.0,1.0,28.3333333333333,10.5,0,7,6
2016-05-08 07:30:00,60,97.37,-37.37,37.37,False,Normal,24.1,14.55,40.26,77.5,1.0,28.0,10.6,0,7,6
2016-05-08 07:40:00,90,110.34,-20.34,20.34,False,Normal,24.1,14.9666666666667,40.86,76.0,1.0,27.666666666666696,10.7,0,7,6
2016-05-08 07:50:00,60,105.89,-45.89,45.89,False,Normal,24.1,15.3833333333333,41.33333333333329,74.5,1.0,27.3333333333333,10.8,0,7,6
2016-05-08 08:00:00,70,113.79,-43.79,43.79,False,Normal,24.1,15.8,41.6266666666667,73.0,1.0,27.0,10.9,0,8,6
2016-05-08 08:10:00,60,143.9,-83.9,83.9,False,Normal,24.1666666666667,16.2833333333333,41.7,70.8333333333333,1.0,29.166666666666696,10.8666666666667,10,8,6
2016-05-08 08:20:00,400,136.12,263.88,263.88,True,Moderate,24.2,16.7666666666667,42.2566666666667,68.6666666666667,1.0,31.3333333333333,10.8333333333333,0,8,6
2016-05-08 08:30:00,130,150.87,-20.87,20.87,False,Normal,24.26,17.25,43.39,66.5,1.0,33.5,10.8,0,8,6
2016-05-08 08:40:00,370,149.53,220.47,220.47,True,Moderate,24.23,17.7333333333333,42.69333333333329,64.3333333333333,1.0,35.66666666666669,10.7666666666667,0,8,6
2016-05-08 08:50:00,70,145.47,-75.47,75.47,False,Normal,24.29,18.2166666666667,42.3,62.16666666666671,1.0,37.83333333333329,10.7333333333333,0,8,6
2016-05-08 09:00:00,330,148.38,181.62,181.62,False,Normal,24.323333333333295,18.7,42.06,60.0,1.0,40.0,10.7,0,9,6
2016-05-08 09:10:00,230,143.86,86.14,86.14,False,Normal,24.39,19.0166666666667,41.933333333333294,58.83333333333329,1.16666666666667,40.0,10.6833333333333,0,9,6
2016-05-08 09:20:00,60,138.95,-78.95,78.95,False,Normal,24.39,19.3333333333333,41.79,57.66666666666671,1.33333333333333,40.0,10.6666666666667,0,9,6
2016-05-08 09:30:00,80,130.88,-50.88,50.88,False,Normal,24.39,19.65,41.79,56.5,1.5,40.0,10.65,0,9,6
2016-05-08 09:40:00,80,134.92,-54.92,54.92,False,Normal,24.5,19.9666666666667,41.9,55.33333333333329,1.66666666666667,40.0,10.6333333333333,0,9,6
2016-05-08 09:50:00,80,136.06,-56.06,56.06,False,Normal,24.566666666666695,20.283333333333296,41.9,54.16666666666671,1.8333333333333297,40.0,10.6166666666667,0,9,6
2016-05-08 10:00:00,410,138.59,271.41,271.41,True,Moderate,24.6,20.6,42.06,53.0,2.0,40.0,10.6,0,10,6
2016-05-08 10:10:00,180,141.8,38.2,38.2,False,Normal,24.6666666666667,21.0166666666667,42.06,52.0,2.0,40.0,10.7,0,10,6
2016-05-08 10:20:00,50,150.89,-100.89,100.89,False,Normal,24.7,21.433333333333305,42.36,51.0,2.0,40.0,10.8,0,10,6
2016-05-08 10:30:00,60,155.54,-95.54,95.54,False,Normal,24.7675,21.85,42.475,50.0,2.0,40.0,10.9,0,10,6
2016-05-08 10:40:00,50,158.52,-108.52,108.52,False,Normal,24.79,22.2666666666667,42.4,49.0,2.0,40.0,11.0,0,10,6
2016-05-08 10:50:00,60,160.81,-100.81,100.81,False,Normal,24.823333333333295,22.683333333333305,42.26,48.0,2.0,40.0,11.1,0,10,6
2016-05-08 11:00:00,50,161.88,-111.88,111.88,False,Normal,24.89,23.1,42.1266666666667,47.0,2.0,40.0,11.2,0,11,6
2016-05-08 11:10:00,50,164.08,-114.08,114.08,False,Normal,24.89,23.15,41.93,46.83333333333329,2.16666666666667,40.0,11.1833333333333,0,11,6
2016-05-08 11:20:00,50,164.14,-114.14,114.14,False,Normal,24.89,23.2,41.6566666666667,46.66666666666671,2.3333333333333295,40.0,11.1666666666667,0,11,6
2016-05-08 11:30:00,50,167.71,-117.71,117.71,False,Normal,24.89,23.25,41.363333333333294,46.5,2.5,40.0,11.15,0,11,6
2016-05-08 11:40:00,60,171.73,-111.73,111.73,False,Normal,24.89,23.3,41.23,46.33333333333329,2.66666666666667,40.0,11.1333333333333,0,11,6
2016-05-08 11:50:00,40,174.93,-134.93,134.93,False,Normal,25.0,23.35,40.93,46.16666666666671,2.8333333333333295,40.0,11.1166666666667,0,11,6
2016-05-08 12:00:00,60,174.49,-114.49,114.49,False,Normal,25.0,23.4,40.6566666666667,46.0,3.0,40.0,11.1,0,12,6
2016-05-08 12:10:00,50,174.06,-124.06,124.06,False,Normal,25.0,23.6,40.363333333333294,45.33333333333329,3.16666666666667,40.0,11.0666666666667,0,12,6
2016-05-08 12:20:00,60,175.12,-115.12,115.12,False,Normal,25.0,23.8,40.23,44.66666666666671,3.3333333333333295,40.0,11.0333333333333,0,12,6
2016-05-08 12:30:00,60,174.06,-114.06,114.06,False,Normal,25.066666666666695,24.0,40.06,44.0,3.5,40.0,11.0,0,12,6
2016-05-08 12:40:00,60,170.95,-110.95,110.95,False,Normal,25.066666666666695,24.2,39.933333333333294,43.33333333333329,3.6666666666666705,40.0,10.9666666666667,0,12,6
2016-05-08 12:50:00,50,167.17,-117.17,117.17,False,Normal,25.1,24.4,39.79,42.66666666666671,3.8333333333333295,40.0,10.9333333333333,0,12,6
2016-05-08 13:00:00,60,170.92,-110.92,110.92,False,Normal,25.1,24.6,39.6566666666667,42.0,4.0,40.0,10.9,0,13,6
2016-05-08 13:10:00,60,170.21,-110.21,110.21,False,Normal,25.1,24.7166666666667,39.4666666666667,40.66666666666671,4.0,40.0,10.45,0,13,6
2016-05-08 13:20:00,50,169.25,-119.25,119.25,False,Normal,25.1,24.8333333333333,39.4,39.33333333333329,4.0,40.0,10.0,0,13,6
2016-05-08 13:30:00,60,169.62,-109.62,109.62,False,Normal,25.1,24.95,39.223333333333294,38.0,4.0,40.0,9.55,0,13,6
2016-05-08 13:40:00,60,172.19,-112.19,112.19,False,Normal,25.1,25.066666666666695,39.03,36.66666666666671,4.0,40.0,9.1,0,13,6
2016-05-08 13:50:00,50,174.26,-124.26,124.26,False,Normal,25.1,25.183333333333305,38.845,35.3333333333333,4.0,40.0,8.65,0,13,6
2016-05-08 14:00:00,60,176.51,-116.51,116.51,False,Normal,25.1,25.3,38.6633333333333,34.0,4.0,40.0,8.199999999999998,0,14,6
2016-05-08 14:10:00,60,178.87,-118.87,118.87,False,Normal,25.1,25.2,38.53,33.8333333333333,4.0,40.0,8.05,0,14,6
2016-05-08 14:20:00,50,176.51,-126.51,126.51,False,Normal,25.1,25.1,38.363333333333294,33.6666666666667,4.0,40.0,7.9,0,14,6
2016-05-08 14:30:00,60,172.81,-112.81,112.81,False,Normal,25.1,25.0,38.23,33.5,4.0,40.0,7.75,0,14,6
2016-05-08 14:40:00,50,181.11,-131.11,131.11,False,Normal,25.1,24.9,38.06,33.3333333333333,4.0,40.0,7.599999999999999,0,14,6
2016-05-08 14:50:00,60,184.4,-124.4,124.4,False,Normal,25.1,24.8,37.933333333333294,33.1666666666667,4.0,40.0,7.45,0,14,6
2016-05-08 15:00:00,40,185.89,-145.89,145.89,False,Normal,25.1666666666667,24.7,37.76,33.0,4.0,40.0,7.3,0,15,6
2016-05-08 15:10:00,50,189.08,-139.08,139.08,False,Normal,25.1666666666667,24.65,37.7,33.0,4.0,40.0,7.25,0,15,6
2016-05-08 15:20:00,50,191.23,-141.23,141.23,False,Normal,25.1333333333333,24.6,37.56,33.0,4.0,40.0,7.2,0,15,6
2016-05-08 15:30:00,50,191.8,-141.8,141.8,False,Normal,25.2,24.55,37.433333333333294,33.0,4.0,40.0,7.15,0,15,6
2016-05-08 15:40:00,50,194.77,-144.77,144.77,False,Normal,25.1333333333333,24.5,37.26,33.0,4.0,40.0,7.1,0,15,6
2016-05-08 15:50:00,60,193.85,-133.85,133.85,False,Normal,25.2,24.45,37.1266666666667,33.0,4.0,40.0,7.05,0,15,6
2016-05-08 16:00:00,60,194.89,-134.89,134.89,False,Normal,25.2,24.4,37.0,33.0,4.0,40.0,7.0,0,16,6
2016-05-08 16:10:00,50,195.48,-145.48,145.48,False,Normal,25.1333333333333,24.683333333333305,36.933333333333294,32.6666666666667,4.0,40.0,7.0833333333333295,0,16,6
2016-05-08 16:20:00,60,197.6,-137.6,137.6,False,Normal,25.1333333333333,24.9666666666667,36.79,32.3333333333333,4.0,40.0,7.16666666666667,0,16,6
2016-05-08 16:30:00,50,194.83,-144.83,144.83,False,Normal,25.1333333333333,25.25,36.73,32.0,4.0,40.0,7.25,0,16,6
2016-05-08 16:40:00,60,189.39,-129.39,129.39,False,Normal,25.1666666666667,25.533333333333296,36.59,31.6666666666667,4.0,40.0,7.3333333333333295,0,16,6
2016-05-08 16:50:00,50,183.34,-133.34,133.34,False,Normal,25.1,25.816666666666695,36.53,31.3333333333333,4.0,40.0,7.416666666666669,0,16,6
2016-05-08 17:00:00,70,179.77,-109.77,109.77,False,Normal,25.1333333333333,26.1,36.363333333333294,31.0,4.0,40.0,7.5,0,17,6
2016-05-08 17:10:00,50,176.15,-126.15,126.15,False,Normal,25.2,26.033333333333296,36.23,29.8333333333333,4.5,40.0,6.85,0,17,6
2016-05-08 17:20:00,60,176.95,-116.95,116.95,False,Normal,25.15,25.9666666666667,36.145,28.6666666666667,5.0,40.0,6.2,0,17,6
2016-05-08 17:30:00,60,178.78,-118.78,118.78,False,Normal,25.1,25.9,36.0,27.5,5.5,40.0,5.55,0,17,6
2016-05-08 17:40:00,60,180.13,-120.13,120.13,False,Normal,25.1,25.8333333333333,35.9333333333333,26.3333333333333,6.0,40.0,4.9,0,17,6
2016-05-08 17:50:00,40,181.46,-141.46,141.46,False,Normal,25.1,25.7666666666667,35.76,25.1666666666667,6.5,40.0,4.25,0,17,6
2016-05-08 18:00:00,60,183.31,-123.31,123.31,False,Normal,25.1,25.7,35.6266666666667,24.0,7.0,40.0,3.6,0,18,6
2016-05-08 18:10:00,40,184.31,-144.31,144.31,False,Normal,25.1,25.6,35.5,24.5,6.66666666666667,38.16666666666669,3.7666666666666706,0,18,6
2016-05-08 18:20:00,50,183.65,-133.65,133.65,False,Normal,25.1,25.5,35.4333333333333,25.0,6.3333333333333295,36.33333333333329,3.9333333333333296,0,18,6
2016-05-08 18:30:00,40,181.94,-141.94,141.94,False,Normal,25.1,25.4,35.3633333333333,25.5,6.0,34.5,4.1,0,18,6
2016-05-08 18:40:00,50,183.27,-133.27,133.27,False,Normal,25.1,25.3,35.29,26.0,5.66666666666667,32.66666666666669,4.26666666666667,0,18,6
2016-05-08 18:50:00,60,181.5,-121.5,121.5,False,Normal,25.1,25.2,35.26,26.5,5.3333333333333295,30.8333333333333,4.43333333333333,0,18,6
2016-05-08 19:00:00,50,179.32,-129.32,129.32,False,Normal,25.1,25.1,35.2,27.0,5.0,29.0,4.6,0,19,6
2016-05-08 19:10:00,60,176.31,-116.31,116.31,False,Normal,25.033333333333296,24.8833333333333,35.1633333333333,27.8333333333333,4.8333333333333295,30.8333333333333,4.8333333333333295,0,19,6
2016-05-08 19:20:00,50,170.64,-120.64,120.64,False,Normal,25.033333333333296,24.6666666666667,35.09,28.6666666666667,4.66666666666667,32.66666666666669,5.06666666666667,0,19,6
2016-05-08 19:30:00,50,165.39,-115.39,115.39,False,Normal,25.0,24.45,35.09,29.5,4.5,34.5,5.3,0,19,6
2016-05-08 19:40:00,60,157.66,-97.66,97.66,False,Normal,25.0,24.233333333333295,35.09,30.3333333333333,4.3333333333333295,36.33333333333329,5.53333333333333,0,19,6
2016-05-08 19:50:00,90,170.66,-80.66,80.66,False,Normal,25.0,24.0166666666667,35.1566666666667,31.1666666666667,4.16666666666667,38.16666666666669,5.76666666666667,10,19,6
2016-05-08 20:00:00,70,141.37,-71.37,71.37,False,Normal,25.0,23.8,35.6233333333333,32.0,4.0,40.0,6.0,0,20,6
2016-05-08 20:10:00,90,135.48,-45.48,45.48,False,Normal,25.0,23.366666666666696,36.03,33.6666666666667,4.0,40.0,6.3,0,20,6
2016-05-08 20:20:00,80,125.71,-45.71,45.71,False,Normal,24.9266666666667,22.933333333333305,36.223333333333294,35.3333333333333,4.0,40.0,6.6,0,20,6
2016-05-08 20:30:00,80,144.81,-64.81,64.81,False,Normal,24.89,22.5,36.59,37.0,4.0,40.0,6.9,10,20,6
2016-05-08 20:40:00,70,120.07,-50.07,50.07,False,Normal,24.89,22.066666666666695,36.6175,38.66666666666671,4.0,40.0,7.2,0,20,6
2016-05-08 20:50:00,80,111.58,-31.58,31.58,False,Normal,24.823333333333295,21.6333333333333,36.7,40.33333333333329,4.0,40.0,7.5,0,20,6
2016-05-08 21:00:00,70,107.97,-37.97,37.97,False,Normal,24.79,21.2,37.1333333333333,42.0,4.0,40.0,7.8,0,21,6
2016-05-08 21:10:00,80,103.55,-23.55,23.55,False,Normal,24.79,21.0,37.5266666666667,42.66666666666671,4.0,40.0,7.8333333333333295,0,21,6
2016-05-08 21:20:00,60,102.69,-42.69,42.69,False,Normal,24.76,20.8,37.4666666666667,43.33333333333329,4.0,40.0,7.866666666666669,0,21,6
2016-05-08 21:30:00,50,98.53,-48.53,48.53,False,Normal,24.7,20.6,37.66,44.0,4.0,40.0,7.9,0,21,6
2016-05-08 21:40:00,60,104.3,-44.3,44.3,False,Normal,24.7,20.4,38.36,44.66666666666671,4.0,40.0,7.93333333333333,0,21,6
2016-05-08 21:50:00,60,107.33,-47.33,47.33,False,Normal,24.7,20.2,38.6333333333333,45.33333333333329,4.0,40.0,7.96666666666667,0,21,6
2016-05-08 22:00:00,60,112.24,-52.24,52.24,False,Normal,24.6666666666667,20.0,38.723333333333294,46.0,4.0,40.0,8.0,0,22,6
2016-05-08 22:10:00,60,115.13,-55.13,55.13,False,Normal,24.6,19.45,38.463333333333296,48.5,3.6666666666666705,40.0,8.18333333333333,0,22,6
2016-05-08 22:20:00,60,118.72,-58.72,58.72,False,Normal,24.6,18.9,38.4,51.0,3.3333333333333295,40.0,8.36666666666667,0,22,6
2016-05-08 22:30:00,60,120.08,-60.08,60.08,False,Normal,24.6,18.35,38.4,53.5,3.0,40.0,8.55,0,22,6
2016-05-08 22:40:00,50,120.58,-70.58,70.58,False,Normal,24.6,17.8,38.4,56.0,2.66666666666667,40.0,8.733333333333329,0,22,6
2016-05-08 22:50:00,60,121.21,-61.21,61.21,False,Normal,24.6,17.25,38.4,58.5,2.3333333333333295,40.0,8.91666666666667,0,22,6
2016-05-08 23:00:00,50,128.54,-78.54,78.54,False,Normal,24.6,16.7,38.4,61.0,2.0,40.0,9.1,0,23,6
2016-05-08 23:10:00,60,124.39,-64.39,64.39,False,Normal,24.6,16.8,38.4,60.33333333333329,2.16666666666667,40.0,9.01666666666667,0,23,6
2016-05-08 23:20:00,50,122.33,-72.33,72.33,False,Normal,24.566666666666695,16.9,38.4,59.66666666666671,2.3333333333333295,40.0,8.93333333333333,0,23,6
2016-05-08 23:30:00,60,119.36,-59.36,59.36,False,Normal,24.566666666666695,17.0,38.4,59.0,2.5,40.0,8.849999999999998,0,23,6
2016-05-08 23:40:00,60,119.75,-59.75,59.75,False,Normal,24.6,17.1,38.4,58.33333333333329,2.66666666666667,40.0,8.76666666666667,0,23,6
2016-05-08 23:50:00,40,119.5,-79.5,79.5,False,Normal,24.533333333333296,17.2,38.4,57.66666666666671,2.8333333333333295,40.0,8.68333333333333,0,23,6
2016-05-09 00:00:00,60,93.34,-33.34,33.34,False,Normal,24.5,17.3,38.4,57.0,3.0,40.0,8.599999999999998,0,0,0
2016-05-09 00:10:00,50,91.74,-41.74,41.74,False,Normal,24.5,17.1166666666667,38.433333333333294,57.66666666666671,2.8333333333333295,40.0,8.58333333333333,0,0,0
2016-05-09 00:20:00,50,93.13,-43.13,43.13,False,Normal,24.5,16.9333333333333,38.433333333333294,58.33333333333329,2.66666666666667,40.0,8.56666666666667,0,0,0
2016-05-09 00:30:00,50,94.0,-44.0,44.0,False,Normal,24.5,16.75,38.5,59.0,2.5,40.0,8.55,0,0,0
2016-05-09 00:40:00,60,93.15,-33.15,33.15,False,Normal,24.5,16.5666666666667,38.5,59.66666666666671,2.3333333333333295,40.0,8.53333333333333,0,0,0
2016-05-09 00:50:00,60,95.54,-35.54,35.54,False,Normal,24.5,16.3833333333333,38.5,60.33333333333329,2.16666666666667,40.0,8.51666666666667,0,0,0
2016-05-09 01:00:00,50,98.49,-48.49,48.49,False,Normal,24.5,16.2,38.5,61.0,2.0,40.0,8.5,0,1,0
2016-05-09 01:10:00,70,102.13,-32.13,32.13,False,Normal,24.5,16.1,38.5,61.16666666666671,2.0,40.0,8.483333333333329,0,1,0
2016-05-09 01:20:00,50,105.55,-55.55,55.55,False,Normal,24.5,16.0,38.5,61.33333333333329,2.0,40.0,8.46666666666667,0,1,0
2016-05-09 01:30:00,60,105.81,-45.81,45.81,False,Normal,24.463333333333296,15.9,38.56,61.5,2.0,40.0,8.449999999999998,0,1,0
2016-05-09 01:40:00,60,105.63,-45.63,45.63,False,Normal,24.39,15.8,38.5,61.66666666666671,2.0,40.0,8.43333333333333,0,1,0
2016-05-09 01:50:00,60,105.48,-45.48,45.48,False,Normal,24.39,15.7,38.5,61.83333333333329,2.0,40.0,8.41666666666667,0,1,0
2016-05-09 02:00:00,50,107.01,-57.01,57.01,False,Normal,24.39,15.6,38.5,62.0,2.0,40.0,8.4,0,2,0
2016-05-09 02:10:00,60,110.23,-50.23,50.23,False,Normal,24.39,15.55,38.5,61.66666666666671,2.0,40.0,8.26666666666667,0,2,0
2016-05-09 02:20:00,60,108.58,-48.58,48.58,False,Normal,24.39,15.5,38.433333333333294,61.33333333333329,2.0,40.0,8.13333333333333,0,2,0
2016-05-09 02:30:00,60,107.42,-47.42,47.42,False,Normal,24.39,15.45,38.4,61.0,2.0,40.0,8.0,0,2,0
2016-05-09 02:40:00,50,106.1,-56.1,56.1,False,Normal,24.39,15.4,38.4,60.66666666666671,2.0,40.0,7.866666666666669,0,2,0
2016-05-09 02:50:00,50,107.96,-57.96,57.96,False,Normal,24.39,15.35,38.4,60.33333333333329,2.0,40.0,7.733333333333332,0,2,0
2016-05-09 03:00:00,50,109.99,-59.99,59.99,False,Normal,24.39,15.3,38.4,60.0,2.0,40.0,7.599999999999999,0,3,0
2016-05-09 03:10:00,60,111.85,-51.85,51.85,False,Normal,24.39,15.1833333333333,38.4,60.16666666666671,2.16666666666667,40.0,7.51666666666667,0,3,0
2016-05-09 03:20:00,40,112.57,-72.57,72.57,False,Normal,24.365,15.0666666666667,38.4,60.33333333333329,2.3333333333333295,40.0,7.43333333333333,0,3,0
2016-05-09 03:30:00,50,111.1,-61.1,61.1,False,Normal,24.29,14.95,38.4,60.5,2.5,40.0,7.349999999999999,0,3,0
2016-05-09 03:40:00,60,107.04,-47.04,47.04,False,Normal,24.29,14.8333333333333,38.3266666666667,60.66666666666671,2.66666666666667,40.0,7.26666666666667,0,3,0
2016-05-09 03:50:00,60,107.15,-47.15,47.15,False,Normal,24.29,14.7166666666667,38.4,60.83333333333329,2.8333333333333295,40.0,7.18333333333333,0,3,0
2016-05-09 04:00:00,50,103.79,-53.79,53.79,False,Normal,24.29,14.6,38.29,61.0,3.0,40.0,7.1,0,4,0
2016-05-09 04:10:00,60,104.13,-44.13,44.13,False,Normal,24.29,14.3,38.29,62.83333333333329,2.8333333333333295,40.0,7.21666666666667,0,4,0
2016-05-09 04:20:00,60,103.08,-43.08,43.08,False,Normal,24.29,14.0,38.29,64.6666666666667,2.66666666666667,40.0,7.3333333333333295,0,4,0
2016-05-09 04:30:00,50,105.62,-55.62,55.62,False,Normal,24.29,13.7,38.29,66.5,2.5,40.0,7.45,0,4,0
2016-05-09 04:40:00,60,104.75,-44.75,44.75,False,Normal,24.26,13.4,38.26,68.3333333333333,2.3333333333333295,40.0,7.56666666666667,0,4,0
2016-05-09 04:50:00,60,103.72,-43.72,43.72,False,Normal,24.2,13.1,38.26,70.1666666666667,2.16666666666667,40.0,7.68333333333333,0,4,0
2016-05-09 05:00:00,90,105.23,-15.23,15.23,False,Normal,24.2,12.8,38.23,72.0,2.0,40.0,7.8,0,5,0
2016-05-09 05:10:00,70,109.23,-39.23,39.23,False,Normal,24.2,12.3666666666667,38.76333333333329,74.1666666666667,1.8333333333333297,40.0,7.8,0,5,0
2016-05-09 05:20:00,50,119.05,-69.05,69.05,False,Normal,24.23,11.9333333333333,39.19333333333329,76.3333333333333,1.66666666666667,40.0,7.8,10,5,0
2016-05-09 05:30:00,60,116.18,-56.18,56.18,False,Normal,24.29,11.5,39.4666666666667,78.5,1.5,40.0,7.8,10,5,0
2016-05-09 05:40:00,70,91.19,-21.19,21.19,False,Normal,24.29,11.0666666666667,39.433333333333294,80.6666666666667,1.33333333333333,40.0,7.8,0,5,0
2016-05-09 05:50:00,50,88.34,-38.34,38.34,False,Normal,24.3566666666667,10.6333333333333,39.5,82.8333333333333,1.16666666666667,40.0,7.8,0,5,0
2016-05-09 06:00:00,60,108.53,-48.53,48.53,False,Normal,24.39,10.2,39.5,85.0,1.0,40.0,7.8,10,6,0
2016-05-09 06:10:00,40,82.84,-42.84,42.84,False,Normal,24.39,10.5166666666667,39.5,84.0,1.16666666666667,38.16666666666669,7.916666666666669,0,6,0
2016-05-09 06:20:00,70,80.85,-10.85,10.85,False,Normal,24.39,10.8333333333333,39.4,83.0,1.33333333333333,36.33333333333329,8.03333333333333,0,6,0
2016-05-09 06:30:00,50,80.99,-30.99,30.99,False,Normal,24.39,11.15,39.4,82.0,1.5,34.5,8.15,0,6,0
2016-05-09 06:40:00,60,84.34,-24.34,24.34,False,Normal,24.34,11.4666666666667,39.45,81.0,1.66666666666667,32.66666666666669,8.26666666666667,0,6,0
2016-05-09 06:50:00,50,91.57,-41.57,41.57,False,Normal,24.29,11.7833333333333,39.4666666666667,80.0,1.8333333333333297,30.8333333333333,8.38333333333333,0,6,0
2016-05-09 07:00:00,60,116.2,-56.2,56.2,False,Normal,24.29,12.1,39.4,79.0,2.0,29.0,8.5,10,7,0
2016-05-09 07:10:00,50,98.36,-48.36,48.36,False,Normal,24.29,12.5833333333333,39.4,77.5,2.0,30.8333333333333,8.66666666666667,0,7,0
2016-05-09 07:20:00,60,105.38,-45.38,45.38,False,Normal,24.29,13.0666666666667,39.3266666666667,76.0,2.0,32.66666666666669,8.83333333333333,0,7,0
2016-05-09 07:30:00,60,114.09,-54.09,54.09,False,Normal,24.29,13.55,39.29,74.5,2.0,34.5,9.0,0,7,0
2016-05-09 07:40:00,60,117.74,-57.74,57.74,False,Normal,24.23,14.0333333333333,39.23,73.0,2.0,36.33333333333329,9.16666666666667,0,7,0
2016-05-09 07:50:00,50,118.77,-68.77,68.77,False,Normal,24.23,14.5166666666667,39.2,71.5,2.0,38.16666666666669,9.33333333333333,0,7,0
2016-05-09 08:00:00,50,123.03,-73.03,73.03,False,Normal,24.23,15.0,39.1266666666667,70.0,2.0,40.0,9.5,0,8,0
2016-05-09 08:10:00,70,149.55,-79.55,79.55,False,Normal,24.26,15.35,39.09,68.5,2.16666666666667,40.0,9.5,10,8,0
2016-05-09 08:20:00,50,128.97,-78.97,78.97,False,Normal,24.26,15.7,39.09,67.0,2.3333333333333295,40.0,9.5,0,8,0
2016-05-09 08:30:00,70,135.35,-65.35,65.35,False,Normal,24.29,16.05,39.223333333333294,65.5,2.5,40.0,9.5,0,8,0
2016-05-09 08:40:00,60,136.04,-76.04,76.04,False,Normal,24.29,16.4,39.09,64.0,2.66666666666667,40.0,9.5,0,8,0
2016-05-09 08:50:00,70,136.35,-66.35,66.35,False,Normal,24.29,16.75,39.06,62.5,2.8333333333333295,40.0,9.5,0,8,0
2016-05-09 09:00:00,70,135.38,-65.38,65.38,False,Normal,24.29,17.1,38.933333333333294,61.0,3.0,40.0,9.5,0,9,0
2016-05-09 09:10:00,70,129.01,-59.01,59.01,False,Normal,24.39,17.45,38.9,59.66666666666671,3.16666666666667,40.0,9.483333333333329,0,9,0
2016-05-09 09:20:00,70,128.88,-58.88,58.88,False,Normal,24.39,17.8,38.9,58.33333333333329,3.3333333333333295,40.0,9.46666666666667,0,9,0
2016-05-09 09:30:00,70,130.69,-60.69,60.69,False,Normal,24.39,18.15,38.9,57.0,3.5,40.0,9.45,0,9,0
2016-05-09 09:40:00,60,152.02,-92.02,92.02,False,Normal,24.463333333333296,18.5,38.9666666666667,55.66666666666671,3.6666666666666705,40.0,9.43333333333333,10,9,0
2016-05-09 09:50:00,60,132.87,-72.87,72.87,False,Normal,24.5,18.85,39.09,54.33333333333329,3.8333333333333295,40.0,9.41666666666667,0,9,0
2016-05-09 10:00:00,60,135.41,-75.41,75.41,False,Normal,24.5,19.2,39.1725,53.0,4.0,40.0,9.4,0,10,0
2016-05-09 10:10:00,60,139.84,-79.84,79.84,False,Normal,24.5,19.433333333333305,39.2,52.16666666666671,3.8333333333333295,40.0,9.35,0,10,0
2016-05-09 10:20:00,50,139.57,-89.57,89.57,False,Normal,24.533333333333296,19.6666666666667,39.2,51.33333333333329,3.6666666666666705,40.0,9.3,0,10,0
2016-05-09 10:30:00,60,141.2,-81.2,81.2,False,Normal,24.6,19.9,39.26,50.5,3.5,40.0,9.25,0,10,0
2016-05-09 10:40:00,50,141.93,-91.93,91.93,False,Normal,24.6,20.1333333333333,39.29,49.66666666666671,3.3333333333333295,40.0,9.2,0,10,0
2016-05-09 10:50:00,50,146.75,-96.75,96.75,False,Normal,24.6,20.366666666666696,39.363333333333294,48.83333333333329,3.16666666666667,40.0,9.15,0,10,0
2016-05-09 11:00:00,50,142.47,-92.47,92.47,False,Normal,24.6333333333333,20.6,39.433333333333294,48.0,3.0,40.0,9.1,0,11,0
2016-05-09 11:10:00,50,142.96,-92.96,92.96,False,Normal,24.7,20.85,39.5,47.66666666666671,2.8333333333333295,40.0,9.21666666666667,0,11,0
2016-05-09 11:20:00,60,139.68,-79.68,79.68,False,Normal,24.73,21.1,39.5,47.33333333333329,2.66666666666667,40.0,9.33333333333333,0,11,0
2016-05-09 11:30:00,60,178.8,-118.8,118.8,False,Normal,24.79,21.35,39.56,47.0,2.5,40.0,9.45,20,11,0
2016-05-09 11:40:00,80,175.63,-95.63,95.63,False,Normal,24.79,21.6,39.6266666666667,46.66666666666671,2.3333333333333295,40.0,9.56666666666667,20,11,0
2016-05-09 11:50:00,70,152.0,-82.0,82.0,False,Normal,24.79,21.85,39.7,46.33333333333329,2.16666666666667,40.0,9.68333333333333,10,11,0
2016-05-09 12:00:00,70,131.92,-61.92,61.92,False,Normal,24.823333333333295,22.1,39.7666666666667,46.0,2.0,40.0,9.8,0,12,0
2016-05-09 12:10:00,60,137.22,-77.22,77.22,False,Normal,24.89,22.1,39.9,46.33333333333329,2.16666666666667,40.0,9.93333333333333,0,12,0
2016-05-09 12:20:00,230,138.5,91.5,91.5,False,Normal,24.9266666666667,22.1,39.933333333333294,46.66666666666671,2.3333333333333295,40.0,10.0666666666667,0,12,0
2016-05-09 12:30:00,190,203.09,-13.09,13.09,False,Normal,25.0,22.1,40.1333333333333,47.0,2.5,40.0,10.2,30,12,0
2016-05-09 12:40:00,180,182.42,-2.42,2.42,False,Normal,25.0,22.1,40.09,47.33333333333329,2.66666666666667,40.0,10.3333333333333,20,12,0
2016-05-09 12:50:00,80,186.06,-106.06,106.06,False,Normal,25.0,22.1,40.09,47.66666666666671,2.8333333333333295,40.0,10.4666666666667,20,12,0
2016-05-09 13:00:00,80,172.27,-92.27,92.27,False,Normal,25.0,22.1,40.2666666666667,48.0,3.0,40.0,10.6,10,13,0
2016-05-09 13:10:00,60,154.04,-94.04,94.04,False,Normal,25.0,22.2166666666667,40.4,47.5,3.0,40.0,10.55,0,13,0
2016-05-09 13:20:00,360,148.31,211.69,211.69,True,Moderate,25.1,22.3333333333333,40.345,47.0,3.0,40.0,10.5,0,13,0
2016-05-09 13:30:00,370,146.54,223.46,223.46,True,Moderate,25.1,22.45,40.4,46.5,3.0,40.0,10.45,0,13,0
2016-05-09 13:40:00,110,145.94,-35.94,35.94,False,Normal,25.1,22.566666666666695,40.5266666666667,46.0,3.0,40.0,10.4,0,13,0
2016-05-09 13:50:00,60,143.91,-83.91,83.91,False,Normal,25.1,22.683333333333305,40.59,45.5,3.0,40.0,10.35,0,13,0
2016-05-09 14:00:00,70,143.17,-73.17,73.17,False,Normal,25.1,22.8,40.59,45.0,3.0,40.0,10.3,0,14,0
2016-05-09 14:10:00,240,142.13,97.87,97.87,False,Normal,25.1,22.75,40.4666666666667,45.66666666666671,3.0,40.0,10.4666666666667,0,14,0
2016-05-09 14:20:00,60,144.07,-84.07,84.07,False,Normal,25.1666666666667,22.7,40.3266666666667,46.33333333333329,3.0,40.0,10.6333333333333,0,14,0
2016-05-09 14:30:00,50,143.71,-93.71,93.71,False,Normal,25.23,22.65,40.3666666666667,47.0,3.0,40.0,10.8,0,14,0
2016-05-09 14:40:00,60,145.39,-85.39,85.39,False,Normal,25.29,22.6,40.3666666666667,47.66666666666671,3.0,40.0,10.9666666666667,0,14,0
2016-05-09 14:50:00,50,143.08,-93.08,93.08,False,Normal,25.29,22.55,40.2,48.33333333333329,3.0,40.0,11.1333333333333,0,14,0
2016-05-09 15:00:00,60,145.54,-85.54,85.54,False,Normal,25.29,22.5,40.1266666666667,49.0,3.0,40.0,11.3,0,15,0
2016-05-09 15:10:00,80,139.25,-59.25,59.25,False,Normal,25.29,22.45,39.9,49.16666666666671,3.0,40.0,11.2666666666667,0,15,0
2016-05-09 15:20:00,60,137.3,-77.3,77.3,False,Normal,25.29,22.4,39.6266666666667,49.33333333333329,3.0,40.0,11.2333333333333,0,15,0
2016-05-09 15:30:00,80,141.09,-61.09,61.09,False,Normal,25.29,22.35,39.56,49.5,3.0,40.0,11.2,0,15,0
2016-05-09 15:40:00,70,184.79,-114.79,114.79,False,Normal,25.29,22.3,39.433333333333294,49.66666666666671,3.0,40.0,11.1666666666667,20,15,0
2016-05-09 15:50:00,70,185.41,-115.41,115.41,False,Normal,25.29,22.25,39.363333333333294,49.83333333333329,3.0,40.0,11.1333333333333,20,15,0
2016-05-09 16:00:00,70,206.63,-136.63,136.63,False,Normal,25.29,22.2,39.363333333333294,50.0,3.0,40.0,11.1,30,16,0
2016-05-09 16:10:00,70,180.2,-110.2,110.2,False,Normal,25.29,22.45,39.26,48.83333333333329,3.0,40.0,10.9666666666667,20,16,0
2016-05-09 16:20:00,70,176.32,-106.32,106.32,False,Normal,25.3566666666667,22.7,39.1266666666667,47.66666666666671,3.0,40.0,10.8333333333333,20,16,0
2016-05-09 16:30:00,70,176.1,-106.1,106.1,False,Normal,25.323333333333295,22.95,39.06,46.5,3.0,40.0,10.7,20,16,0
2016-05-09 16:40:00,100,172.1,-72.1,72.1,False,Normal,25.39,23.2,38.933333333333294,45.33333333333329,3.0,40.0,10.5666666666667,20,16,0
2016-05-09 16:50:00,90,170.02,-80.02,80.02,False,Normal,25.39,23.45,39.045,44.16666666666671,3.0,40.0,10.4333333333333,20,16,0
2016-05-09 17:00:00,90,181.97,-91.97,91.97,False,Normal,25.39,23.7,39.1266666666667,43.0,3.0,40.0,10.3,30,17,0
2016-05-09 17:10:00,90,157.23,-67.23,67.23,False,Normal,25.39,23.5833333333333,39.2,42.83333333333329,3.0,40.0,10.1166666666667,20,17,0
2016-05-09 17:20:00,170,154.43,15.57,15.57,False,Normal,25.39,23.4666666666667,39.2,42.66666666666671,3.0,40.0,9.93333333333333,20,17,0
2016-05-09 17:30:00,410,155.31,254.69,254.69,True,Moderate,25.39,23.35,39.33333333333329,42.5,3.0,40.0,9.75,20,17,0
2016-05-09 17:40:00,540,165.55,374.45,374.45,True,High,25.39,23.233333333333295,40.2566666666667,42.33333333333329,3.0,40.0,9.56666666666667,20,17,0
2016-05-09 17:50:00,310,173.92,136.08,136.08,False,Normal,25.463333333333296,23.116666666666696,41.9233333333333,42.16666666666671,3.0,40.0,9.383333333333328,20,17,0
2016-05-09 18:00:00,110,158.48,-48.48,48.48,False,Normal,25.5,23.0,43.393333333333295,42.0,3.0,40.0,9.2,10,18,0
2016-05-09 18:10:00,110,163.23,-53.23,53.23,False,Normal,25.5,22.866666666666696,44.2666666666667,42.5,3.0,40.0,9.26666666666667,10,18,0
2016-05-09 18:20:00,110,169.7,-59.7,59.7,False,Normal,25.6,22.733333333333295,43.8266666666667,43.0,3.0,40.0,9.33333333333333,20,18,0
2016-05-09 18:30:00,120,154.6,-34.6,34.6,False,Normal,25.6,22.6,43.5666666666667,43.5,3.0,40.0,9.4,20,18,0
2016-05-09 18:40:00,160,160.73,-0.73,0.73,False,Normal,25.6,22.4666666666667,43.1333333333333,44.0,3.0,40.0,9.46666666666667,30,18,0
2016-05-09 18:50:00,110,135.75,-25.75,25.75,False,Normal,25.6,22.3333333333333,42.86,44.5,3.0,40.0,9.533333333333328,20,18,0
2016-05-09 19:00:00,120,133.9,-13.9,13.9,False,Normal,25.6,22.2,42.7,45.0,3.0,40.0,9.6,20,19,0
2016-05-09 19:10:00,110,111.46,-1.46,1.46,False,Normal,25.6,21.933333333333305,42.7,46.83333333333329,2.8333333333333295,40.0,9.9,10,19,0
2016-05-09 19:20:00,110,90.06,19.94,19.94,False,Normal,25.6,21.6666666666667,42.6266666666667,48.66666666666671,2.66666666666667,40.0,10.2,0,19,0
2016-05-09 19:30:00,110,91.5,18.5,18.5,False,Normal,25.6,21.4,42.7,50.5,2.5,40.0,10.5,0,19,0
2016-05-09 19:40:00,100,91.89,8.11,8.11,False,Normal,25.5,21.1333333333333,42.7,52.33333333333329,2.3333333333333295,40.0,10.8,0,19,0
2016-05-09 19:50:00,110,91.33,18.67,18.67,False,Normal,25.566666666666695,20.866666666666696,42.7,54.16666666666671,2.16666666666667,40.0,11.1,0,19,0
2016-05-09 20:00:00,100,94.16,5.84,5.84,False,Normal,25.5,20.6,42.79,56.0,2.0,40.0,11.4,0,20,0
2016-05-09 20:10:00,100,91.16,8.84,8.84,False,Normal,25.5,20.3833333333333,42.745,56.83333333333329,2.0,38.16666666666669,11.4166666666667,0,20,0
2016-05-09 20:20:00,100,91.82,8.18,8.18,False,Normal,25.5,20.1666666666667,42.79,57.66666666666671,2.0,36.33333333333329,11.4333333333333,0,20,0
2016-05-09 20:30:00,120,130.85,-10.85,10.85,False,Normal,25.5,19.95,42.79,58.5,2.0,34.5,11.45,20,20,0
2016-05-09 20:40:00,80,128.25,-48.25,48.25,False,Normal,25.5,19.733333333333295,42.79,59.33333333333329,2.0,32.66666666666669,11.4666666666667,20,20,0
2016-05-09 20:50:00,70,130.03,-60.03,60.03,False,Normal,25.5,19.5166666666667,42.76,60.16666666666671,2.0,30.8333333333333,11.4833333333333,20,20,0
2016-05-09 21:00:00,70,149.96,-79.96,79.96,False,Normal,25.5,19.3,42.7,61.0,2.0,29.0,11.5,30,21,0
2016-05-09 21:10:00,70,126.19,-56.19,56.19,False,Normal,25.5,19.3333333333333,42.59,60.5,2.3333333333333295,30.8333333333333,11.4333333333333,20,21,0
2016-05-09 21:20:00,70,123.69,-53.69,53.69,False,Normal,25.5,19.366666666666696,42.59,60.0,2.66666666666667,32.66666666666669,11.3666666666667,20,21,0
2016-05-09 21:30:00,70,121.41,-51.41,51.41,False,Normal,25.5,19.4,42.59,59.5,3.0,34.5,11.3,20,21,0
2016-05-09 21:40:00,80,122.08,-42.08,42.08,False,Normal,25.5,19.433333333333305,42.53,59.0,3.3333333333333295,36.33333333333329,11.2333333333333,20,21,0
2016-05-09 21:50:00,70,140.05,-70.05,70.05,False,Normal,25.5,19.4666666666667,42.59,58.5,3.6666666666666705,38.16666666666669,11.1666666666667,30,21,0
2016-05-09 22:00:00,70,118.15,-48.15,48.15,False,Normal,25.4266666666667,19.5,42.59,58.0,4.0,40.0,11.1,20,22,0
2016-05-09 22:10:00,80,117.7,-37.7,37.7,False,Normal,25.39,19.35,42.59,59.5,3.8333333333333295,40.0,11.3,20,22,0
2016-05-09 22:20:00,70,115.79,-45.79,45.79,False,Normal,25.39,19.2,42.6633333333333,61.0,3.6666666666666705,40.0,11.5,20,22,0
2016-05-09 22:30:00,70,114.17,-44.17,44.17,False,Normal,25.39,19.05,42.7,62.5,3.5,40.0,11.7,20,22,0
2016-05-09 22:40:00,80,132.13,-52.13,52.13,False,Normal,25.39,18.9,42.7,64.0,3.3333333333333295,40.0,11.9,30,22,0
2016-05-09 22:50:00,60,91.35,-31.35,31.35,False,Normal,25.39,18.75,42.7,65.5,3.16666666666667,40.0,12.1,10,22,0
2016-05-09 23:00:00,60,69.62,-9.62,9.62,False,Normal,25.39,18.6,42.83333333333329,67.0,3.0,40.0,12.3,0,23,0
2016-05-09 23:10:00,60,72.74,-12.74,12.74,False,Normal,25.323333333333295,18.3333333333333,43.09,69.0,3.16666666666667,40.0,12.4833333333333,0,23,0
2016-05-09 23:20:00,60,70.8,-10.8,10.8,False,Normal,25.39,18.066666666666695,43.09,71.0,3.3333333333333295,40.0,12.6666666666667,0,23,0
2016-05-09 23:30:00,60,70.27,-10.27,10.27,False,Normal,25.29,17.8,43.09,73.0,3.5,40.0,12.85,0,23,0
2016-05-09 23:40:00,50,70.67,-20.67,20.67,False,Normal,25.29,17.5333333333333,43.09,75.0,3.6666666666666705,40.0,13.0333333333333,0,23,0
2016-05-09 23:50:00,70,71.7,-1.7,1.7,False,Normal,25.29,17.2666666666667,43.09,77.0,3.8333333333333295,40.0,13.2166666666667,0,23,0
2016-05-10 00:00:00,50,51.74,-1.74,1.74,False,Normal,25.29,17.0,43.09,79.0,4.0,40.0,13.4,0,0,1
2016-05-10 00:10:00,50,51.98,-1.98,1.98,False,Normal,25.29,16.8833333333333,43.09,79.8333333333333,3.6666666666666705,40.0,13.4333333333333,0,0,1
2016-05-10 00:20:00,60,52.73,7.27,7.27,False,Normal,25.29,16.7666666666667,43.1266666666667,80.6666666666667,3.3333333333333295,40.0,13.4666666666667,0,0,1
2016-05-10 00:30:00,50,51.96,-1.96,1.96,False,Normal,25.23,16.65,43.2,81.5,3.0,40.0,13.5,0,0,1
2016-05-10 00:40:00,50,50.2,-0.2,0.2,False,Normal,25.26,16.5333333333333,43.2,82.3333333333333,2.66666666666667,40.0,13.5333333333333,0,0,1
2016-05-10 00:50:00,50,50.35,-0.35,0.35,False,Normal,25.2,16.4166666666667,43.2,83.1666666666667,2.3333333333333295,40.0,13.5666666666667,0,0,1
2016-05-10 01:00:00,50,49.63,0.37,0.37,False,Normal,25.2,16.3,43.29,84.0,2.0,40.0,13.6,0,1,1
2016-05-10 01:10:00,50,46.94,3.06,3.06,False,Normal,25.2,16.2166666666667,43.29,84.8333333333333,2.16666666666667,36.83333333333329,13.65,0,1,1
2016-05-10 01:20:00,50,49.48,0.52,0.52,False,Normal,25.2,16.1333333333333,43.29,85.6666666666667,2.3333333333333295,33.66666666666669,13.7,0,1,1
2016-05-10 01:30:00,60,46.93,13.07,13.07,False,Normal,25.2,16.05,43.363333333333294,86.5,2.5,30.5,13.75,0,1,1
2016-05-10 01:40:00,50,45.11,4.89,4.89,False,Normal,25.1666666666667,15.9666666666667,43.4,87.3333333333333,2.66666666666667,27.3333333333333,13.8,0,1,1
2016-05-10 01:50:00,70,45.05,24.95,24.95,False,Normal,25.1,15.8833333333333,43.4,88.1666666666667,2.8333333333333295,24.166666666666696,13.85,0,1,1
2016-05-10 02:00:00,60,48.21,11.79,11.79,False,Normal,25.1,15.8,43.5,89.0,3.0,21.0,13.9,0,2,1
2016-05-10 02:10:00,50,46.03,3.97,3.97,False,Normal,25.1,15.6833333333333,43.56,90.0,2.8333333333333295,21.0,13.9666666666667,0,2,1
2016-05-10 02:20:00,70,47.16,22.84,22.84,False,Normal,25.1,15.5666666666667,43.59,91.0,2.66666666666667,21.0,14.0333333333333,0,2,1
2016-05-10 02:30:00,50,45.0,5.0,5.0,False,Normal,25.1,15.45,43.59,92.0,2.5,21.0,14.1,0,2,1
2016-05-10 02:40:00,60,46.39,13.61,13.61,False,Normal,25.1,15.3333333333333,43.7,93.0,2.3333333333333295,21.0,14.1666666666667,0,2,1
2016-05-10 02:50:00,50,45.9,4.1,4.1,False,Normal,25.1,15.2166666666667,43.7,94.0,2.16666666666667,21.0,14.2333333333333,0,2,1
2016-05-10 03:00:00,70,46.95,23.05,23.05,False,Normal,25.1,15.1,43.79,95.0,2.0,21.0,14.3,0,3,1
2016-05-10 03:10:00,50,45.7,4.3,4.3,False,Normal,25.066666666666695,15.05,43.8266666666667,95.3333333333333,1.8333333333333297,20.8333333333333,14.3,0,3,1
2016-05-10 03:20:00,60,47.01,12.99,12.99,False,Normal,25.0,15.0,43.9,95.6666666666667,1.66666666666667,20.666666666666696,14.3,0,3,1
2016-05-10 03:30:00,50,43.19,6.81,6.81,False,Normal,25.066666666666695,14.95,43.9,96.0,1.5,20.5,14.3,0,3,1
2016-05-10 03:40:00,60,43.06,16.94,16.94,False,Normal,25.0,14.9,43.9666666666667,96.3333333333333,1.33333333333333,20.3333333333333,14.3,0,3,1
2016-05-10 03:50:00,50,41.99,8.01,8.01,False,Normal,25.0,14.85,44.0,96.6666666666667,1.16666666666667,20.166666666666696,14.3,0,3,1
2016-05-10 04:00:00,50,43.68,6.32,6.32,False,Normal,25.0,14.8,44.06,97.0,1.0,20.0,14.3,0,4,1
2016-05-10 04:10:00,50,43.39,6.61,6.61,False,Normal,25.0,14.7666666666667,44.09,97.0,1.0,20.166666666666696,14.2833333333333,0,4,1
2016-05-10 04:20:00,50,43.4,6.6,6.6,False,Normal,25.0,14.7333333333333,44.1633333333333,97.0,1.0,20.3333333333333,14.2666666666667,0,4,1
2016-05-10 04:30:00,50,41.3,8.7,8.7,False,Normal,25.0,14.7,44.2,97.0,1.0,20.5,14.25,0,4,1
2016-05-10 04:40:00,50,41.78,8.22,8.22,False,Normal,25.0,14.6666666666667,44.2,97.0,1.0,20.666666666666696,14.2333333333333,0,4,1
2016-05-10 04:50:00,50,43.31,6.69,6.69,False,Normal,24.89,14.6333333333333,44.29,97.0,1.0,20.8333333333333,14.2166666666667,0,4,1
2016-05-10 05:00:00,100,44.99,55.01,55.01,False,Normal,24.89,14.6,44.29,97.0,1.0,21.0,14.2,0,5,1
2016-05-10 05:10:00,50,46.14,3.86,3.86,False,Normal,24.89,14.6333333333333,44.3266666666667,96.8333333333333,1.33333333333333,21.666666666666696,14.1833333333333,0,5,1
2016-05-10 05:20:00,80,66.32,13.68,13.68,False,Normal,24.963333333333296,14.6666666666667,44.6,96.6666666666667,1.66666666666667,22.3333333333333,14.1666666666667,10,5,1
2016-05-10 05:30:00,60,45.12,14.88,14.88,False,Normal,25.0,14.7,44.7666666666667,96.5,2.0,23.0,14.15,0,5,1
2016-05-10 05:40:00,80,44.16,35.84,35.84,False,Normal,25.0,14.7333333333333,44.8266666666667,96.3333333333333,2.3333333333333295,23.666666666666696,14.1333333333333,0,5,1
2016-05-10 05:50:00,60,63.18,-3.18,3.18,False,Normal,25.0,14.7666666666667,44.73,96.1666666666667,2.66666666666667,24.3333333333333,14.1166666666667,10,5,1
2016-05-10 06:00:00,70,43.1,26.9,26.9,False,Normal,25.0,14.8,44.73,96.0,3.0,25.0,14.1,0,6,1
2016-05-10 06:10:00,70,42.91,27.09,27.09,False,Normal,25.0,14.85,44.933333333333294,95.5,3.0,27.5,14.0666666666667,0,6,1
2016-05-10 06:20:00,60,42.57,17.43,17.43,False,Normal,25.0,14.9,45.27,95.0,3.0,30.0,14.0333333333333,0,6,1
2016-05-10 06:30:00,60,66.76,-6.76,6.76,False,Normal,25.0,14.95,45.5,94.5,3.0,32.5,14.0,10,6,1
2016-05-10 06:40:00,60,52.2,7.8,7.8,False,Normal,25.0,15.0,45.963333333333296,94.0,3.0,35.0,13.9666666666667,0,6,1
2016-05-10 06:50:00,60,52.54,7.46,7.46,False,Normal,24.9266666666667,15.05,46.223333333333294,93.5,3.0,37.5,13.9333333333333,0,6,1
2016-05-10 07:00:00,60,76.06,-16.06,16.06,False,Normal,24.89,15.1,46.463333333333296,93.0,3.0,40.0,13.9,10,7,1
2016-05-10 07:10:00,80,56.05,23.95,23.95,False,Normal,24.89,15.1833333333333,46.723333333333294,92.6666666666667,3.0,40.0,13.9333333333333,0,7,1
2016-05-10 07:20:00,50,65.44,-15.44,15.44,False,Normal,24.89,15.2666666666667,47.3266666666667,92.3333333333333,3.0,40.0,13.9666666666667,0,7,1
2016-05-10 07:30:00,60,65.16,-5.16,5.16,False,Normal,24.89,15.35,47.4,92.0,3.0,40.0,14.0,0,7,1
2016-05-10 07:40:00,50,66.3,-16.3,16.3,False,Normal,24.79,15.4333333333333,47.4,91.6666666666667,3.0,40.0,14.0333333333333,0,7,1
2016-05-10 07:50:00,60,67.81,-7.81,7.81,False,Normal,24.79,15.5166666666667,47.4,91.3333333333333,3.0,40.0,14.0666666666667,0,7,1
2016-05-10 08:00:00,50,68.74,-18.74,18.74,False,Normal,24.79,15.6,47.4,91.0,3.0,40.0,14.1,0,8,1
2016-05-10 08:10:00,60,69.43,-9.43,9.43,False,Normal,24.79,15.6333333333333,47.4,90.8333333333333,3.16666666666667,36.83333333333329,14.1,0,8,1
2016-05-10 08:20:00,50,67.24,-17.24,17.24,False,Normal,24.79,15.6666666666667,47.363333333333294,90.6666666666667,3.3333333333333295,33.66666666666669,14.1,0,8,1
2016-05-10 08:30:00,60,69.15,-9.15,9.15,False,Normal,24.79,15.7,47.29,90.5,3.5,30.5,14.1,0,8,1
2016-05-10 08:40:00,60,70.78,-10.78,10.78,False,Normal,24.7,15.7333333333333,47.29,90.3333333333333,3.6666666666666705,27.3333333333333,14.1,0,8,1
2016-05-10 08:50:00,60,74.16,-14.16,14.16,False,Normal,24.7,15.7666666666667,47.29,90.1666666666667,3.8333333333333295,24.166666666666696,14.1,0,8,1
2016-05-10 09:00:00,60,76.79,-16.79,16.79,False,Normal,24.7,15.8,47.3266666666667,90.0,4.0,21.0,14.1,0,9,1
2016-05-10 09:10:00,60,79.14,-19.14,19.14,False,Normal,24.7,15.9,47.3266666666667,90.0,4.0,24.166666666666696,14.2,0,9,1
2016-05-10 09:20:00,60,81.64,-21.64,21.64,False,Normal,24.7,16.0,47.4,90.0,4.0,27.3333333333333,14.3,0,9,1
2016-05-10 09:30:00,50,84.91,-34.91,34.91,False,Normal,24.7,16.1,47.4,90.0,4.0,30.5,14.4,0,9,1
2016-05-10 09:40:00,50,85.11,-35.11,35.11,False,Normal,24.7,16.2,47.5,90.0,4.0,33.66666666666669,14.5,0,9,1
2016-05-10 09:50:00,50,80.84,-30.84,30.84,False,Normal,24.7225,16.3,47.5225,90.0,4.0,36.83333333333329,14.6,0,9,1
2016-05-10 10:00:00,50,80.65,-30.65,30.65,False,Normal,24.73,16.4,47.59,90.0,4.0,40.0,14.7,0,10,1
2016-05-10 10:10:00,50,79.64,-29.64,29.64,False,Normal,24.73,16.4333333333333,47.59,89.6666666666667,4.0,38.0,14.6833333333333,0,10,1
2016-05-10 10:20:00,50,80.86,-30.86,30.86,False,Normal,24.73,16.4666666666667,47.6633333333333,89.3333333333333,4.0,36.0,14.6666666666667,0,10,1
2016-05-10 10:30:00,60,86.68,-26.68,26.68,False,Normal,24.7,16.5,47.7,89.0,4.0,34.0,14.65,0,10,1
2016-05-10 10:40:00,50,89.08,-39.08,39.08,False,Normal,24.7,16.5333333333333,47.76,88.6666666666667,4.0,32.0,14.6333333333333,0,10,1
2016-05-10 10:50:00,60,87.05,-27.05,27.05,False,Normal,24.79,16.5666666666667,47.8266666666667,88.3333333333333,4.0,30.0,14.6166666666667,0,10,1
2016-05-10 11:00:00,60,89.03,-29.03,29.03,False,Normal,24.79,16.6,47.9,88.0,4.0,28.0,14.6,0,11,1
2016-05-10 11:10:00,60,91.09,-31.09,31.09,False,Normal,24.79,16.7,47.9,87.3333333333333,4.16666666666667,30.0,14.5666666666667,0,11,1
2016-05-10 11:20:00,50,92.31,-42.31,42.31,False,Normal,24.79,16.8,47.9,86.6666666666667,4.3333333333333295,32.0,14.5333333333333,0,11,1
2016-05-10 11:30:00,60,94.19,-34.19,34.19,False,Normal,24.79,16.9,47.9,86.0,4.5,34.0,14.5,0,11,1
2016-05-10 11:40:00,60,98.42,-38.42,38.42,False,Normal,24.79,17.0,47.9,85.3333333333333,4.66666666666667,36.0,14.4666666666667,0,11,1
2016-05-10 11:50:00,50,101.81,-51.81,51.81,False,Normal,24.79,17.1,47.9,84.6666666666667,4.8333333333333295,38.0,14.4333333333333,0,11,1
2016-05-10 12:00:00,60,108.21,-48.21,48.21,False,Normal,24.79,17.2,47.9,84.0,5.0,40.0,14.4,0,12,1
2016-05-10 12:10:00,60,114.78,-54.78,54.78,False,Normal,24.823333333333295,17.3166666666667,47.9,84.3333333333333,4.8333333333333295,40.0,14.5833333333333,0,12,1
2016-05-10 12:20:00,50,118.31,-68.31,68.31,False,Normal,24.89,17.4333333333333,47.9,84.6666666666667,4.66666666666667,40.0,14.7666666666667,0,12,1
2016-05-10 12:30:00,60,120.98,-60.98,60.98,False,Normal,24.89,17.55,47.79,85.0,4.5,40.0,14.95,0,12,1
2016-05-10 12:40:00,60,117.44,-57.44,57.44,False,Normal,24.89,17.6666666666667,47.79,85.3333333333333,4.3333333333333295,40.0,15.1333333333333,0,12,1
2016-05-10 12:50:00,60,114.24,-54.24,54.24,False,Normal,24.89,17.7833333333333,47.76,85.6666666666667,4.16666666666667,40.0,15.3166666666667,0,12,1
2016-05-10 13:00:00,50,116.97,-66.97,66.97,False,Normal,24.89,17.9,47.7,86.0,4.0,40.0,15.5,0,13,1
2016-05-10 13:10:00,60,124.55,-64.55,64.55,False,Normal,24.945,17.75,47.645,86.3333333333333,3.6666666666666705,40.0,15.4,0,13,1
2016-05-10 13:20:00,50,132.67,-82.67,82.67,False,Normal,25.0,17.6,47.59,86.6666666666667,3.3333333333333295,40.0,15.3,0,13,1
2016-05-10 13:30:00,60,134.33,-74.33,74.33,False,Normal,25.0,17.45,47.53,87.0,3.0,40.0,15.2,0,13,1
2016-05-10 13:40:00,50,132.56,-82.56,82.56,False,Normal,25.1,17.3,47.5,87.3333333333333,2.66666666666667,40.0,15.1,0,13,1
2016-05-10 13:50:00,50,136.05,-86.05,86.05,False,Normal,25.1,17.15,47.5,87.6666666666667,2.3333333333333295,40.0,15.0,0,13,1
2016-05-10 14:00:00,50,140.87,-90.87,90.87,False,Normal,25.1,17.0,47.4666666666667,88.0,2.0,40.0,14.9,0,14,1
2016-05-10 14:10:00,50,137.37,-87.37,87.37,False,Normal,25.1,17.35,47.3266666666667,86.0,2.5,40.0,14.8833333333333,0,14,1
2016-05-10 14:20:00,50,136.73,-86.73,86.73,False,Normal,25.1,17.7,47.29,84.0,3.0,40.0,14.8666666666667,0,14,1
2016-05-10 14:30:00,50,137.85,-87.85,87.85,False,Normal,25.1666666666667,18.05,47.29,82.0,3.5,40.0,14.85,0,14,1
2016-05-10 14:40:00,60,138.79,-78.79,78.79,False,Normal,25.2,18.4,47.2,80.0,4.0,40.0,14.8333333333333,0,14,1
2016-05-10 14:50:00,60,134.42,-74.42,74.42,False,Normal,25.2,18.75,47.1266666666667,78.0,4.5,40.0,14.8166666666667,0,14,1
2016-05-10 15:00:00,50,132.04,-82.04,82.04,False,Normal,25.2,19.1,47.09,76.0,5.0,40.0,14.8,0,15,1
2016-05-10 15:10:00,60,128.32,-68.32,68.32,False,Normal,25.2,19.2,47.09,75.3333333333333,4.66666666666667,40.0,14.75,0,15,1
2016-05-10 15:20:00,60,128.31,-68.31,68.31,False,Normal,25.23,19.3,47.06,74.6666666666667,4.3333333333333295,40.0,14.7,0,15,1
2016-05-10 15:30:00,60,129.6,-69.6,69.6,False,Normal,25.23,19.4,47.0,74.0,4.0,40.0,14.65,0,15,1
2016-05-10 15:40:00,60,129.72,-69.72,69.72,False,Normal,25.26,19.5,47.0,73.3333333333333,3.6666666666666705,40.0,14.6,0,15,1
2016-05-10 15:50:00,50,130.09,-80.09,80.09,False,Normal,25.26,19.6,46.933333333333294,72.6666666666667,3.3333333333333295,40.0,14.55,0,15,1
2016-05-10 16:00:00,60,128.58,-68.58,68.58,False,Normal,25.29,19.7,46.9,72.0,3.0,40.0,14.5,0,16,1
2016-05-10 16:10:00,50,130.13,-80.13,80.13,False,Normal,25.29,19.7166666666667,46.9,71.3333333333333,2.8333333333333295,40.0,14.3833333333333,0,16,1
2016-05-10 16:20:00,60,127.63,-67.63,67.63,False,Normal,25.29,19.733333333333295,46.8266666666667,70.6666666666667,2.66666666666667,40.0,14.2666666666667,0,16,1
2016-05-10 16:30:00,70,123.67,-53.67,53.67,False,Normal,25.29,19.75,46.9,70.0,2.5,40.0,14.15,0,16,1
2016-05-10 16:40:00,70,117.14,-47.14,47.14,False,Normal,25.29,19.7666666666667,46.9666666666667,69.3333333333333,2.3333333333333295,40.0,14.0333333333333,0,16,1
2016-05-10 16:50:00,70,110.71,-40.71,40.71,False,Normal,25.29,19.783333333333296,47.1266666666667,68.6666666666667,2.16666666666667,40.0,13.9166666666667,0,16,1
2016-05-10 17:00:00,80,105.78,-25.78,25.78,False,Normal,25.29,19.8,47.26,68.0,2.0,40.0,13.8,0,17,1
2016-05-10 17:10:00,70,104.06,-34.06,34.06,False,Normal,25.29,19.6666666666667,47.5666666666667,68.8333333333333,2.3333333333333295,40.0,13.85,0,17,1
2016-05-10 17:20:00,80,108.78,-28.78,28.78,False,Normal,25.29,19.533333333333296,47.76,69.6666666666667,2.66666666666667,40.0,13.9,0,17,1
2016-05-10 17:30:00,80,109.5,-29.5,29.5,False,Normal,25.29,19.4,47.9,70.5,3.0,40.0,13.95,0,17,1
2016-05-10 17:40:00,100,106.01,-6.01,6.01,False,Normal,25.3566666666667,19.2666666666667,47.9,71.3333333333333,3.3333333333333295,40.0,14.0,0,17,1
2016-05-10 17:50:00,350,104.99,245.01,245.01,True,Moderate,25.323333333333295,19.1333333333333,48.23,72.1666666666667,3.6666666666666705,40.0,14.05,0,17,1
2016-05-10 18:00:00,140,102.43,37.57,37.57,False,Normal,25.323333333333295,19.0,48.1566666666667,73.0,4.0,40.0,14.1,0,18,1
2016-05-10 18:10:00,80,117.24,-37.24,37.24,False,Normal,25.39,18.95,49.4933333333333,74.1666666666667,3.8333333333333295,40.0,14.2833333333333,0,18,1
2016-05-10 18:20:00,80,108.36,-28.36,28.36,False,Normal,25.39,18.9,48.7666666666667,75.3333333333333,3.6666666666666705,40.0,14.4666666666667,0,18,1
2016-05-10 18:30:00,100,103.93,-3.93,3.93,False,Normal,25.3566666666667,18.85,48.5,76.5,3.5,40.0,14.65,0,18,1
2016-05-10 18:40:00,110,97.41,12.59,12.59,False,Normal,25.29,18.8,48.5,77.6666666666667,3.3333333333333295,40.0,14.8333333333333,0,18,1
2016-05-10 18:50:00,100,90.98,9.02,9.02,False,Normal,25.29,18.75,48.59,78.8333333333333,3.16666666666667,40.0,15.0166666666667,0,18,1
2016-05-10 19:00:00,100,88.31,11.69,11.69,False,Normal,25.23,18.7,48.6633333333333,80.0,3.0,40.0,15.2,0,19,1
2016-05-10 19:10:00,100,80.87,19.13,19.13,False,Normal,25.2,18.7,48.6633333333333,79.6666666666667,3.0,40.0,15.1166666666667,0,19,1
2016-05-10 19:20:00,100,83.32,16.68,16.68,False,Normal,25.2,18.7,48.59,79.3333333333333,3.0,40.0,15.0333333333333,0,19,1
2016-05-10 19:30:00,140,77.48,62.52,62.52,False,Normal,25.2,18.7,48.53,79.0,3.0,40.0,14.95,0,19,1
2016-05-10 19:40:00,90,65.23,24.77,24.77,False,Normal,25.2,18.7,48.53,78.6666666666667,3.0,40.0,14.8666666666667,0,19,1
2016-05-10 19:50:00,100,59.59,40.41,40.41,False,Normal,25.2,18.7,48.4,78.3333333333333,3.0,40.0,14.7833333333333,0,19,1
2016-05-10 20:00:00,90,55.6,34.4,34.4,False,Normal,25.125,18.7,48.4,78.0,3.0,40.0,14.7,0,20,1
2016-05-10 20:10:00,100,53.12,46.88,46.88,False,Normal,25.1,18.4166666666667,48.4,78.0,3.0,40.0,14.45,0,20,1
2016-05-10 20:20:00,90,51.63,38.37,38.37,False,Normal,25.1,18.1333333333333,48.29,78.0,3.0,40.0,14.2,0,20,1
2016-05-10 20:30:00,90,51.4,38.6,38.6,False,Normal,25.1,17.85,48.29,78.0,3.0,40.0,13.95,0,20,1
2016-05-10 20:40:00,100,41.51,58.49,58.49,False,Normal,25.1,17.5666666666667,48.29,78.0,3.0,40.0,13.7,0,20,1
2016-05-10 20:50:00,100,37.74,62.26,62.26,False,Normal,25.1,17.2833333333333,48.29,78.0,3.0,40.0,13.45,0,20,1
2016-05-10 21:00:00,110,56.43,53.57,53.57,False,Normal,25.066666666666695,17.0,48.29,78.0,3.0,40.0,13.2,10,21,1
2016-05-10 21:10:00,70,42.76,27.24,27.24,False,Normal,25.0,16.6666666666667,48.29,79.5,2.8333333333333295,40.0,13.1333333333333,0,21,1
2016-05-10 21:20:00,60,48.26,11.74,11.74,False,Normal,25.0,16.3333333333333,48.26,81.0,2.66666666666667,40.0,13.0666666666667,0,21,1
2016-05-10 21:30:00,60,51.01,8.99,8.99,False,Normal,25.0,16.0,48.2,82.5,2.5,40.0,13.0,0,21,1
2016-05-10 21:40:00,50,57.71,-7.71,7.71,False,Normal,25.0,15.6666666666667,48.1633333333333,84.0,2.3333333333333295,40.0,12.9333333333333,0,21,1
2016-05-10 21:50:00,60,65.23,-5.23,5.23,False,Normal,25.0,15.3333333333333,48.09,85.5,2.16666666666667,40.0,12.8666666666667,0,21,1
2016-05-10 22:00:00,60,70.62,-10.62,10.62,False,Normal,25.0,15.0,48.06,87.0,2.0,40.0,12.8,0,22,1
2016-05-10 22:10:00,60,71.24,-11.24,11.24,False,Normal,25.0,14.9666666666667,48.0,87.3333333333333,2.0,40.0,12.8333333333333,0,22,1
2016-05-10 22:20:00,50,75.24,-25.24,25.24,False,Normal,25.0,14.9333333333333,48.0,87.6666666666667,2.0,40.0,12.8666666666667,0,22,1
2016-05-10 22:30:00,60,72.51,-12.51,12.51,False,Normal,25.0,14.9,47.933333333333294,88.0,2.0,40.0,12.9,0,22,1
2016-05-10 22:40:00,60,73.34,-13.34,13.34,False,Normal,24.89,14.8666666666667,47.9,88.3333333333333,2.0,40.0,12.9333333333333,0,22,1
2016-05-10 22:50:00,60,71.54,-11.54,11.54,False,Normal,24.963333333333296,14.8333333333333,47.8266666666667,88.6666666666667,2.0,40.0,12.9666666666667,0,22,1
2016-05-10 23:00:00,60,69.56,-9.56,9.56,False,Normal,24.89,14.8,47.79,89.0,2.0,40.0,13.0,0,23,1
2016-05-10 23:10:00,50,71.81,-21.81,21.81,False,Normal,24.89,14.9333333333333,47.73,88.5,2.16666666666667,40.0,13.0333333333333,0,23,1
2016-05-10 23:20:00,60,68.79,-8.79,8.79,False,Normal,24.89,15.0666666666667,47.7,88.0,2.3333333333333295,40.0,13.0666666666667,0,23,1
2016-05-10 23:30:00,50,67.91,-17.91,17.91,False,Normal,24.89,15.2,47.6633333333333,87.5,2.5,40.0,13.1,0,23,1
2016-05-10 23:40:00,70,66.8,3.2,3.2,False,Normal,24.89,15.3333333333333,47.59,87.0,2.66666666666667,40.0,13.1333333333333,0,23,1
2016-05-10 23:50:00,50,65.65,-15.65,15.65,False,Normal,24.89,15.4666666666667,47.56,86.5,2.8333333333333295,40.0,13.1666666666667,0,23,1
2016-05-11 00:00:00,60,41.74,18.26,18.26,False,Normal,24.89,15.6,47.5,86.0,3.0,40.0,13.2,0,0,2
2016-05-11 00:10:00,40,42.53,-2.53,2.53,False,Normal,24.89,15.5166666666667,47.5,87.0,3.0,40.0,13.3,0,0,2
2016-05-11 00:20:00,50,41.48,8.52,8.52,False,Normal,24.89,15.4333333333333,47.5,88.0,3.0,40.0,13.4,0,0,2
2016-05-11 00:30:00,50,41.16,8.84,8.84,False,Normal,24.823333333333295,15.35,47.433333333333294,89.0,3.0,40.0,13.5,0,0,2
2016-05-11 00:40:00,60,43.78,16.22,16.22,False,Normal,24.823333333333295,15.2666666666667,47.433333333333294,90.0,3.0,40.0,13.6,0,0,2
2016-05-11 00:50:00,50,45.46,4.54,4.54,False,Normal,24.79,15.1833333333333,47.4,91.0,3.0,40.0,13.7,0,0,2
2016-05-11 01:00:00,60,45.47,14.53,14.53,False,Normal,24.79,15.1,47.3266666666667,92.0,3.0,40.0,13.8,0,1,2
2016-05-11 01:10:00,50,45.41,4.59,4.59,False,Normal,24.79,15.0166666666667,47.29,92.3333333333333,3.0,40.0,13.7666666666667,0,1,2
2016-05-11 01:20:00,60,48.66,11.34,11.34,False,Normal,24.79,14.9333333333333,47.29,92.6666666666667,3.0,40.0,13.7333333333333,0,1,2
2016-05-11 01:30:00,50,51.34,-1.34,1.34,False,Normal,24.79,14.85,47.29,93.0,3.0,40.0,13.7,0,1,2
2016-05-11 01:40:00,70,53.06,16.94,16.94,False,Normal,24.79,14.7666666666667,47.29,93.3333333333333,3.0,40.0,13.6666666666667,0,1,2
2016-05-11 01:50:00,50,52.94,-2.94,2.94,False,Normal,24.79,14.6833333333333,47.29,93.6666666666667,3.0,40.0,13.6333333333333,0,1,2
2016-05-11 02:00:00,60,55.57,4.43,4.43,False,Normal,24.79,14.6,47.29,94.0,3.0,40.0,13.6,0,2,2
2016-05-11 02:10:00,50,58.26,-8.26,8.26,False,Normal,24.79,14.6,47.29,94.0,2.8333333333333295,40.0,13.6,0,2,2
2016-05-11 02:20:00,60,55.76,4.24,4.24,False,Normal,24.79,14.6,47.29,94.0,2.66666666666667,40.0,13.6,0,2,2
2016-05-11 02:30:00,60,58.31,1.69,1.69,False,Normal,24.7,14.6,47.29,94.0,2.5,40.0,13.6,0,2,2
2016-05-11 02:40:00,60,59.67,0.33,0.33,False,Normal,24.7,14.6,47.29,94.0,2.3333333333333295,40.0,13.6,0,2,2
2016-05-11 02:50:00,50,58.41,-8.41,8.41,False,Normal,24.745,14.6,47.29,94.0,2.16666666666667,40.0,13.6,0,2,2
2016-05-11 03:00:00,60,59.98,0.02,0.02,False,Normal,24.7,14.6,47.29,94.0,2.0,40.0,13.6,0,3,2
2016-05-11 03:10:00,50,63.11,-13.11,13.11,False,Normal,24.7,14.5833333333333,47.29,94.3333333333333,2.0,38.16666666666669,13.6333333333333,0,3,2
2016-05-11 03:20:00,50,61.31,-11.31,11.31,False,Normal,24.7,14.5666666666667,47.29,94.6666666666667,2.0,36.33333333333329,13.6666666666667,0,3,2
2016-05-11 03:30:00,50,63.01,-13.01,13.01,False,Normal,24.7,14.55,47.29,95.0,2.0,34.5,13.7,0,3,2
2016-05-11 03:40:00,50,61.3,-11.3,11.3,False,Normal,24.6333333333333,14.5333333333333,47.23,95.3333333333333,2.0,32.66666666666669,13.7333333333333,0,3,2
2016-05-11 03:50:00,60,62.81,-2.81,2.81,False,Normal,24.7,14.5166666666667,47.363333333333294,95.6666666666667,2.0,30.8333333333333,13.7666666666667,0,3,2
2016-05-11 04:00:00,50,62.16,-12.16,12.16,False,Normal,24.6666666666667,14.5,47.26,96.0,2.0,29.0,13.8,0,4,2
2016-05-11 04:10:00,50,62.03,-12.03,12.03,False,Normal,24.6,14.55,47.26,96.0,2.16666666666667,27.8333333333333,13.85,0,4,2
2016-05-11 04:20:00,50,63.43,-13.43,13.43,False,Normal,24.6,14.6,47.29,96.0,2.3333333333333295,26.666666666666696,13.9,0,4,2
2016-05-11 04:30:00,50,61.99,-11.99,11.99,False,Normal,24.6666666666667,14.65,47.363333333333294,96.0,2.5,25.5,13.95,0,4,2
2016-05-11 04:40:00,50,60.76,-10.76,10.76,False,Normal,24.6,14.7,47.29,96.0,2.66666666666667,24.3333333333333,14.0,0,4,2
2016-05-11 04:50:00,60,60.66,-0.66,0.66,False,Normal,24.6,14.75,47.29,96.0,2.8333333333333295,23.166666666666696,14.05,0,4,2
2016-05-11 05:00:00,60,61.08,-1.08,1.08,False,Normal,24.6,14.8,47.29,96.0,3.0,22.0,14.1,0,5,2
2016-05-11 05:10:00,50,59.99,-9.99,9.99,False,Normal,24.6,14.7666666666667,47.29,95.6666666666667,2.8333333333333295,22.166666666666696,14.0333333333333,0,5,2
2016-05-11 05:20:00,60,60.32,-0.32,0.32,False,Normal,24.6,14.7333333333333,47.29,95.3333333333333,2.66666666666667,22.3333333333333,13.9666666666667,0,5,2
2016-05-11 05:30:00,100,57.81,42.19,42.19,False,Normal,24.6,14.7,47.363333333333294,95.0,2.5,22.5,13.9,0,5,2
2016-05-11 05:40:00,70,58.85,11.15,11.15,False,Normal,24.6,14.6666666666667,47.53,94.6666666666667,2.3333333333333295,22.666666666666696,13.8333333333333,0,5,2
2016-05-11 05:50:00,70,73.77,-3.77,3.77,False,Normal,24.6,14.6333333333333,47.79,94.3333333333333,2.16666666666667,22.8333333333333,13.7666666666667,10,5,2
2016-05-11 06:00:00,320,53.16,266.84,266.84,True,Moderate,24.7,14.6,47.9666666666667,94.0,2.0,23.0,13.7,0,6,2
2016-05-11 06:10:00,80,52.55,27.45,27.45,False,Normal,24.7,14.55,47.9,94.3333333333333,2.16666666666667,23.166666666666696,13.6833333333333,0,6,2
2016-05-11 06:20:00,60,52.57,7.43,7.43,False,Normal,24.7,14.5,47.9,94.6666666666667,2.3333333333333295,23.3333333333333,13.6666666666667,0,6,2
2016-05-11 06:30:00,70,53.66,16.34,16.34,False,Normal,24.7,14.45,47.79,95.0,2.5,23.5,13.65,0,6,2
2016-05-11 06:40:00,60,54.94,5.06,5.06,False,Normal,24.7,14.4,47.79,95.3333333333333,2.66666666666667,23.666666666666696,13.6333333333333,0,6,2
2016-05-11 06:50:00,70,58.91,11.09,11.09,False,Normal,24.7,14.35,47.7,95.6666666666667,2.8333333333333295,23.8333333333333,13.6166666666667,0,6,2
2016-05-11 07:00:00,70,59.35,10.65,10.65,False,Normal,24.76,14.3,47.7,96.0,3.0,24.0,13.6,0,7,2
2016-05-11 07:10:00,70,62.11,7.89,7.89,False,Normal,24.7,14.3166666666667,47.76,95.5,3.16666666666667,23.666666666666696,13.55,0,7,2
2016-05-11 07:20:00,80,64.12,15.88,15.88,False,Normal,24.7,14.3333333333333,47.76,95.0,3.3333333333333295,23.3333333333333,13.5,0,7,2
2016-05-11 07:30:00,70,62.55,7.45,7.45,False,Normal,24.73,14.35,47.79,94.5,3.5,23.0,13.45,0,7,2
2016-05-11 07:40:00,70,66.64,3.36,3.36,False,Normal,24.79,14.3666666666667,47.863333333333294,94.0,3.6666666666666705,22.666666666666696,13.4,0,7,2
2016-05-11 07:50:00,100,73.62,26.38,26.38,False,Normal,24.73,14.3833333333333,47.933333333333294,93.5,3.8333333333333295,22.3333333333333,13.35,0,7,2
2016-05-11 08:00:00,410,77.65,332.35,332.35,True,High,24.79,14.4,48.0,93.0,4.0,22.0,13.3,0,8,2
2016-05-11 08:10:00,270,79.63,190.37,190.37,False,Normal,24.76,14.6,48.03,92.3333333333333,3.6666666666666705,25.0,13.3666666666667,0,8,2
2016-05-11 08:20:00,60,78.23,-18.23,18.23,False,Normal,24.76,14.8,48.1633333333333,91.6666666666667,3.3333333333333295,28.0,13.4333333333333,0,8,2
2016-05-11 08:30:00,70,77.91,-7.91,7.91,False,Normal,24.79,15.0,48.3266666666667,91.0,3.0,31.0,13.5,0,8,2
2016-05-11 08:40:00,80,94.27,-14.27,14.27,False,Normal,24.79,15.2,48.4,90.3333333333333,2.66666666666667,34.0,13.5666666666667,0,8,2
2016-05-11 08:50:00,80,95.98,-15.98,15.98,False,Normal,24.79,15.4,48.363333333333294,89.6666666666667,2.3333333333333295,37.0,13.6333333333333,0,8,2
2016-05-11 09:00:00,40,100.92,-60.92,60.92,False,Normal,24.79,15.6,48.363333333333294,89.0,2.0,40.0,13.7,0,9,2
2016-05-11 09:10:00,50,104.13,-54.13,54.13,False,Normal,24.79,15.8666666666667,48.59,87.5,1.8333333333333297,40.0,13.6833333333333,0,9,2
2016-05-11 09:20:00,70,99.46,-29.46,29.46,False,Normal,24.79,16.1333333333333,48.6633333333333,86.0,1.66666666666667,40.0,13.6666666666667,0,9,2
2016-05-11 09:30:00,70,101.89,-31.89,31.89,False,Normal,24.79,16.4,49.095,84.5,1.5,40.0,13.65,0,9,2
2016-05-11 09:40:00,90,105.93,-15.93,15.93,False,Normal,24.7,16.6666666666667,49.59666666666671,83.0,1.33333333333333,40.0,13.6333333333333,0,9,2
2016-05-11 09:50:00,70,102.62,-32.62,32.62,False,Normal,24.76,16.9333333333333,49.99,81.5,1.16666666666667,40.0,13.6166666666667,0,9,2
2016-05-11 10:00:00,60,114.03,-54.03,54.03,False,Normal,24.79,17.2,50.36,80.0,1.0,40.0,13.6,0,10,2
2016-05-11 10:10:00,50,115.16,-65.16,65.16,False,Normal,24.79,17.3666666666667,50.433333333333294,79.3333333333333,1.0,38.16666666666669,13.6333333333333,0,10,2
2016-05-11 10:20:00,70,112.29,-42.29,42.29,False,Normal,24.79,17.5333333333333,50.5666666666667,78.6666666666667,1.0,36.33333333333329,13.6666666666667,0,10,2
2016-05-11 10:30:00,90,118.65,-28.65,28.65,False,Normal,24.79,17.7,50.7,78.0,1.0,34.5,13.7,0,10,2
2016-05-11 10:40:00,60,142.62,-82.62,82.62,False,Normal,24.79,17.8666666666667,50.6333333333333,77.3333333333333,1.0,32.66666666666669,13.7333333333333,10,10,2
2016-05-11 10:50:00,50,127.6,-77.6,77.6,False,Normal,24.79,18.033333333333296,50.5,76.6666666666667,1.0,30.8333333333333,13.7666666666667,0,10,2
2016-05-11 11:00:00,50,146.83,-96.83,96.83,False,Normal,24.79,18.2,50.4666666666667,76.0,1.0,29.0,13.8,0,11,2
2016-05-11 11:10:00,60,152.43,-92.43,92.43,False,Normal,24.79,18.55,50.19333333333329,74.3333333333333,1.0,30.8333333333333,13.7833333333333,0,11,2
2016-05-11 11:20:00,60,152.16,-92.16,92.16,False,Normal,24.79,18.9,49.93,72.6666666666667,1.0,32.66666666666669,13.7666666666667,0,11,2
2016-05-11 11:30:00,50,151.68,-101.68,101.68,False,Normal,24.8566666666667,19.25,49.73,71.0,1.0,34.5,13.75,0,11,2
2016-05-11 11:40:00,60,153.65,-93.65,93.65,False,Normal,24.89,19.6,49.4666666666667,69.3333333333333,1.0,36.33333333333329,13.7333333333333,0,11,2
2016-05-11 11:50:00,50,150.5,-100.5,100.5,False,Normal,24.89,19.95,49.2666666666667,67.6666666666667,1.0,38.16666666666669,13.7166666666667,0,11,2
2016-05-11 12:00:00,70,149.32,-79.32,79.32,False,Normal,24.89,20.3,48.9666666666667,66.0,1.0,40.0,13.7,0,12,2
2016-05-11 12:10:00,50,148.98,-98.98,98.98,False,Normal,24.89,20.3833333333333,48.7666666666667,65.8333333333333,1.0,40.0,13.7333333333333,0,12,2
2016-05-11 12:20:00,60,144.78,-84.78,84.78,False,Normal,25.0,20.4666666666667,48.56,65.6666666666667,1.0,40.0,13.7666666666667,0,12,2
2016-05-11 12:30:00,50,143.86,-93.86,93.86,False,Normal,25.0,20.55,48.433333333333294,65.5,1.0,40.0,13.8,0,12,2
2016-05-11 12:40:00,60,141.32,-81.32,81.32,False,Normal,25.0,20.6333333333333,48.26,65.3333333333333,1.0,40.0,13.8333333333333,0,12,2
2016-05-11 12:50:00,50,142.34,-92.34,92.34,False,Normal,25.025,20.7166666666667,48.1175,65.1666666666667,1.0,40.0,13.8666666666667,0,12,2
2016-05-11 13:00:00,70,144.97,-74.97,74.97,False,Normal,25.1,20.8,48.2966666666667,65.0,1.0,40.0,13.9,0,13,2
2016-05-11 13:10:00,70,146.84,-76.84,76.84,False,Normal,25.1,20.9666666666667,48.26,63.5,1.16666666666667,40.0,13.7,0,13,2
2016-05-11 13:20:00,80,148.46,-68.46,68.46,False,Normal,25.1,21.1333333333333,48.1266666666667,62.0,1.33333333333333,40.0,13.5,0,13,2
2016-05-11 13:30:00,60,148.15,-88.15,88.15,False,Normal,25.2,21.3,48.06,60.5,1.5,40.0,13.3,0,13,2
2016-05-11 13:40:00,90,143.85,-53.85,53.85,False,Normal,25.26,21.4666666666667,48.0,59.0,1.66666666666667,40.0,13.1,0,13,2
2016-05-11 13:50:00,70,139.46,-69.46,69.46,False,Normal,25.29,21.6333333333333,47.863333333333294,57.5,1.8333333333333297,40.0,12.9,0,13,2
2016-05-11 14:00:00,90,135.25,-45.25,45.25,False,Normal,25.29,21.8,47.79,56.0,2.0,40.0,12.7,0,14,2
2016-05-11 14:10:00,70,139.79,-69.79,69.79,False,Normal,25.323333333333295,21.8333333333333,47.6633333333333,55.83333333333329,2.16666666666667,40.0,12.65,0,14,2
2016-05-11 14:20:00,90,136.78,-46.78,46.78,False,Normal,25.39,21.866666666666696,47.53,55.66666666666671,2.3333333333333295,40.0,12.6,0,14,2
2016-05-11 14:30:00,70,137.34,-67.34,67.34,False,Normal,25.5,21.9,47.4666666666667,55.5,2.5,40.0,12.55,0,14,2
2016-05-11 14:40:00,80,138.78,-58.78,58.78,False,Normal,25.5,21.933333333333305,47.3266666666667,55.33333333333329,2.66666666666667,40.0,12.5,0,14,2
2016-05-11 14:50:00,80,136.52,-56.52,56.52,False,Normal,25.5,21.9666666666667,47.1633333333333,55.16666666666671,2.8333333333333295,40.0,12.45,0,14,2
2016-05-11 15:00:00,80,138.48,-58.48,58.48,False,Normal,25.566666666666695,22.0,46.963333333333296,55.0,3.0,40.0,12.4,0,15,2
2016-05-11 15:10:00,80,138.21,-58.21,58.21,False,Normal,25.6,22.283333333333296,46.79,53.66666666666671,3.0,40.0,12.2666666666667,0,15,2
2016-05-11 15:20:00,80,138.73,-58.73,58.73,False,Normal,25.6,22.566666666666695,46.79,52.33333333333329,3.0,40.0,12.1333333333333,0,15,2
2016-05-11 15:30:00,70,132.33,-62.33,62.33,False,Normal,25.6,22.85,46.7,51.0,3.0,40.0,12.0,0,15,2
2016-05-11 15:40:00,80,121.73,-41.73,41.73,False,Normal,25.6,23.1333333333333,46.7,49.66666666666671,3.0,40.0,11.8666666666667,0,15,2
2016-05-11 15:50:00,70,111.82,-41.82,41.82,False,Normal,25.6,23.4166666666667,46.7,48.33333333333329,3.0,40.0,11.7333333333333,0,15,2
2016-05-11 16:00:00,70,108.12,-38.12,38.12,False,Normal,25.6,23.7,46.76,47.0,3.0,40.0,11.6,0,16,2
2016-05-11 16:10:00,70,106.15,-36.15,36.15,False,Normal,25.6333333333333,23.533333333333296,46.8266666666667,48.5,2.8333333333333295,40.0,11.9,0,16,2
2016-05-11 16:20:00,80,100.28,-20.28,20.28,False,Normal,25.675,23.366666666666696,47.175,50.0,2.66666666666667,40.0,12.2,0,16,2
2016-05-11 16:30:00,70,99.9,-29.9,29.9,False,Normal,25.533333333333296,23.2,48.33333333333329,51.5,2.5,40.0,12.5,0,16,2
2016-05-11 16:40:00,80,99.45,-19.45,19.45,False,Normal,25.5,23.033333333333296,49.2266666666667,53.0,2.3333333333333295,40.0,12.8,0,16,2
2016-05-11 16:50:00,80,95.25,-15.25,15.25,False,Normal,25.5,22.866666666666696,49.7666666666667,54.5,2.16666666666667,40.0,13.1,0,16,2
2016-05-11 17:00:00,70,89.44,-19.44,19.44,False,Normal,25.463333333333296,22.7,50.53,56.0,2.0,40.0,13.4,0,17,2
2016-05-11 17:10:00,90,84.14,5.86,5.86,False,Normal,25.463333333333296,22.5833333333333,50.79,56.5,1.8333333333333297,40.0,13.45,0,17,2
2016-05-11 17:20:00,80,86.73,-6.73,6.73,False,Normal,25.5,22.4666666666667,50.9666666666667,57.0,1.66666666666667,40.0,13.5,0,17,2
2016-05-11 17:30:00,100,85.04,14.96,14.96,False,Normal,25.5,22.35,50.9666666666667,57.5,1.5,40.0,13.55,0,17,2
2016-05-11 17:40:00,110,83.01,26.99,26.99,False,Normal,25.4266666666667,22.233333333333295,50.9,58.0,1.33333333333333,40.0,13.6,0,17,2
2016-05-11 17:50:00,100,73.89,26.11,26.11,False,Normal,25.4266666666667,22.116666666666696,50.9,58.5,1.16666666666667,40.0,13.65,0,17,2
2016-05-11 18:00:00,110,81.88,28.12,28.12,False,Normal,25.4266666666667,22.0,51.363333333333294,59.0,1.0,40.0,13.7,0,18,2
2016-05-11 18:10:00,90,82.32,7.68,7.68,False,Normal,25.4266666666667,21.3833333333333,50.963333333333296,59.33333333333329,1.66666666666667,40.0,13.2,0,18,2
2016-05-11 18:20:00,100,81.62,18.38,18.38,False,Normal,25.5,20.7666666666667,50.6633333333333,59.66666666666671,2.3333333333333295,40.0,12.7,0,18,2
2016-05-11 18:30:00,100,83.96,16.04,16.04,False,Normal,25.5,20.15,50.53,60.0,3.0,40.0,12.2,0,18,2
2016-05-11 18:40:00,100,85.42,14.58,14.58,False,Normal,25.5,19.533333333333296,50.33333333333329,60.33333333333329,3.6666666666666705,40.0,11.7,0,18,2
2016-05-11 18:50:00,110,85.11,24.89,24.89,False,Normal,25.5,18.9166666666667,50.1266666666667,60.66666666666671,4.3333333333333295,40.0,11.2,0,18,2
2016-05-11 19:00:00,90,87.38,2.62,2.62,False,Normal,25.5,18.3,49.83333333333329,61.0,5.0,40.0,10.7,0,19,2
2016-05-11 19:10:00,120,103.59,16.41,16.41,False,Normal,25.5,18.2666666666667,49.6266666666667,62.33333333333329,4.3333333333333295,40.0,10.9666666666667,10,19,2
2016-05-11 19:20:00,90,81.23,8.77,8.77,False,Normal,25.5,18.233333333333295,49.5666666666667,63.66666666666671,3.6666666666666705,40.0,11.2333333333333,0,19,2
2016-05-11 19:30:00,100,80.06,19.94,19.94,False,Normal,25.5,18.2,49.6266666666667,65.0,3.0,40.0,11.5,0,19,2
2016-05-11 19:40:00,80,78.26,1.74,1.74,False,Normal,25.5,18.1666666666667,49.345,66.3333333333333,2.3333333333333295,40.0,11.7666666666667,0,19,2
2016-05-11 19:50:00,90,75.42,14.58,14.58,False,Normal,25.5,18.1333333333333,49.2,67.6666666666667,1.66666666666667,40.0,12.0333333333333,0,19,2
2016-05-11 20:00:00,100,73.81,26.19,26.19,False,Normal,25.5,18.1,49.1266666666667,69.0,1.0,40.0,12.3,0,20,2
2016-05-11 20:10:00,90,73.55,16.45,16.45,False,Normal,25.39,17.9333333333333,49.09,71.0,1.16666666666667,40.0,12.5333333333333,0,20,2
2016-05-11 20:20:00,90,75.43,14.57,14.57,False,Normal,25.39,17.7666666666667,49.03,73.0,1.33333333333333,40.0,12.7666666666667,0,20,2
2016-05-11 20:30:00,80,74.79,5.21,5.21,False,Normal,25.39,17.6,48.9666666666667,75.0,1.5,40.0,13.0,0,20,2
2016-05-11 20:40:00,70,75.27,-5.27,5.27,False,Normal,25.39,17.4333333333333,48.9,77.0,1.66666666666667,40.0,13.2333333333333,0,20,2
2016-05-11 20:50:00,80,79.31,0.69,0.69,False,Normal,25.3566666666667,17.2666666666667,48.9,79.0,1.8333333333333297,40.0,13.4666666666667,0,20,2
2016-05-11 21:00:00,70,80.58,-10.58,10.58,False,Normal,25.29,17.1,48.8266666666667,81.0,2.0,40.0,13.7,0,21,2
2016-05-11 21:10:00,60,82.06,-22.06,22.06,False,Normal,25.29,17.1,48.76,80.3333333333333,2.66666666666667,40.0,13.5833333333333,0,21,2
2016-05-11 21:20:00,50,78.85,-28.85,28.85,False,Normal,25.29,17.1,48.7,79.6666666666667,3.3333333333333295,40.0,13.4666666666667,0,21,2
2016-05-11 21:30:00,70,79.0,-9.0,9.0,False,Normal,25.29,17.1,48.7,79.0,4.0,40.0,13.35,0,21,2
2016-05-11 21:40:00,60,78.05,-18.05,18.05,False,Normal,25.29,17.1,48.7,78.3333333333333,4.66666666666667,40.0,13.2333333333333,0,21,2
2016-05-11 21:50:00,60,76.14,-16.14,16.14,False,Normal,25.2,17.1,48.59,77.6666666666667,5.3333333333333295,40.0,13.1166666666667,0,21,2
2016-05-11 22:00:00,50,76.52,-26.52,26.52,False,Normal,25.2,17.1,48.59,77.0,6.0,40.0,13.0,0,22,2
2016-05-11 22:10:00,60,79.23,-19.23,19.23,False,Normal,25.2,16.7333333333333,48.59,79.6666666666667,5.66666666666667,40.0,13.1166666666667,0,22,2
2016-05-11 22:20:00,40,80.93,-40.93,40.93,False,Normal,25.2,16.3666666666667,48.53,82.3333333333333,5.3333333333333295,40.0,13.2333333333333,0,22,2
2016-05-11 22:30:00,60,83.79,-23.79,23.79,False,Normal,25.2,16.0,48.5,85.0,5.0,40.0,13.35,0,22,2
2016-05-11 22:40:00,70,85.1,-15.1,15.1,False,Normal,25.2,15.6333333333333,48.433333333333294,87.6666666666667,4.66666666666667,40.0,13.4666666666667,0,22,2
2016-05-11 22:50:00,50,88.23,-38.23,38.23,False,Normal,25.2,15.2666666666667,48.4666666666667,90.3333333333333,4.3333333333333295,40.0,13.5833333333333,0,22,2
2016-05-11 23:00:00,50,92.71,-42.71,42.71,False,Normal,25.1333333333333,14.9,48.3266666666667,93.0,4.0,40.0,13.7,0,23,2
2016-05-11 23:10:00,60,92.33,-32.33,32.33,False,Normal,25.1,14.8,48.29,93.5,3.8333333333333295,40.0,13.6833333333333,0,23,2
2016-05-11 23:20:00,50,89.28,-39.28,39.28,False,Normal,25.1666666666667,14.7,48.2,94.0,3.6666666666666705,40.0,13.6666666666667,0,23,2
2016-05-11 23:30:00,60,93.64,-33.64,33.64,False,Normal,25.1,14.6,48.2,94.5,3.5,40.0,13.65,0,23,2
2016-05-11 23:40:00,60,91.75,-31.75,31.75,False,Normal,25.1,14.5,48.09,95.0,3.3333333333333295,40.0,13.6333333333333,0,23,2
2016-05-11 23:50:00,60,92.35,-32.35,32.35,False,Normal,25.1,14.4,48.09,95.5,3.16666666666667,40.0,13.6166666666667,0,23,2
2016-05-12 00:00:00,60,71.02,-11.02,11.02,False,Normal,25.1,14.3,48.09,96.0,3.0,40.0,13.6,0,0,3
2016-05-12 00:10:00,50,67.85,-17.85,17.85,False,Normal,25.1,14.2333333333333,48.03,96.0,2.66666666666667,37.0,13.55,0,0,3
2016-05-12 00:20:00,60,67.01,-7.01,7.01,False,Normal,25.1,14.1666666666667,48.0,96.0,2.3333333333333295,34.0,13.5,0,0,3
2016-05-12 00:30:00,60,67.08,-7.08,7.08,False,Normal,25.1,14.1,48.0,96.0,2.0,31.0,13.45,0,0,3
2016-05-12 00:40:00,60,65.94,-5.94,5.94,False,Normal,25.066666666666695,14.0333333333333,48.0,96.0,1.66666666666667,28.0,13.4,0,0,3
2016-05-12 00:50:00,50,63.69,-13.69,13.69,False,Normal,25.0,13.9666666666667,48.0,96.0,1.33333333333333,25.0,13.35,0,0,3
2016-05-12 01:00:00,60,60.6,-0.6,0.6,False,Normal,25.0,13.9,47.9666666666667,96.0,1.0,22.0,13.3,0,1,3
2016-05-12 01:10:00,50,57.33,-7.33,7.33,False,Normal,25.0,13.9166666666667,47.9,95.8333333333333,1.0,22.3333333333333,13.2833333333333,0,1,3
2016-05-12 01:20:00,60,57.19,2.81,2.81,False,Normal,25.0,13.9333333333333,47.9,95.6666666666667,1.0,22.666666666666696,13.2666666666667,0,1,3
2016-05-12 01:30:00,60,58.07,1.93,1.93,False,Normal,25.0,13.95,47.9,95.5,1.0,23.0,13.25,0,1,3
2016-05-12 01:40:00,60,56.71,3.29,3.29,False,Normal,25.0,13.9666666666667,47.9,95.3333333333333,1.0,23.3333333333333,13.2333333333333,0,1,3
2016-05-12 01:50:00,50,57.31,-7.31,7.31,False,Normal,25.0,13.9833333333333,47.9,95.1666666666667,1.0,23.666666666666696,13.2166666666667,0,1,3
2016-05-12 02:00:00,60,57.46,2.54,2.54,False,Normal,24.89,14.0,47.79,95.0,1.0,24.0,13.2,0,2,3
2016-05-12 02:10:00,50,59.63,-9.63,9.63,False,Normal,24.89,13.8,47.79,95.1666666666667,1.0,30.3333333333333,13.0333333333333,0,2,3
2016-05-12 02:20:00,70,60.99,9.01,9.01,False,Normal,24.89,13.6,47.76,95.3333333333333,1.0,36.66666666666669,12.8666666666667,0,2,3
2016-05-12 02:30:00,50,62.85,-12.85,12.85,False,Normal,24.89,13.4,47.7,95.5,1.0,43.0,12.7,0,2,3
2016-05-12 02:40:00,60,66.68,-6.68,6.68,False,Normal,24.89,13.2,47.6266666666667,95.6666666666667,1.0,49.33333333333329,12.5333333333333,0,2,3
2016-05-12 02:50:00,50,67.92,-17.92,17.92,False,Normal,24.89,13.0,47.59,95.8333333333333,1.0,55.66666666666669,12.3666666666667,0,2,3
2016-05-12 03:00:00,50,70.14,-20.14,20.14,False,Normal,24.89,12.8,47.53,96.0,1.0,62.0,12.2,0,3,3
2016-05-12 03:10:00,50,70.46,-20.46,20.46,False,Normal,24.89,12.7666666666667,47.5,96.3333333333333,1.0,60.16666666666669,12.2166666666667,0,3,3
2016-05-12 03:20:00,50,71.57,-21.57,21.57,False,Normal,24.89,12.7333333333333,47.5,96.6666666666667,1.0,58.33333333333329,12.2333333333333,0,3,3
2016-05-12 03:30:00,50,72.65,-22.65,22.65,False,Normal,24.8566666666667,12.7,47.4,97.0,1.0,56.5,12.25,0,3,3
2016-05-12 03:40:00,50,72.35,-22.35,22.35,False,Normal,24.79,12.6666666666667,47.3266666666667,97.3333333333333,1.0,54.66666666666669,12.2666666666667,0,3,3
2016-05-12 03:50:00,50,72.03,-22.03,22.03,False,Normal,24.79,12.6333333333333,47.363333333333294,97.6666666666667,1.0,52.83333333333329,12.2833333333333,0,3,3
2016-05-12 04:00:00,60,72.23,-12.23,12.23,False,Normal,24.79,12.6,47.29,98.0,1.0,51.0,12.3,0,4,3
2016-05-12 04:10:00,50,71.88,-21.88,21.88,False,Normal,24.79,12.55,47.2,98.1666666666667,1.0,52.66666666666669,12.2666666666667,0,4,3
2016-05-12 04:20:00,70,70.98,-0.98,0.98,False,Normal,24.79,12.5,47.2,98.3333333333333,1.0,54.33333333333329,12.2333333333333,0,4,3
2016-05-12 04:30:00,50,72.13,-22.13,22.13,False,Normal,24.79,12.45,47.2,98.5,1.0,56.0,12.2,0,4,3
2016-05-12 04:40:00,50,73.99,-23.99,23.99,False,Normal,24.79,12.4,47.2,98.6666666666667,1.0,57.66666666666669,12.1666666666667,0,4,3
2016-05-12 04:50:00,60,72.17,-12.17,12.17,False,Normal,24.79,12.35,47.1633333333333,98.8333333333333,1.0,59.33333333333329,12.1333333333333,0,4,3
2016-05-12 05:00:00,60,74.09,-14.09,14.09,False,Normal,24.79,12.3,47.09,99.0,1.0,61.0,12.1,0,5,3
2016-05-12 05:10:00,50,76.82,-26.82,26.82,False,Normal,24.76,12.25,47.09,98.6666666666667,1.0,61.5,12.0166666666667,0,5,3
2016-05-12 05:20:00,60,78.69,-18.69,18.69,False,Normal,24.7,12.2,47.09,98.3333333333333,1.0,62.0,11.9333333333333,0,5,3
2016-05-12 05:30:00,90,78.83,11.17,11.17,False,Normal,24.7,12.15,47.06,98.0,1.0,62.5,11.85,0,5,3
2016-05-12 05:40:00,50,76.67,-26.67,26.67,False,Normal,24.7,12.1,47.19333333333329,97.6666666666667,1.0,63.0,11.7666666666667,0,5,3
2016-05-12 05:50:00,60,73.89,-13.89,13.89,False,Normal,24.79,12.05,47.56,97.3333333333333,1.0,63.5,11.6833333333333,0,5,3
2016-05-12 06:00:00,50,87.23,-37.23,37.23,False,Normal,24.79,12.0,47.375,97.0,1.0,64.0,11.6,10,6,3
2016-05-12 06:10:00,40,60.02,-20.02,20.02,False,Normal,24.79,11.8333333333333,47.1266666666667,97.3333333333333,1.0,54.16666666666669,11.4833333333333,0,6,3
2016-05-12 06:20:00,50,55.45,-5.45,5.45,False,Normal,24.79,11.6666666666667,47.0,97.6666666666667,1.0,44.33333333333329,11.3666666666667,0,6,3
2016-05-12 06:30:00,40,56.7,-16.7,16.7,False,Normal,24.79,11.5,47.0,98.0,1.0,34.5,11.25,0,6,3
2016-05-12 06:40:00,50,57.98,-7.98,7.98,False,Normal,24.79,11.3333333333333,47.0,98.3333333333333,1.0,24.666666666666696,11.1333333333333,0,6,3
2016-05-12 06:50:00,60,60.4,-0.4,0.4,False,Normal,24.79,11.1666666666667,47.0,98.6666666666667,1.0,14.8333333333333,11.0166666666667,0,6,3
2016-05-12 07:00:00,60,61.2,-1.2,1.2,False,Normal,24.79,11.0,47.0,99.0,1.0,5.0,10.9,0,7,3
2016-05-12 07:10:00,60,61.68,-1.68,1.68,False,Normal,24.79,11.3666666666667,47.0,99.0,1.0,11.3333333333333,11.25,0,7,3
2016-05-12 07:20:00,50,63.71,-13.71,13.71,False,Normal,24.79,11.7333333333333,47.0,99.0,1.0,17.6666666666667,11.6,0,7,3
2016-05-12 07:30:00,60,88.22,-28.22,28.22,False,Normal,24.79,12.1,47.0,99.0,1.0,24.0,11.95,10,7,3
2016-05-12 07:40:00,50,71.36,-21.36,21.36,False,Normal,24.79,12.4666666666667,47.03,99.0,1.0,30.3333333333333,12.3,0,7,3
2016-05-12 07:50:00,70,76.79,-6.79,6.79,False,Normal,24.79,12.8333333333333,47.1633333333333,99.0,1.0,36.66666666666669,12.65,0,7,3
2016-05-12 08:00:00,50,83.87,-33.87,33.87,False,Normal,24.79,13.2,47.23,99.0,1.0,43.0,13.0,0,8,3
2016-05-12 08:10:00,60,91.63,-31.63,31.63,False,Normal,24.79,13.6166666666667,47.363333333333294,97.1666666666667,1.16666666666667,46.16666666666669,13.1166666666667,0,8,3
2016-05-12 08:20:00,50,96.74,-46.74,46.74,False,Normal,24.8566666666667,14.0333333333333,47.4666666666667,95.3333333333333,1.33333333333333,49.33333333333329,13.2333333333333,0,8,3
2016-05-12 08:30:00,50,97.45,-47.45,47.45,False,Normal,24.79,14.45,47.4666666666667,93.5,1.5,52.5,13.35,0,8,3
2016-05-12 08:40:00,50,96.91,-46.91,46.91,False,Normal,24.8566666666667,14.8666666666667,47.56,91.6666666666667,1.66666666666667,55.66666666666669,13.4666666666667,0,8,3
2016-05-12 08:50:00,50,96.82,-46.82,46.82,False,Normal,24.79,15.2833333333333,47.56,89.8333333333333,1.8333333333333297,58.83333333333329,13.5833333333333,0,8,3
2016-05-12 09:00:00,40,98.45,-58.45,58.45,False,Normal,24.8566666666667,15.7,47.6633333333333,88.0,2.0,62.0,13.7,0,9,3
2016-05-12 09:10:00,50,120.76,-70.76,70.76,False,Normal,24.79,15.8333333333333,47.6633333333333,86.0,2.16666666666667,55.33333333333329,13.4666666666667,10,9,3
2016-05-12 09:20:00,40,98.43,-58.43,58.43,False,Normal,24.84,15.9666666666667,47.745,84.0,2.3333333333333295,48.66666666666669,13.2333333333333,0,9,3
2016-05-12 09:30:00,50,100.61,-50.61,50.61,False,Normal,24.8566666666667,16.1,47.79,82.0,2.5,42.0,13.0,0,9,3
2016-05-12 09:40:00,50,98.81,-48.81,48.81,False,Normal,24.8566666666667,16.2333333333333,47.863333333333294,80.0,2.66666666666667,35.3333333333333,12.7666666666667,0,9,3
2016-05-12 09:50:00,60,98.95,-38.95,38.95,False,Normal,24.8566666666667,16.3666666666667,47.863333333333294,78.0,2.8333333333333295,28.666666666666696,12.5333333333333,0,9,3
2016-05-12 10:00:00,60,97.06,-37.06,37.06,False,Normal,24.79,16.5,47.79,76.0,3.0,22.0,12.3,0,10,3
2016-05-12 10:10:00,60,95.71,-35.71,35.71,False,Normal,24.79,16.5166666666667,47.8266666666667,75.6666666666667,3.0,21.666666666666696,12.2333333333333,0,10,3
2016-05-12 10:20:00,60,96.12,-36.12,36.12,False,Normal,24.8566666666667,16.5333333333333,47.9666666666667,75.3333333333333,3.0,21.3333333333333,12.1666666666667,0,10,3
2016-05-12 10:30:00,50,96.06,-46.06,46.06,False,Normal,24.89,16.55,48.0,75.0,3.0,21.0,12.1,0,10,3
2016-05-12 10:40:00,60,114.22,-54.22,54.22,False,Normal,24.89,16.5666666666667,48.0,74.6666666666667,3.0,20.666666666666696,12.0333333333333,10,10,3
2016-05-12 10:50:00,60,93.98,-33.98,33.98,False,Normal,24.89,16.5833333333333,48.0,74.3333333333333,3.0,20.3333333333333,11.9666666666667,0,10,3
2016-05-12 11:00:00,50,96.97,-46.97,46.97,False,Normal,24.89,16.6,48.0,74.0,3.0,20.0,11.9,0,11,3
2016-05-12 11:10:00,50,97.38,-47.38,47.38,False,Normal,24.89,16.8833333333333,47.9666666666667,72.5,3.0,20.8333333333333,11.85,0,11,3
2016-05-12 11:20:00,50,97.24,-47.24,47.24,False,Normal,24.89,17.1666666666667,47.9,71.0,3.0,21.666666666666696,11.8,0,11,3
2016-05-12 11:30:00,50,99.66,-49.66,49.66,False,Normal,24.963333333333296,17.45,47.863333333333294,69.5,3.0,22.5,11.75,0,11,3
2016-05-12 11:40:00,50,99.97,-49.97,49.97,False,Normal,24.963333333333296,17.7333333333333,47.863333333333294,68.0,3.0,23.3333333333333,11.7,0,11,3
2016-05-12 11:50:00,50,98.71,-48.71,48.71,False,Normal,25.0,18.0166666666667,47.79,66.5,3.0,24.166666666666696,11.65,0,11,3
2016-05-12 12:00:00,50,102.23,-52.23,52.23,False,Normal,25.0,18.3,47.79,65.0,3.0,25.0,11.6,0,12,3
2016-05-12 12:10:00,60,103.63,-43.63,43.63,False,Normal,25.033333333333296,18.55,47.76,64.3333333333333,2.8333333333333295,24.8333333333333,11.6666666666667,0,12,3
2016-05-12 12:20:00,60,129.57,-69.57,69.57,False,Normal,25.1,18.8,47.7,63.66666666666671,2.66666666666667,24.666666666666696,11.7333333333333,10,12,3
2016-05-12 12:30:00,50,109.31,-59.31,59.31,False,Normal,25.1,19.05,47.6633333333333,63.0,2.5,24.5,11.8,0,12,3
2016-05-12 12:40:00,60,110.31,-50.31,50.31,False,Normal,25.1666666666667,19.3,47.59,62.33333333333329,2.3333333333333295,24.3333333333333,11.8666666666667,0,12,3
2016-05-12 12:50:00,50,104.43,-54.43,54.43,False,Normal,25.2,19.55,47.5,61.66666666666671,2.16666666666667,24.166666666666696,11.9333333333333,0,12,3
2016-05-12 13:00:00,60,105.5,-45.5,45.5,False,Normal,25.29,19.8,47.4,61.0,2.0,24.0,12.0,0,13,3
2016-05-12 13:10:00,60,104.52,-44.52,44.52,False,Normal,25.29,20.0,47.3266666666667,60.0,2.16666666666667,24.0,11.9166666666667,0,13,3
2016-05-12 13:20:00,60,106.71,-46.71,46.71,False,Normal,25.323333333333295,20.2,47.29,59.0,2.3333333333333295,24.0,11.8333333333333,0,13,3
2016-05-12 13:30:00,50,104.17,-54.17,54.17,False,Normal,25.39,20.4,47.23,58.0,2.5,24.0,11.75,0,13,3
2016-05-12 13:40:00,60,103.4,-43.4,43.4,False,Normal,25.39,20.6,47.1633333333333,57.0,2.66666666666667,24.0,11.6666666666667,0,13,3
2016-05-12 13:50:00,50,104.54,-54.54,54.54,False,Normal,25.39,20.8,47.09,56.0,2.8333333333333295,24.0,11.5833333333333,0,13,3
2016-05-12 14:00:00,60,108.36,-48.36,48.36,False,Normal,25.5,21.0,47.09,55.0,3.0,24.0,11.5,0,14,3
2016-05-12 14:10:00,60,109.65,-49.65,49.65,False,Normal,25.5,21.033333333333296,47.03,55.33333333333329,3.16666666666667,24.5,11.6333333333333,0,14,3
2016-05-12 14:20:00,60,110.56,-50.56,50.56,False,Normal,25.5,21.066666666666695,46.9,55.66666666666671,3.3333333333333295,25.0,11.7666666666667,0,14,3
2016-05-12 14:30:00,50,115.08,-65.08,65.08,False,Normal,25.5,21.1,46.9,56.0,3.5,25.5,11.9,0,14,3
2016-05-12 14:40:00,70,113.76,-43.76,43.76,False,Normal,25.533333333333296,21.1333333333333,46.79,56.33333333333329,3.6666666666666705,26.0,12.0333333333333,0,14,3
2016-05-12 14:50:00,40,111.8,-71.8,71.8,False,Normal,25.6,21.1666666666667,46.79,56.66666666666671,3.8333333333333295,26.5,12.1666666666667,0,14,3
2016-05-12 15:00:00,50,114.61,-64.61,64.61,False,Normal,25.5,21.2,46.79,57.0,4.0,27.0,12.3,0,15,3
2016-05-12 15:10:00,60,115.58,-55.58,55.58,False,Normal,25.5,21.2,46.73,57.16666666666671,3.8333333333333295,26.5,12.3666666666667,0,15,3
2016-05-12 15:20:00,80,112.83,-32.83,32.83,False,Normal,25.533333333333296,21.2,46.7,57.33333333333329,3.6666666666666705,26.0,12.4333333333333,0,15,3
2016-05-12 15:30:00,60,104.0,-44.0,44.0,False,Normal,25.6,21.2,46.7,57.5,3.5,25.5,12.5,0,15,3
2016-05-12 15:40:00,80,99.37,-19.37,19.37,False,Normal,25.6,21.2,46.7,57.66666666666671,3.3333333333333295,25.0,12.5666666666667,0,15,3
2016-05-12 15:50:00,80,101.69,-21.69,21.69,False,Normal,25.6,21.2,46.7,57.83333333333329,3.16666666666667,24.5,12.6333333333333,0,15,3
2016-05-12 16:00:00,100,97.98,2.02,2.02,False,Normal,25.6,21.2,46.7,58.0,3.0,24.0,12.7,0,16,3
2016-05-12 16:10:00,100,97.63,2.37,2.37,False,Normal,25.6,21.2,46.7,57.83333333333329,2.8333333333333295,24.8333333333333,12.65,0,16,3
2016-05-12 16:20:00,110,98.89,11.11,11.11,False,Normal,25.6,21.2,46.7,57.66666666666671,2.66666666666667,25.666666666666696,12.6,0,16,3
2016-05-12 16:30:00,200,97.6,102.4,102.4,False,Normal,25.6,21.2,47.0933333333333,57.5,2.5,26.5,12.55,0,16,3
2016-05-12 16:40:00,100,97.16,2.84,2.84,False,Normal,25.6,21.2,48.2333333333333,57.33333333333329,2.3333333333333295,27.3333333333333,12.5,0,16,3
2016-05-12 16:50:00,100,104.19,-4.19,4.19,False,Normal,25.6,21.2,49.2,57.16666666666671,2.16666666666667,28.166666666666696,12.45,0,16,3
2016-05-12 17:00:00,100,112.42,-12.42,12.42,False,Normal,25.533333333333296,21.2,49.26,57.0,2.0,29.0,12.4,0,17,3
2016-05-12 17:10:00,110,110.11,-0.11,0.11,False,Normal,25.5,21.2,49.26,56.5,2.3333333333333295,29.0,12.2666666666667,0,17,3
2016-05-12 17:20:00,120,113.23,6.77,6.77,False,Normal,25.5,21.2,49.2,56.0,2.66666666666667,29.0,12.1333333333333,0,17,3
2016-05-12 17:30:00,110,116.44,-6.44,6.44,False,Normal,25.5,21.2,49.26,55.5,3.0,29.0,12.0,0,17,3
2016-05-12 17:40:00,470,113.4,356.6,356.6,True,High,25.5,21.2,49.0,55.0,3.3333333333333295,29.0,11.8666666666667,0,17,3
2016-05-12 17:50:00,340,120.61,219.39,219.39,True,Moderate,25.533333333333296,21.2,49.5933333333333,54.5,3.6666666666666705,29.0,11.7333333333333,0,17,3
2016-05-12 18:00:00,100,152.75,-52.75,52.75,False,Normal,25.6,21.2,53.26,54.0,4.0,29.0,11.6,0,18,3
2016-05-12 18:10:00,110,130.32,-20.32,20.32,False,Normal,25.6,20.8833333333333,51.33333333333329,55.0,3.6666666666666705,30.8333333333333,11.5666666666667,0,18,3
2016-05-12 18:20:00,110,128.07,-18.07,18.07,False,Normal,25.6,20.566666666666695,50.86,56.0,3.3333333333333295,32.66666666666669,11.5333333333333,0,18,3
2016-05-12 18:30:00,90,121.87,-31.87,31.87,False,Normal,25.6,20.25,50.2966666666667,57.0,3.0,34.5,11.5,0,18,3
2016-05-12 18:40:00,110,118.54,-8.54,8.54,False,Normal,25.6,19.933333333333305,49.963333333333296,58.0,2.66666666666667,36.33333333333329,11.4666666666667,0,18,3
2016-05-12 18:50:00,110,115.2,-5.2,5.2,False,Normal,25.6,19.616666666666696,49.56,59.0,2.3333333333333295,38.16666666666669,11.4333333333333,0,18,3
2016-05-12 19:00:00,130,113.32,16.68,16.68,False,Normal,25.6,19.3,49.36,60.0,2.0,40.0,11.4,0,19,3
2016-05-12 19:10:00,120,110.48,9.52,9.52,False,Normal,25.6,19.2166666666667,49.06,61.0,2.0,40.0,11.55,0,19,3
2016-05-12 19:20:00,120,108.29,11.71,11.71,False,Normal,25.6,19.1333333333333,48.86,62.0,2.0,40.0,11.7,0,19,3
2016-05-12 19:30:00,120,102.08,17.92,17.92,False,Normal,25.6,19.05,48.6633333333333,63.0,2.0,40.0,11.85,0,19,3
2016-05-12 19:40:00,130,97.54,32.46,32.46,False,Normal,25.525,18.9666666666667,48.5225,64.0,2.0,40.0,12.0,0,19,3
2016-05-12 19:50:00,120,95.4,24.6,24.6,False,Normal,25.5,18.8833333333333,48.433333333333294,65.0,2.0,40.0,12.15,0,19,3
2016-05-12 20:00:00,130,94.86,35.14,35.14,False,Normal,25.566666666666695,18.8,48.363333333333294,66.0,2.0,40.0,12.3,0,20,3
2016-05-12 20:10:00,120,92.43,27.57,27.57,False,Normal,25.5,18.6666666666667,48.29,67.1666666666667,1.8333333333333297,40.0,12.4333333333333,0,20,3
2016-05-12 20:20:00,80,93.35,-13.35,13.35,False,Normal,25.5,18.533333333333296,48.29,68.3333333333333,1.66666666666667,40.0,12.5666666666667,0,20,3
2016-05-12 20:30:00,70,90.81,-20.81,20.81,False,Normal,25.5,18.4,48.29,69.5,1.5,40.0,12.7,0,20,3
2016-05-12 20:40:00,70,87.24,-17.24,17.24,False,Normal,25.5,18.2666666666667,48.3266666666667,70.6666666666667,1.33333333333333,40.0,12.8333333333333,0,20,3
2016-05-12 20:50:00,130,83.03,46.97,46.97,False,Normal,25.5,18.1333333333333,48.4,71.8333333333333,1.16666666666667,40.0,12.9666666666667,0,20,3
2016-05-12 21:00:00,80,81.06,-1.06,1.06,False,Normal,25.5,18.0,48.433333333333294,73.0,1.0,40.0,13.1,0,21,3
2016-05-12 21:10:00,70,94.58,-24.58,24.58,False,Normal,25.5,17.8,48.56,73.6666666666667,1.0,37.83333333333329,13.0333333333333,10,21,3
2016-05-12 21:20:00,80,92.17,-12.17,12.17,False,Normal,25.5,17.6,48.73,74.3333333333333,1.0,35.66666666666669,12.9666666666667,10,21,3
2016-05-12 21:30:00,80,87.17,-7.17,7.17,False,Normal,25.5,17.4,48.863333333333294,75.0,1.0,33.5,12.9,10,21,3
2016-05-12 21:40:00,60,65.07,-5.07,5.07,False,Normal,25.5,17.2,49.0,75.6666666666667,1.0,31.3333333333333,12.8333333333333,0,21,3
2016-05-12 21:50:00,60,67.13,-7.13,7.13,False,Normal,25.5,17.0,49.0,76.3333333333333,1.0,29.166666666666696,12.7666666666667,0,21,3
2016-05-12 22:00:00,60,66.84,-6.84,6.84,False,Normal,25.463333333333296,16.8,49.03,77.0,1.0,27.0,12.7,0,22,3
2016-05-12 22:10:00,60,70.07,-10.07,10.07,False,Normal,25.39,16.5,49.1633333333333,78.6666666666667,1.0,26.666666666666696,12.7333333333333,0,22,3
2016-05-12 22:20:00,70,75.67,-5.67,5.67,False,Normal,25.39,16.2,49.2,80.3333333333333,1.0,26.3333333333333,12.7666666666667,0,22,3
2016-05-12 22:30:00,50,74.96,-24.96,24.96,False,Normal,25.39,15.9,49.1266666666667,82.0,1.0,26.0,12.8,0,22,3
2016-05-12 22:40:00,60,76.74,-16.74,16.74,False,Normal,25.3566666666667,15.6,49.06,83.6666666666667,1.0,25.666666666666696,12.8333333333333,0,22,3
2016-05-12 22:50:00,60,78.96,-18.96,18.96,False,Normal,25.3566666666667,15.3,49.0,85.3333333333333,1.0,25.3333333333333,12.8666666666667,0,22,3
2016-05-12 23:00:00,60,80.47,-20.47,20.47,False,Normal,25.39,15.0,49.0,87.0,1.0,25.0,12.9,0,23,3
2016-05-12 23:10:00,60,81.07,-21.07,21.07,False,Normal,25.29,14.85,48.9,87.6666666666667,1.0,24.5,12.85,0,23,3
2016-05-12 23:20:00,60,81.93,-21.93,21.93,False,Normal,25.29,14.7,48.9,88.3333333333333,1.0,24.0,12.8,0,23,3
2016-05-12 23:30:00,50,84.92,-34.92,34.92,False,Normal,25.29,14.55,48.79,89.0,1.0,23.5,12.75,0,23,3
2016-05-12 23:40:00,60,82.92,-22.92,22.92,False,Normal,25.29,14.4,48.73,89.6666666666667,1.0,23.0,12.7,0,23,3
2016-05-12 23:50:00,50,81.18,-31.18,31.18,False,Normal,25.29,14.25,48.6633333333333,90.3333333333333,1.0,22.5,12.65,0,23,3
2016-05-13 00:00:00,70,59.43,10.57,10.57,False,Normal,25.29,14.1,48.59,91.0,1.0,22.0,12.6,0,0,4
2016-05-13 00:10:00,50,64.94,-14.94,14.94,False,Normal,25.29,14.2666666666667,48.59,91.5,1.33333333333333,25.8333333333333,12.8666666666667,0,0,4
2016-05-13 00:20:00,60,62.64,-2.64,2.64,False,Normal,25.29,14.4333333333333,48.53,92.0,1.66666666666667,29.666666666666696,13.1333333333333,0,0,4
2016-05-13 00:30:00,40,65.87,-25.87,25.87,False,Normal,25.29,14.6,48.5,92.5,2.0,33.5,13.4,0,0,4
2016-05-13 00:40:00,60,66.16,-6.16,6.16,False,Normal,25.23,14.7666666666667,48.5,93.0,2.3333333333333295,37.33333333333329,13.6666666666667,0,0,4
2016-05-13 00:50:00,50,63.02,-13.02,13.02,False,Normal,25.2,14.9333333333333,48.5,93.5,2.66666666666667,41.16666666666669,13.9333333333333,0,0,4
2016-05-13 01:00:00,50,68.25,-18.25,18.25,False,Normal,25.2,15.1,48.5,94.0,3.0,45.0,14.2,0,1,4
2016-05-13 01:10:00,50,68.1,-18.1,18.1,False,Normal,25.2,15.1666666666667,48.4666666666667,93.1666666666667,3.0,40.83333333333329,14.1,0,1,4
2016-05-13 01:20:00,50,66.86,-16.86,16.86,False,Normal,25.2,15.2333333333333,48.4666666666667,92.3333333333333,3.0,36.66666666666669,14.0,0,1,4
2016-05-13 01:30:00,60,63.01,-3.01,3.01,False,Normal,25.2,15.3,48.4,91.5,3.0,32.5,13.9,0,1,4
2016-05-13 01:40:00,60,60.48,-0.48,0.48,False,Normal,25.1333333333333,15.3666666666667,48.4,90.6666666666667,3.0,28.3333333333333,13.8,0,1,4
2016-05-13 01:50:00,50,56.7,-6.7,6.7,False,Normal,25.1,15.4333333333333,48.4,89.8333333333333,3.0,24.166666666666696,13.7,0,1,4
2016-05-13 02:00:00,60,52.55,7.45,7.45,False,Normal,25.1,15.5,48.3266666666667,89.0,3.0,20.0,13.6,0,2,4
2016-05-13 02:10:00,60,52.04,7.96,7.96,False,Normal,25.1,15.2166666666667,48.29,89.6666666666667,2.8333333333333295,27.5,13.45,0,2,4
2016-05-13 02:20:00,50,56.32,-6.32,6.32,False,Normal,25.1,14.9333333333333,48.29,90.3333333333333,2.66666666666667,35.0,13.3,0,2,4
2016-05-13 02:30:00,60,58.18,1.82,1.82,False,Normal,25.1,14.65,48.29,91.0,2.5,42.5,13.15,0,2,4
2016-05-13 02:40:00,60,58.03,1.97,1.97,False,Normal,25.1,14.3666666666667,48.1633333333333,91.6666666666667,2.3333333333333295,50.0,13.0,0,2,4
2016-05-13 02:50:00,60,58.57,1.43,1.43,False,Normal,25.1,14.0833333333333,48.09,92.3333333333333,2.16666666666667,57.5,12.85,0,2,4
2016-05-13 03:00:00,60,62.76,-2.76,2.76,False,Normal,25.1,13.8,48.09,93.0,2.0,65.0,12.7,0,3,4
2016-05-13 03:10:00,60,62.33,-2.33,2.33,False,Normal,25.033333333333296,13.6333333333333,48.09,93.6666666666667,1.8333333333333297,60.0,12.6333333333333,0,3,4
2016-05-13 03:20:00,50,65.08,-15.08,15.08,False,Normal,25.0,13.4666666666667,48.0,94.3333333333333,1.66666666666667,55.0,12.5666666666667,0,3,4
2016-05-13 03:30:00,60,66.41,-6.41,6.41,False,Normal,25.0,13.3,48.0,95.0,1.5,50.0,12.5,0,3,4
2016-05-13 03:40:00,60,63.57,-3.57,3.57,False,Normal,25.0,13.1333333333333,47.9666666666667,95.6666666666667,1.33333333333333,45.0,12.4333333333333,0,3,4
2016-05-13 03:50:00,60,63.22,-3.22,3.22,False,Normal,25.0,12.9666666666667,47.9,96.3333333333333,1.16666666666667,40.0,12.3666666666667,0,3,4
2016-05-13 04:00:00,50,66.3,-16.3,16.3,False,Normal,25.0,12.8,47.863333333333294,97.0,1.0,35.0,12.3,0,4,4
2016-05-13 04:10:00,50,67.34,-17.34,17.34,False,Normal,25.0,12.7,47.79,96.8333333333333,1.0,35.3333333333333,12.1833333333333,0,4,4
2016-05-13 04:20:00,50,67.08,-17.08,17.08,False,Normal,24.89,12.6,47.79,96.6666666666667,1.0,35.66666666666669,12.0666666666667,0,4,4
2016-05-13 04:30:00,50,66.58,-16.58,16.58,False,Normal,24.89,12.5,47.73,96.5,1.0,36.0,11.95,0,4,4
2016-05-13 04:40:00,50,66.41,-16.41,16.41,False,Normal,24.89,12.4,47.6633333333333,96.3333333333333,1.0,36.33333333333329,11.8333333333333,0,4,4
2016-05-13 04:50:00,50,65.88,-15.88,15.88,False,Normal,24.89,12.3,47.59,96.1666666666667,1.0,36.66666666666669,11.7166666666667,0,4,4
2016-05-13 05:00:00,50,66.64,-16.64,16.64,False,Normal,24.89,12.2,47.5,96.0,1.0,37.0,11.6,0,5,4
2016-05-13 05:10:00,60,67.31,-7.31,7.31,False,Normal,24.89,12.2,47.5,96.1666666666667,1.0,37.0,11.6166666666667,0,5,4
2016-05-13 05:20:00,50,66.54,-16.54,16.54,False,Normal,24.89,12.2,47.5,96.3333333333333,1.0,37.0,11.6333333333333,0,5,4
2016-05-13 05:30:00,60,65.5,-5.5,5.5,False,Normal,24.89,12.2,47.433333333333294,96.5,1.0,37.0,11.65,0,5,4
2016-05-13 05:40:00,60,66.93,-6.93,6.93,False,Normal,24.89,12.2,47.4,96.6666666666667,1.0,37.0,11.6666666666667,0,5,4
2016-05-13 05:50:00,70,65.65,4.35,4.35,False,Normal,24.865,12.2,47.295,96.8333333333333,1.0,37.0,11.6833333333333,0,5,4
2016-05-13 06:00:00,60,69.3,-9.3,9.3,False,Normal,24.79,12.2,47.46,97.0,1.0,37.0,11.7,0,6,4
2016-05-13 06:10:00,70,61.9,8.1,8.1,False,Normal,24.89,12.1833333333333,47.363333333333294,97.3333333333333,1.0,40.5,11.7333333333333,0,6,4
2016-05-13 06:20:00,190,58.77,131.23,131.23,False,Normal,24.89,12.1666666666667,47.29,97.6666666666667,1.0,44.0,11.7666666666667,0,6,4
2016-05-13 06:30:00,370,57.3,312.7,312.7,True,Moderate,24.89,12.15,47.23,98.0,1.0,47.5,11.8,0,6,4
2016-05-13 06:40:00,100,59.98,40.02,40.02,False,Normal,24.89,12.1333333333333,47.363333333333294,98.3333333333333,1.0,51.0,11.8333333333333,0,6,4
2016-05-13 06:50:00,90,67.15,22.85,22.85,False,Normal,24.89,12.1166666666667,47.363333333333294,98.6666666666667,1.0,54.5,11.8666666666667,0,6,4
2016-05-13 07:00:00,110,72.77,37.23,37.23,False,Normal,24.89,12.1,47.29,99.0,1.0,58.0,11.9,0,7,4
2016-05-13 07:10:00,80,75.44,4.56,4.56,False,Normal,24.89,12.4333333333333,47.2,97.1666666666667,1.16666666666667,58.5,11.9333333333333,0,7,4
2016-05-13 07:20:00,120,79.21,40.79,40.79,False,Normal,24.89,12.7666666666667,47.1266666666667,95.3333333333333,1.33333333333333,59.0,11.9666666666667,0,7,4
2016-05-13 07:30:00,110,89.92,20.08,20.08,False,Normal,24.8566666666667,13.1,47.43,93.5,1.5,59.5,12.0,0,7,4
2016-05-13 07:40:00,80,91.9,-11.9,11.9,False,Normal,24.79,13.4333333333333,47.29,91.6666666666667,1.66666666666667,60.0,12.0333333333333,0,7,4
2016-05-13 07:50:00,560,92.76,467.24,467.24,True,High,24.79,13.7666666666667,47.2266666666667,89.8333333333333,1.8333333333333297,60.5,12.0666666666667,0,7,4
2016-05-13 08:00:00,660,136.54,523.46,523.46,True,High,24.79,14.1,48.5,88.0,2.0,61.0,12.1,10,8,4
2016-05-13 08:10:00,330,181.4,148.6,148.6,False,Normal,24.79,14.4,48.76,86.8333333333333,2.16666666666667,54.16666666666669,12.2,20,8,4
2016-05-13 08:20:00,270,202.3,67.7,67.7,False,Normal,24.79,14.7,48.6266666666667,85.6666666666667,2.3333333333333295,47.33333333333329,12.3,20,8,4
2016-05-13 08:30:00,290,217.76,72.24,72.24,False,Normal,24.79,15.0,48.49,84.5,2.5,40.5,12.4,20,8,4
2016-05-13 08:40:00,230,220.15,9.85,9.85,False,Normal,24.73,15.3,48.1566666666667,83.3333333333333,2.66666666666667,33.66666666666669,12.5,20,8,4
2016-05-13 08:50:00,250,240.93,9.07,9.07,False,Normal,24.7,15.6,48.09,82.1666666666667,2.8333333333333295,26.8333333333333,12.6,30,8,4
2016-05-13 09:00:00,190,228.56,-38.56,38.56,False,Normal,24.7,15.9,48.09,81.0,3.0,20.0,12.7,20,9,4
2016-05-13 09:10:00,80,235.53,-155.53,155.53,False,Normal,24.7,16.0833333333333,48.09,80.1666666666667,3.16666666666667,20.3333333333333,12.7,20,9,4
2016-05-13 09:20:00,70,232.17,-162.17,162.17,False,Normal,24.7675,16.2666666666667,48.09,79.3333333333333,3.3333333333333295,20.666666666666696,12.7,20,9,4
2016-05-13 09:30:00,60,227.16,-167.16,167.16,False,Normal,24.79,16.45,48.1633333333333,78.5,3.5,21.0,12.7,20,9,4
2016-05-13 09:40:00,80,238.11,-158.11,158.11,False,Normal,24.79,16.6333333333333,48.29,77.6666666666667,3.6666666666666705,21.3333333333333,12.7,30,9,4
2016-05-13 09:50:00,80,213.82,-133.82,133.82,False,Normal,24.79,16.8166666666667,48.29,76.8333333333333,3.8333333333333295,21.666666666666696,12.7,20,9,4
2016-05-13 10:00:00,70,205.45,-135.45,135.45,False,Normal,24.79,17.0,48.26,76.0,4.0,22.0,12.7,20,10,4
2016-05-13 10:10:00,60,206.08,-146.08,146.08,False,Normal,24.79,17.3,48.2,75.6666666666667,3.8333333333333295,22.166666666666696,12.9333333333333,20,10,4
2016-05-13 10:20:00,80,205.19,-125.19,125.19,False,Normal,24.823333333333295,17.6,48.2,75.3333333333333,3.6666666666666705,22.3333333333333,13.1666666666667,20,10,4
2016-05-13 10:30:00,70,203.48,-133.48,133.48,False,Normal,24.89,17.9,48.2,75.0,3.5,22.5,13.4,20,10,4
2016-05-13 10:40:00,80,220.73,-140.73,140.73,False,Normal,24.89,18.2,48.2,74.6666666666667,3.3333333333333295,22.666666666666696,13.6333333333333,30,10,4
2016-05-13 10:50:00,80,198.63,-118.63,118.63,False,Normal,24.89,18.5,48.1266666666667,74.3333333333333,3.16666666666667,22.8333333333333,13.8666666666667,20,10,4
2016-05-13 11:00:00,110,200.85,-90.85,90.85,False,Normal,24.89,18.8,48.06,74.0,3.0,23.0,14.1,20,11,4
2016-05-13 11:10:00,600,204.09,395.91,395.91,True,High,24.89,19.033333333333296,48.1333333333333,72.5,3.3333333333333295,23.8333333333333,13.9833333333333,20,11,4
2016-05-13 11:20:00,560,211.23,348.77,348.77,True,High,25.0,19.2666666666667,48.5,71.0,3.6666666666666705,24.666666666666696,13.8666666666667,20,11,4
2016-05-13 11:30:00,320,180.54,139.46,139.46,False,Normal,25.066666666666695,19.5,48.7,69.5,4.0,25.5,13.75,0,11,4
2016-05-13 11:40:00,260,190.08,69.92,69.92,False,Normal,25.1,19.733333333333295,48.39,68.0,4.3333333333333295,26.3333333333333,13.6333333333333,0,11,4
2016-05-13 11:50:00,280,199.12,80.88,80.88,False,Normal,25.1666666666667,19.9666666666667,48.7966666666667,66.5,4.66666666666667,27.166666666666696,13.5166666666667,0,11,4
2016-05-13 12:00:00,260,206.56,53.44,53.44,False,Normal,25.2,20.2,48.863333333333294,65.0,5.0,28.0,13.4,0,12,4
2016-05-13 12:10:00,240,211.57,28.43,28.43,False,Normal,25.26,20.366666666666696,48.6566666666667,64.5,4.8333333333333295,28.0,13.4333333333333,0,12,4
2016-05-13 12:20:00,210,205.58,4.42,4.42,False,Normal,25.4266666666667,20.533333333333296,48.5666666666667,64.0,4.66666666666667,28.0,13.4666666666667,0,12,4
2016-05-13 12:30:00,100,192.68,-92.68,92.68,False,Normal,25.566666666666695,20.7,48.433333333333294,63.5,4.5,28.0,13.5,0,12,4
2016-05-13 12:40:00,380,180.26,199.74,199.74,False,Normal,25.6,20.866666666666696,47.95,63.0,4.3333333333333295,28.0,13.5333333333333,0,12,4
2016-05-13 12:50:00,620,164.06,455.94,455.94,True,High,25.7,21.033333333333296,47.6,62.5,4.16666666666667,28.0,13.5666666666667,0,12,4
2016-05-13 13:00:00,310,175.15,134.85,134.85,False,Normal,25.7,21.2,47.4666666666667,62.0,4.0,28.0,13.6,0,13,4
2016-05-13 13:10:00,270,187.84,82.16,82.16,False,Normal,25.7,21.2166666666667,47.2,61.0,4.16666666666667,28.166666666666696,13.35,0,13,4
2016-05-13 13:20:00,280,196.91,83.09,83.09,False,Normal,25.76,21.233333333333295,47.1266666666667,60.0,4.3333333333333295,28.3333333333333,13.1,0,13,4
2016-05-13 13:30:00,240,193.58,46.42,46.42,False,Normal,25.823333333333295,21.25,47.1966666666667,59.0,4.5,28.5,12.85,0,13,4
2016-05-13 13:40:00,280,178.25,101.75,101.75,False,Normal,25.963333333333296,21.2666666666667,46.79,58.0,4.66666666666667,28.666666666666696,12.6,0,13,4
2016-05-13 13:50:00,230,163.9,66.1,66.1,False,Normal,26.033333333333296,21.283333333333296,45.823333333333295,57.0,4.8333333333333295,28.8333333333333,12.35,0,13,4
2016-05-13 14:00:00,170,154.25,15.75,15.75,False,Normal,26.1,21.3,45.1566666666667,56.0,5.0,29.0,12.1,0,14,4
2016-05-13 14:10:00,170,135.83,34.17,34.17,False,Normal,26.2,21.6,44.1966666666667,54.16666666666671,5.16666666666667,30.8333333333333,11.85,0,14,4
2016-05-13 14:20:00,620,126.9,493.1,493.1,True,High,26.26,21.9,43.93,52.33333333333329,5.3333333333333295,32.66666666666669,11.6,0,14,4
2016-05-13 14:30:00,460,131.81,328.19,328.19,True,High,26.26,22.2,43.66,50.5,5.5,34.5,11.35,0,14,4
2016-05-13 14:40:00,240,162.73,77.27,77.27,False,Normal,26.2,22.5,43.5266666666667,48.66666666666671,5.66666666666667,36.33333333333329,11.1,10,14,4
2016-05-13 14:50:00,250,147.15,102.85,102.85,False,Normal,26.2,22.8,43.5,46.83333333333329,5.8333333333333295,38.16666666666669,10.85,0,14,4
2016-05-13 15:00:00,270,150.25,119.75,119.75,False,Normal,26.2,23.1,43.433333333333294,45.0,6.0,40.0,10.6,0,15,4
2016-05-13 15:10:00,250,159.11,90.89,90.89,False,Normal,26.1666666666667,23.1,43.26,45.0,6.16666666666667,40.0,10.5833333333333,0,15,4
2016-05-13 15:20:00,220,166.51,53.49,53.49,False,Normal,26.1,23.1,43.2,45.0,6.3333333333333295,40.0,10.5666666666667,0,15,4
2016-05-13 15:30:00,170,171.94,-1.94,1.94,False,Normal,26.1,23.1,43.06,45.0,6.5,40.0,10.55,0,15,4
2016-05-13 15:40:00,100,166.59,-66.59,66.59,False,Normal,26.1,23.1,42.8,45.0,6.66666666666667,40.0,10.5333333333333,0,15,4
2016-05-13 15:50:00,200,153.49,46.51,46.51,False,Normal,26.1,23.1,42.363333333333294,45.0,6.8333333333333295,40.0,10.5166666666667,0,15,4
2016-05-13 16:00:00,350,136.96,213.04,213.04,True,Moderate,26.1,23.1,42.03,45.0,7.0,40.0,10.5,0,16,4
2016-05-13 16:10:00,300,137.29,162.71,162.71,False,Normal,26.1,23.1,41.745,45.0,7.0,40.0,10.5,0,16,4
2016-05-13 16:20:00,450,150.81,299.19,299.19,True,Moderate,26.1,23.1,41.8266666666667,45.0,7.0,40.0,10.5,0,16,4
2016-05-13 16:30:00,450,155.79,294.21,294.21,True,Moderate,26.1,23.1,41.8266666666667,45.0,7.0,40.0,10.5,0,16,4
2016-05-13 16:40:00,290,157.12,132.88,132.88,False,Normal,26.1,23.1,41.7,45.0,7.0,40.0,10.5,0,16,4
2016-05-13 16:50:00,270,155.56,114.44,114.44,False,Normal,26.1,23.1,41.6266666666667,45.0,7.0,40.0,10.5,0,16,4
2016-05-13 17:00:00,280,152.23,127.77,127.77,False,Normal,26.1,23.1,41.5,45.0,7.0,40.0,10.5,0,17,4
2016-05-13 17:10:00,200,146.76,53.24,53.24,False,Normal,26.033333333333296,22.866666666666696,41.56,45.33333333333329,7.5,38.16666666666669,10.3666666666667,0,17,4
2016-05-13 17:20:00,120,140.29,-20.29,20.29,False,Normal,26.066666666666695,22.6333333333333,41.7,45.66666666666671,8.0,36.33333333333329,10.2333333333333,0,17,4
2016-05-13 17:30:00,120,130.34,-10.34,10.34,False,Normal,26.066666666666695,22.4,41.76,46.0,8.5,34.5,10.1,0,17,4
2016-05-13 17:40:00,110,116.31,-6.31,6.31,False,Normal,26.1,22.1666666666667,41.76,46.33333333333329,9.0,32.66666666666669,9.96666666666667,0,17,4
2016-05-13 17:50:00,560,109.43,450.57,450.57,True,High,26.033333333333296,21.933333333333305,41.7,46.66666666666671,9.5,30.8333333333333,9.83333333333333,0,17,4
2016-05-13 18:00:00,450,108.52,341.48,341.48,True,High,26.1,21.7,41.8666666666667,47.0,10.0,29.0,9.7,0,18,4
2016-05-13 18:10:00,490,116.82,373.18,373.18,True,High,26.1666666666667,21.4166666666667,42.26,47.5,9.83333333333333,29.0,9.61666666666667,0,18,4
2016-05-13 18:20:00,280,129.92,150.08,150.08,False,Normal,26.2,21.1333333333333,42.8666666666667,48.0,9.66666666666667,29.0,9.533333333333328,0,18,4
2016-05-13 18:30:00,280,144.27,135.73,135.73,False,Normal,26.2,20.85,42.66666666666671,48.5,9.5,29.0,9.45,0,18,4
2016-05-13 18:40:00,310,147.48,162.52,162.52,False,Normal,26.26,20.566666666666695,41.6233333333333,49.0,9.33333333333333,29.0,9.36666666666667,0,18,4
2016-05-13 18:50:00,280,164.71,115.29,115.29,False,Normal,26.2,20.283333333333296,41.09666666666671,49.5,9.16666666666667,29.0,9.283333333333328,10,18,4
2016-05-13 19:00:00,310,136.19,173.81,173.81,False,Normal,26.1666666666667,20.0,40.2666666666667,50.0,9.0,29.0,9.2,0,19,4
2016-05-13 19:10:00,330,146.26,183.74,183.74,False,Normal,26.1,19.733333333333295,39.7266666666667,49.66666666666671,9.0,30.8333333333333,8.83333333333333,0,19,4
2016-05-13 19:20:00,190,151.88,38.12,38.12,False,Normal,26.066666666666695,19.4666666666667,38.99,49.33333333333329,9.0,32.66666666666669,8.46666666666667,0,19,4
2016-05-13 19:30:00,130,140.03,-10.03,10.03,False,Normal,26.0,19.2,38.73,49.0,9.0,34.5,8.099999999999998,0,19,4
2016-05-13 19:40:00,140,125.85,14.15,14.15,False,Normal,26.0,18.933333333333305,38.79,48.66666666666671,9.0,36.33333333333329,7.733333333333332,0,19,4
2016-05-13 19:50:00,150,107.12,42.88,42.88,False,Normal,26.0,18.6666666666667,38.9,48.33333333333329,9.0,38.16666666666669,7.366666666666669,0,19,4
2016-05-13 20:00:00,140,85.5,54.5,54.5,False,Normal,26.0,18.4,39.0266666666667,48.0,9.0,40.0,7.0,0,20,4
2016-05-13 20:10:00,130,83.13,46.87,46.87,False,Normal,26.0,17.8666666666667,39.2,51.16666666666671,8.66666666666667,37.83333333333329,7.3333333333333295,0,20,4
2016-05-13 20:20:00,130,80.79,49.21,49.21,False,Normal,26.0,17.3333333333333,39.2,54.33333333333329,8.33333333333333,35.66666666666669,7.666666666666669,0,20,4
2016-05-13 20:30:00,100,76.72,23.28,23.28,False,Normal,25.89,16.8,38.76,57.5,8.0,33.5,8.0,0,20,4
2016-05-13 20:40:00,120,69.13,50.87,50.87,False,Normal,25.89,16.2666666666667,38.7,60.66666666666671,7.666666666666669,31.3333333333333,8.33333333333333,0,20,4
2016-05-13 20:50:00,100,81.72,18.28,18.28,False,Normal,25.79,15.7333333333333,38.73,63.83333333333329,7.3333333333333295,29.166666666666696,8.66666666666667,10,20,4
2016-05-13 21:00:00,80,59.34,20.66,20.66,False,Normal,25.79,15.2,38.863333333333294,67.0,7.0,27.0,9.0,0,21,4
2016-05-13 21:10:00,60,60.05,-0.05,0.05,False,Normal,25.73,14.7666666666667,39.1566666666667,68.8333333333333,6.8333333333333295,26.5,8.96666666666667,0,21,4
2016-05-13 21:20:00,60,51.94,8.06,8.06,False,Normal,25.73,14.3333333333333,39.29,70.6666666666667,6.66666666666667,26.0,8.93333333333333,0,21,4
2016-05-13 21:30:00,60,46.5,13.5,13.5,False,Normal,25.7,13.9,39.4,72.5,6.5,25.5,8.9,0,21,4
2016-05-13 21:40:00,60,37.87,22.13,22.13,False,Normal,25.7,13.4666666666667,39.4,74.3333333333333,6.3333333333333295,25.0,8.86666666666667,0,21,4
2016-05-13 21:50:00,60,34.44,25.56,25.56,False,Normal,25.6666666666667,13.0333333333333,39.4,76.1666666666667,6.16666666666667,24.5,8.83333333333333,0,21,4
2016-05-13 22:00:00,60,35.6,24.4,24.4,False,Normal,25.6,12.6,39.4,78.0,6.0,24.0,8.8,0,22,4
2016-05-13 22:10:00,50,26.36,23.64,23.64,False,Normal,25.6,12.3,39.4,78.5,6.3333333333333295,23.8333333333333,8.599999999999998,0,22,4
2016-05-13 22:20:00,50,21.2,28.8,28.8,False,Normal,25.6,12.0,39.4,79.0,6.66666666666667,23.666666666666696,8.4,0,22,4
2016-05-13 22:30:00,50,18.37,31.63,31.63,False,Normal,25.5,11.7,39.5,79.5,7.0,23.5,8.199999999999998,0,22,4
2016-05-13 22:40:00,60,18.26,41.74,41.74,False,Normal,25.5,11.4,39.5,80.0,7.3333333333333295,23.3333333333333,8.0,0,22,4
2016-05-13 22:50:00,60,24.61,35.39,35.39,False,Normal,25.463333333333296,11.1,39.5,80.5,7.666666666666669,23.166666666666696,7.8,0,22,4
2016-05-13 23:00:00,60,26.89,33.11,33.11,False,Normal,25.445,10.8,39.5225,81.0,8.0,23.0,7.599999999999999,0,23,4
2016-05-13 23:10:00,70,29.39,40.61,40.61,False,Normal,25.39,10.6666666666667,39.53,81.6666666666667,7.8333333333333295,22.8333333333333,7.5833333333333295,0,23,4
2016-05-13 23:20:00,60,29.95,30.05,30.05,False,Normal,25.3566666666667,10.5333333333333,39.59,82.3333333333333,7.666666666666669,22.666666666666696,7.56666666666667,0,23,4
2016-05-13 23:30:00,60,29.47,30.53,30.53,False,Normal,25.29,10.4,39.59,83.0,7.5,22.5,7.55,0,23,4
2016-05-13 23:40:00,60,27.82,32.18,32.18,False,Normal,25.29,10.2666666666667,39.6633333333333,83.6666666666667,7.3333333333333295,22.3333333333333,7.53333333333333,0,23,4
2016-05-13 23:50:00,60,28.42,31.58,31.58,False,Normal,25.29,10.1333333333333,39.59,84.3333333333333,7.16666666666667,22.166666666666696,7.51666666666667,0,23,4
2016-05-14 00:00:00,50,14.97,35.03,35.03,False,Normal,25.2,10.0,39.7,85.0,7.0,22.0,7.5,0,0,5
2016-05-14 00:10:00,60,10.38,49.62,49.62,False,Normal,25.2,9.91666666666667,39.7,85.0,6.5,22.0,7.43333333333333,0,0,5
2016-05-14 00:20:00,50,7.83,42.17,42.17,False,Normal,25.2,9.83333333333333,39.7,85.0,6.0,22.0,7.366666666666669,0,0,5
2016-05-14 00:30:00,60,4.8,55.2,55.2,False,Normal,25.1333333333333,9.75,39.7,85.0,5.5,22.0,7.3,0,0,5
2016-05-14 00:40:00,60,0.0,60.0,60.0,False,Normal,25.1,9.66666666666667,39.7,85.0,5.0,22.0,7.233333333333332,0,0,5
2016-05-14 00:50:00,70,3.77,66.23,66.23,False,Normal,25.1,9.58333333333333,39.7,85.0,4.5,22.0,7.16666666666667,0,0,5
2016-05-14 01:00:00,60,1.64,58.36,58.36,False,Normal,25.1,9.5,39.7,85.0,4.0,22.0,7.1,0,1,5
2016-05-14 01:10:00,70,0.13,69.87,69.87,False,Normal,25.1,9.43333333333333,39.7,85.0,4.0,22.0,7.01666666666667,0,1,5
2016-05-14 01:20:00,60,0.0,60.0,60.0,False,Normal,25.0,9.36666666666667,39.6633333333333,85.0,4.0,22.0,6.93333333333333,0,1,5
2016-05-14 01:30:00,60,0.0,60.0,60.0,False,Normal,25.0,9.3,39.53,85.0,4.0,22.0,6.85,0,1,5
2016-05-14 01:40:00,70,0.0,70.0,70.0,False,Normal,25.0,9.233333333333329,39.5,85.0,4.0,22.0,6.76666666666667,0,1,5
2016-05-14 01:50:00,60,0.0,60.0,60.0,False,Normal,25.0,9.16666666666667,39.5,85.0,4.0,22.0,6.68333333333333,0,1,5
2016-05-14 02:00:00,60,0.0,60.0,60.0,False,Normal,25.0,9.1,39.4,85.0,4.0,22.0,6.6,0,2,5
2016-05-14 02:10:00,50,0.0,50.0,50.0,False,Normal,25.0,9.01666666666667,39.4,84.8333333333333,3.6666666666666705,22.166666666666696,6.5,0,2,5
2016-05-14 02:20:00,60,0.0,60.0,60.0,False,Normal,24.89,8.93333333333333,39.4,84.6666666666667,3.3333333333333295,22.3333333333333,6.4,0,2,5
2016-05-14 02:30:00,60,0.0,60.0,60.0,False,Normal,24.89,8.849999999999998,39.4,84.5,3.0,22.5,6.3,0,2,5
2016-05-14 02:40:00,60,0.0,60.0,60.0,False,Normal,24.89,8.76666666666667,39.4,84.3333333333333,2.66666666666667,22.666666666666696,6.2,0,2,5
2016-05-14 02:50:00,70,0.0,70.0,70.0,False,Normal,24.89,8.68333333333333,39.29,84.1666666666667,2.3333333333333295,22.8333333333333,6.1,0,2,5
2016-05-14 03:00:00,60,0.0,60.0,60.0,False,Normal,24.89,8.599999999999998,39.23,84.0,2.0,23.0,6.0,0,3,5
2016-05-14 03:10:00,70,0.0,70.0,70.0,False,Normal,24.89,8.65,39.1633333333333,82.8333333333333,2.3333333333333295,23.3333333333333,5.8333333333333295,0,3,5
2016-05-14 03:20:00,60,0.0,60.0,60.0,False,Normal,24.89,8.699999999999998,39.03,81.6666666666667,2.66666666666667,23.666666666666696,5.66666666666667,0,3,5
2016-05-14 03:30:00,60,0.0,60.0,60.0,False,Normal,24.8566666666667,8.75,38.9666666666667,80.5,3.0,24.0,5.5,0,3,5
2016-05-14 03:40:00,50,0.0,50.0,50.0,False,Normal,24.79,8.8,38.9,79.3333333333333,3.3333333333333295,24.3333333333333,5.3333333333333295,0,3,5
2016-05-14 03:50:00,60,0.0,60.0,60.0,False,Normal,24.79,8.849999999999998,38.79,78.1666666666667,3.6666666666666705,24.666666666666696,5.16666666666667,0,3,5
2016-05-14 04:00:00,60,0.0,60.0,60.0,False,Normal,24.79,8.9,38.73,77.0,4.0,25.0,5.0,0,4,5
2016-05-14 04:10:00,50,0.0,50.0,50.0,False,Normal,24.79,8.849999999999998,38.7,76.3333333333333,4.16666666666667,25.3333333333333,4.81666666666667,0,4,5
2016-05-14 04:20:00,60,0.0,60.0,60.0,False,Normal,24.79,8.8,38.7,75.6666666666667,4.3333333333333295,25.666666666666696,4.633333333333329,0,4,5
2016-05-14 04:30:00,60,0.0,60.0,60.0,False,Normal,24.79,8.75,38.59,75.0,4.5,26.0,4.45,0,4,5
2016-05-14 04:40:00,60,0.0,60.0,60.0,False,Normal,24.73,8.699999999999998,38.59,74.3333333333333,4.66666666666667,26.3333333333333,4.26666666666667,0,4,5
2016-05-14 04:50:00,70,0.0,70.0,70.0,False,Normal,24.7,8.65,38.56,73.6666666666667,4.8333333333333295,26.666666666666696,4.0833333333333295,0,4,5
2016-05-14 05:00:00,60,0.0,60.0,60.0,False,Normal,24.7,8.599999999999998,38.433333333333294,73.0,5.0,27.0,3.9,0,5,5
2016-05-14 05:10:00,60,0.0,60.0,60.0,False,Normal,24.7,8.63333333333333,38.4,72.8333333333333,5.0,27.0,3.9,0,5,5
2016-05-14 05:20:00,60,0.0,60.0,60.0,False,Normal,24.6333333333333,8.66666666666667,38.2666666666667,72.6666666666667,5.0,27.0,3.9,0,5,5
2016-05-14 05:30:00,50,0.0,50.0,50.0,False,Normal,24.7,8.699999999999998,38.29,72.5,5.0,27.0,3.9,0,5,5
2016-05-14 05:40:00,60,0.0,60.0,60.0,False,Normal,24.6333333333333,8.733333333333329,38.23,72.3333333333333,5.0,27.0,3.9,0,5,5
2016-05-14 05:50:00,50,0.0,50.0,50.0,False,Normal,24.6,8.76666666666667,38.045,72.1666666666667,5.0,27.0,3.9,0,5,5
2016-05-14 06:00:00,60,0.0,60.0,60.0,False,Normal,24.6,8.8,38.0,72.0,5.0,27.0,3.9,0,6,5
2016-05-14 06:10:00,70,0.0,70.0,70.0,False,Normal,24.6,8.76666666666667,37.933333333333294,71.1666666666667,5.0,27.3333333333333,3.7,0,6,5
2016-05-14 06:20:00,50,0.0,50.0,50.0,False,Normal,24.6,8.733333333333329,37.863333333333294,70.3333333333333,5.0,27.666666666666696,3.5,0,6,5
2016-05-14 06:30:00,70,0.0,70.0,70.0,False,Normal,24.533333333333296,8.699999999999998,37.79,69.5,5.0,28.0,3.3,0,6,5
2016-05-14 06:40:00,60,0.0,60.0,60.0,False,Normal,24.5,8.66666666666667,37.7,68.6666666666667,5.0,28.3333333333333,3.1,0,6,5
2016-05-14 06:50:00,70,0.0,70.0,70.0,False,Normal,24.5,8.63333333333333,37.7,67.8333333333333,5.0,28.666666666666696,2.9,0,6,5
2016-05-14 07:00:00,70,0.0,70.0,70.0,False,Normal,24.5,8.599999999999998,37.6633333333333,67.0,5.0,29.0,2.7,0,7,5
2016-05-14 07:10:00,60,0.0,60.0,60.0,False,Normal,24.5,8.599999999999998,37.53,66.5,5.16666666666667,30.8333333333333,2.6,0,7,5
2016-05-14 07:20:00,100,0.0,100.0,100.0,False,Normal,24.5,8.599999999999998,37.33333333333329,66.0,5.3333333333333295,32.66666666666669,2.5,0,7,5
2016-05-14 07:30:00,50,0.0,50.0,50.0,False,Normal,24.5,8.599999999999998,37.2,65.5,5.5,34.5,2.4,0,7,5
2016-05-14 07:40:00,80,0.0,80.0,80.0,False,Normal,24.5,8.599999999999998,37.09,65.0,5.66666666666667,36.33333333333329,2.3,0,7,5
2016-05-14 07:50:00,320,0.0,320.0,320.0,True,High,24.5,8.599999999999998,36.7566666666667,64.5,5.8333333333333295,38.16666666666669,2.2,0,7,5
2016-05-14 08:00:00,350,0.0,350.0,350.0,True,High,24.5,8.599999999999998,36.59,64.0,6.0,40.0,2.1,0,8,5
2016-05-14 08:10:00,160,7.51,152.49,152.49,False,Normal,24.5,8.66666666666667,36.59,63.33333333333329,5.8333333333333295,40.0,2.0166666666666706,0,8,5
2016-05-14 08:20:00,70,18.6,51.4,51.4,False,Normal,24.5,8.733333333333329,36.59,62.66666666666671,5.66666666666667,40.0,1.93333333333333,0,8,5
2016-05-14 08:30:00,80,20.56,59.44,59.44,False,Normal,24.5,8.8,36.59,62.0,5.5,40.0,1.85,0,8,5
2016-05-14 08:40:00,70,25.23,44.77,44.77,False,Normal,24.463333333333296,8.86666666666667,36.43,61.33333333333329,5.3333333333333295,40.0,1.76666666666667,0,8,5
2016-05-14 08:50:00,70,31.42,38.58,38.58,False,Normal,24.39,8.93333333333333,36.29,60.66666666666671,5.16666666666667,40.0,1.68333333333333,0,8,5
2016-05-14 09:00:00,70,45.16,24.84,24.84,False,Normal,24.39,9.0,36.1633333333333,60.0,5.0,40.0,1.6,0,9,5
2016-05-14 09:10:00,80,54.99,25.01,25.01,False,Normal,24.39,9.01666666666667,35.865,60.83333333333329,5.0,40.0,1.81666666666667,0,9,5
2016-05-14 09:20:00,80,52.27,27.73,27.73,False,Normal,24.39,9.033333333333328,35.73,61.66666666666671,5.0,40.0,2.03333333333333,0,9,5
2016-05-14 09:30:00,100,52.27,47.73,47.73,False,Normal,24.39,9.05,35.79,62.5,5.0,40.0,2.25,0,9,5
2016-05-14 09:40:00,90,52.74,37.26,37.26,False,Normal,24.39,9.06666666666667,35.8633333333333,63.33333333333329,5.0,40.0,2.4666666666666694,0,9,5
2016-05-14 09:50:00,290,58.69,231.31,231.31,True,Moderate,24.39,9.08333333333333,35.8633333333333,64.1666666666667,5.0,40.0,2.68333333333333,0,9,5
2016-05-14 10:00:00,430,60.29,369.71,369.71,True,High,24.39,9.1,35.79,65.0,5.0,40.0,2.9,0,10,5
2016-05-14 10:10:00,100,60.25,39.75,39.75,False,Normal,24.4266666666667,9.26666666666667,35.86,63.33333333333329,5.0,40.0,2.65,0,10,5
2016-05-14 10:20:00,100,65.84,34.16,34.16,False,Normal,24.5,9.43333333333333,36.06,61.66666666666671,5.0,40.0,2.4,0,10,5
2016-05-14 10:30:00,100,71.75,28.25,28.25,False,Normal,24.4266666666667,9.6,36.39,60.0,5.0,40.0,2.15,0,10,5
2016-05-14 10:40:00,110,78.08,31.92,31.92,False,Normal,24.5,9.76666666666667,36.723333333333294,58.33333333333329,5.0,40.0,1.9,0,10,5
2016-05-14 10:50:00,110,82.37,27.63,27.63,False,Normal,24.5,9.93333333333333,36.79,56.66666666666671,5.0,40.0,1.65,0,10,5
2016-05-14 11:00:00,110,83.83,26.17,26.17,False,Normal,24.5,10.1,36.73,55.0,5.0,40.0,1.4,0,11,5
2016-05-14 11:10:00,90,89.85,0.15,0.15,False,Normal,24.5,10.2166666666667,36.6633333333333,55.0,5.16666666666667,40.0,1.5,0,11,5
2016-05-14 11:20:00,90,87.52,2.48,2.48,False,Normal,24.5,10.3333333333333,36.463333333333296,55.0,5.3333333333333295,40.0,1.6,0,11,5
2016-05-14 11:30:00,100,99.22,0.78,0.78,False,Normal,24.533333333333296,10.45,37.33333333333329,55.0,5.5,40.0,1.7,0,11,5
2016-05-14 11:40:00,90,127.57,-37.57,37.57,False,Normal,24.6,10.5666666666667,39.26,55.0,5.66666666666667,40.0,1.8,0,11,5
2016-05-14 11:50:00,100,131.02,-31.02,31.02,False,Normal,24.6,10.6833333333333,39.26333333333329,55.0,5.8333333333333295,40.0,1.9,0,11,5
2016-05-14 12:00:00,110,124.11,-14.11,14.11,False,Normal,24.6,10.8,38.4566666666667,55.0,6.0,40.0,2.0,0,12,5
2016-05-14 12:10:00,110,128.11,-18.11,18.11,False,Normal,24.6,10.7,38.2966666666667,55.33333333333329,6.0,38.16666666666669,2.0166666666666706,0,12,5
2016-05-14 12:20:00,130,127.61,2.39,2.39,False,Normal,24.726666666666695,10.6,38.363333333333294,55.66666666666671,6.0,36.33333333333329,2.03333333333333,0,12,5
2016-05-14 12:30:00,110,115.9,-5.9,5.9,False,Normal,24.79,10.5,37.69333333333329,56.0,6.0,34.5,2.05,0,12,5
2016-05-14 12:40:00,110,121.03,-11.03,11.03,False,Normal,24.865,10.4,37.7,56.33333333333329,6.0,32.66666666666669,2.06666666666667,0,12,5
2016-05-14 12:50:00,130,117.59,12.41,12.41,False,Normal,24.963333333333296,10.3,37.2266666666667,56.66666666666671,6.0,30.8333333333333,2.0833333333333295,0,12,5
2016-05-14 13:00:00,110,113.1,-3.1,3.1,False,Normal,25.033333333333296,10.2,36.723333333333294,57.0,6.0,29.0,2.1,0,13,5
2016-05-14 13:10:00,130,109.73,20.27,20.27,False,Normal,25.1,10.5166666666667,36.53,55.66666666666671,6.16666666666667,28.8333333333333,2.0,0,13,5
2016-05-14 13:20:00,130,129.91,0.09,0.09,False,Normal,25.2,10.8333333333333,36.223333333333294,54.33333333333329,6.3333333333333295,28.666666666666696,1.9,10,13,5
2016-05-14 13:30:00,120,110.27,9.73,9.73,False,Normal,25.2,11.15,36.1633333333333,53.0,6.5,28.5,1.8,0,13,5
2016-05-14 13:40:00,90,133.67,-43.67,43.67,False,Normal,25.2,11.4666666666667,34.26,51.66666666666671,6.66666666666667,28.3333333333333,1.7,0,13,5
2016-05-14 13:50:00,100,126.98,-26.98,26.98,False,Normal,25.1333333333333,11.7833333333333,32.7333333333333,50.33333333333329,6.8333333333333295,28.166666666666696,1.6,0,13,5
2016-05-14 14:00:00,100,118.15,-18.15,18.15,False,Normal,25.1333333333333,12.1,32.2,49.0,7.0,28.0,1.5,0,14,5
2016-05-14 14:10:00,110,117.9,-7.9,7.9,False,Normal,25.2,12.1,32.2,48.66666666666671,7.16666666666667,30.0,1.41666666666667,0,14,5
2016-05-14 14:20:00,110,119.92,-9.92,9.92,False,Normal,25.2,12.1,32.53,48.33333333333329,7.3333333333333295,32.0,1.33333333333333,0,14,5
2016-05-14 14:30:00,100,123.99,-23.99,23.99,False,Normal,25.2,12.1,32.79,48.0,7.5,34.0,1.25,0,14,5
2016-05-14 14:40:00,90,122.46,-32.46,32.46,False,Normal,25.2,12.1,33.1566666666667,47.66666666666671,7.666666666666669,36.0,1.16666666666667,0,14,5
2016-05-14 14:50:00,130,119.02,10.98,10.98,False,Normal,25.1333333333333,12.1,32.3566666666667,47.33333333333329,7.8333333333333295,38.0,1.08333333333333,0,14,5
2016-05-14 15:00:00,120,102.19,17.81,17.81,False,Normal,25.033333333333296,12.1,31.43,47.0,8.0,40.0,1.0,0,15,5
2016-05-14 15:10:00,140,83.18,56.82,56.82,False,Normal,25.1,12.1,31.29,47.16666666666671,7.8333333333333295,40.0,1.06666666666667,0,15,5
2016-05-14 15:20:00,130,73.19,56.81,56.81,False,Normal,25.033333333333296,12.1,31.36,47.33333333333329,7.666666666666669,40.0,1.13333333333333,0,15,5
2016-05-14 15:30:00,130,74.0,56.0,56.0,False,Normal,25.1,12.1,31.566666666666695,47.5,7.5,40.0,1.2,0,15,5
2016-05-14 15:40:00,130,59.49,70.51,70.51,False,Normal,25.1,12.1,31.8,47.66666666666671,7.3333333333333295,40.0,1.26666666666667,0,15,5
2016-05-14 15:50:00,130,43.06,86.94,86.94,False,Normal,25.033333333333296,12.1,31.9266666666667,47.83333333333329,7.16666666666667,40.0,1.33333333333333,0,15,5
2016-05-14 16:00:00,120,48.21,71.79,71.79,False,Normal,25.0,12.1,31.945,48.0,7.0,40.0,1.4,0,16,5
2016-05-14 16:10:00,110,50.55,59.45,59.45,False,Normal,25.0,12.0666666666667,32.03,48.5,7.0,40.0,1.48333333333333,0,16,5
2016-05-14 16:20:00,110,41.94,68.06,68.06,False,Normal,25.0,12.0333333333333,32.09,49.0,7.0,40.0,1.56666666666667,0,16,5
2016-05-14 16:30:00,110,55.89,54.11,54.11,False,Normal,25.0,12.0,31.866666666666696,49.5,7.0,40.0,1.65,0,16,5
2016-05-14 16:40:00,110,38.93,71.07,71.07,False,Normal,24.9266666666667,11.9666666666667,31.393333333333295,50.0,7.0,40.0,1.73333333333333,0,16,5
2016-05-14 16:50:00,110,25.05,84.95,84.95,False,Normal,25.0,11.9333333333333,31.39,50.5,7.0,40.0,1.81666666666667,0,16,5
2016-05-14 17:00:00,100,19.6,80.4,80.4,False,Normal,24.9266666666667,11.9,31.39,51.0,7.0,40.0,1.9,0,17,5
2016-05-14 17:10:00,100,17.64,82.36,82.36,False,Normal,24.89,11.85,31.5966666666667,50.83333333333329,7.16666666666667,38.16666666666669,1.81666666666667,0,17,5
2016-05-14 17:20:00,90,27.49,62.51,62.51,False,Normal,24.89,11.8,31.93,50.66666666666671,7.3333333333333295,36.33333333333329,1.73333333333333,0,17,5
2016-05-14 17:30:00,100,38.24,61.76,61.76,False,Normal,25.0,11.75,32.2,50.5,7.5,34.5,1.65,0,17,5
2016-05-14 17:40:00,490,46.55,443.45,443.45,True,High,24.9266666666667,11.7,32.1266666666667,50.33333333333329,7.666666666666669,32.66666666666669,1.56666666666667,0,17,5
2016-05-14 17:50:00,570,72.77,497.23,497.23,True,High,24.89,11.65,32.6666666666667,50.16666666666671,7.8333333333333295,30.8333333333333,1.48333333333333,10,17,5
2016-05-14 18:00:00,460,84.99,375.01,375.01,True,High,24.963333333333296,11.6,36.26,50.0,8.0,29.0,1.4,0,18,5
2016-05-14 18:10:00,120,118.41,1.59,1.59,False,Normal,25.033333333333296,11.3833333333333,40.293333333333294,50.83333333333329,7.8333333333333295,30.8333333333333,1.43333333333333,10,18,5
2016-05-14 18:20:00,100,85.61,14.39,14.39,False,Normal,25.1,11.1666666666667,41.6266666666667,51.66666666666671,7.666666666666669,32.66666666666669,1.46666666666667,0,18,5
2016-05-14 18:30:00,110,111.78,-1.78,1.78,False,Normal,25.1,10.95,39.963333333333296,52.5,7.5,34.5,1.5,10,18,5
2016-05-14 18:40:00,110,135.21,-25.21,25.21,False,Normal,25.033333333333296,10.7333333333333,36.63,53.33333333333329,7.3333333333333295,36.33333333333329,1.53333333333333,0,18,5
2016-05-14 18:50:00,100,118.74,-18.74,18.74,False,Normal,24.8566666666667,10.5166666666667,33.53,54.16666666666671,7.16666666666667,38.16666666666669,1.56666666666667,0,18,5
2016-05-14 19:00:00,100,113.28,-13.28,13.28,False,Normal,24.79,10.3,32.3966666666667,55.0,7.0,40.0,1.6,0,19,5
2016-05-14 19:10:00,90,108.97,-18.97,18.97,False,Normal,24.79,10.1833333333333,31.8266666666667,54.66666666666671,6.8333333333333295,40.0,1.4,0,19,5
2016-05-14 19:20:00,90,109.52,-19.52,19.52,False,Normal,24.79,10.0666666666667,31.65,54.33333333333329,6.66666666666667,40.0,1.2,0,19,5
2016-05-14 19:30:00,90,114.55,-24.55,24.55,False,Normal,24.79,9.95,31.7,54.0,6.5,40.0,1.0,0,19,5
2016-05-14 19:40:00,90,112.57,-22.57,22.57,False,Normal,24.7,9.83333333333333,31.86,53.66666666666671,6.3333333333333295,40.0,0.8,0,19,5
2016-05-14 19:50:00,80,134.42,-54.42,54.42,False,Normal,24.7,9.71666666666667,32.06,53.33333333333329,6.16666666666667,40.0,0.6,10,19,5
2016-05-14 20:00:00,110,109.07,0.93,0.93,False,Normal,24.7,9.6,32.09,53.0,6.0,40.0,0.4,0,20,5
2016-05-14 20:10:00,90,106.43,-16.43,16.43,False,Normal,24.6333333333333,9.43333333333333,32.03,53.33333333333329,6.0,40.0,0.35,0,20,5
2016-05-14 20:20:00,80,105.18,-25.18,25.18,False,Normal,24.6,9.26666666666667,32.1266666666667,53.66666666666671,6.0,40.0,0.3,0,20,5
2016-05-14 20:30:00,80,94.85,-14.85,14.85,False,Normal,24.6,9.1,32.26,54.0,6.0,40.0,0.25,0,20,5
2016-05-14 20:40:00,80,107.09,-27.09,27.09,False,Normal,24.533333333333296,8.93333333333333,32.2,54.33333333333329,6.0,40.0,0.2,10,20,5
2016-05-14 20:50:00,80,84.59,-4.59,4.59,False,Normal,24.533333333333296,8.76666666666667,32.26,54.66666666666671,6.0,40.0,0.15,0,20,5
2016-05-14 21:00:00,80,85.48,-5.48,5.48,False,Normal,24.5,8.599999999999998,32.4333333333333,55.0,6.0,40.0,0.1,0,21,5
2016-05-14 21:10:00,80,84.32,-4.32,4.32,False,Normal,24.5,8.38333333333333,32.5,57.5,5.66666666666667,40.0,0.45,0,21,5
2016-05-14 21:20:00,70,83.04,-13.04,13.04,False,Normal,24.5,8.16666666666667,32.5,60.0,5.3333333333333295,40.0,0.8,0,21,5
2016-05-14 21:30:00,80,78.89,1.11,1.11,False,Normal,24.5,7.95,32.56,62.5,5.0,40.0,1.15,0,21,5
2016-05-14 21:40:00,70,78.7,-8.7,8.7,False,Normal,24.5,7.733333333333332,32.7,65.0,4.66666666666667,40.0,1.5,0,21,5
2016-05-14 21:50:00,70,78.82,-8.82,8.82,False,Normal,24.4266666666667,7.51666666666667,32.6266666666667,67.5,4.3333333333333295,40.0,1.85,0,21,5
2016-05-14 22:00:00,90,84.34,5.66,5.66,False,Normal,24.39,7.3,32.8,70.0,4.0,40.0,2.2,0,22,5
2016-05-14 22:10:00,70,103.65,-33.65,33.65,False,Normal,24.39,7.233333333333332,33.06,70.5,3.8333333333333295,40.0,2.2166666666666694,10,22,5
2016-05-14 22:20:00,50,84.05,-34.05,34.05,False,Normal,24.39,7.16666666666667,33.2666666666667,71.0,3.6666666666666705,40.0,2.2333333333333294,0,22,5
2016-05-14 22:30:00,50,85.05,-35.05,35.05,False,Normal,24.39,7.1,33.5266666666667,71.5,3.5,40.0,2.25,0,22,5
2016-05-14 22:40:00,50,82.9,-32.9,32.9,False,Normal,24.29,7.03333333333333,33.9633333333333,72.0,3.3333333333333295,40.0,2.2666666666666706,0,22,5
2016-05-14 22:50:00,60,82.22,-22.22,22.22,False,Normal,24.29,6.96666666666667,34.1175,72.5,3.16666666666667,40.0,2.28333333333333,0,22,5
2016-05-14 23:00:00,50,82.25,-32.25,32.25,False,Normal,24.23,6.9,34.2,73.0,3.0,40.0,2.3,0,23,5
2016-05-14 23:10:00,40,81.08,-41.08,41.08,False,Normal,24.2,6.78333333333333,34.3266666666667,73.1666666666667,2.8333333333333295,40.0,2.2166666666666694,0,23,5
2016-05-14 23:20:00,50,78.69,-28.69,28.69,False,Normal,24.2,6.66666666666667,34.4666666666667,73.3333333333333,2.66666666666667,40.0,2.13333333333333,0,23,5
2016-05-14 23:30:00,50,78.4,-28.4,28.4,False,Normal,24.1,6.55,34.5666666666667,73.5,2.5,40.0,2.05,0,23,5
2016-05-14 23:40:00,50,76.95,-26.95,26.95,False,Normal,24.1,6.43333333333333,34.7,73.6666666666667,2.3333333333333295,40.0,1.9666666666666697,0,23,5
2016-05-14 23:50:00,50,73.8,-23.8,23.8,False,Normal,24.1,6.31666666666667,34.7,73.8333333333333,2.16666666666667,40.0,1.88333333333333,0,23,5
2016-05-15 00:00:00,60,53.14,6.86,6.86,False,Normal,24.1,6.2,34.76,74.0,2.0,40.0,1.8,0,0,6
2016-05-15 00:10:00,50,51.44,-1.44,1.44,False,Normal,24.066666666666695,6.0,34.79,75.3333333333333,2.0,40.0,1.85,0,0,6
2016-05-15 00:20:00,60,52.75,7.25,7.25,False,Normal,24.0,5.8,34.79,76.6666666666667,2.0,40.0,1.9,0,0,6
2016-05-15 00:30:00,50,51.07,-1.07,1.07,False,Normal,24.0,5.6,34.8266666666667,78.0,2.0,40.0,1.95,0,0,6
2016-05-15 00:40:00,50,50.81,-0.81,0.81,False,Normal,24.0,5.4,34.9,79.3333333333333,2.0,40.0,2.0,0,0,6
2016-05-15 00:50:00,50,51.96,-1.96,1.96,False,Normal,23.963333333333296,5.2,34.9333333333333,80.6666666666667,2.0,40.0,2.05,0,0,6
2016-05-15 01:00:00,50,52.42,-2.42,2.42,False,Normal,23.89,5.0,35.0,82.0,2.0,40.0,2.1,0,1,6
2016-05-15 01:10:00,60,50.66,9.34,9.34,False,Normal,23.89,4.9,35.0,82.6666666666667,2.0,40.0,2.11666666666667,0,1,6
2016-05-15 01:20:00,50,50.21,-0.21,0.21,False,Normal,23.89,4.8,35.06,83.3333333333333,2.0,40.0,2.13333333333333,0,1,6
2016-05-15 01:30:00,50,52.88,-2.88,2.88,False,Normal,23.79,4.7,35.0,84.0,2.0,40.0,2.15,0,1,6
2016-05-15 01:40:00,60,53.19,6.81,6.81,False,Normal,23.79,4.6,35.06,84.6666666666667,2.0,40.0,2.16666666666667,0,1,6
2016-05-15 01:50:00,60,51.56,8.44,8.44,False,Normal,23.79,4.5,35.09,85.3333333333333,2.0,40.0,2.18333333333333,0,1,6
2016-05-15 02:00:00,50,53.43,-3.43,3.43,False,Normal,23.79,4.4,35.09,86.0,2.0,40.0,2.2,0,2,6
2016-05-15 02:10:00,60,51.32,8.68,8.68,False,Normal,23.79,4.4,35.09,85.8333333333333,2.0,40.0,2.16666666666667,0,2,6
2016-05-15 02:20:00,50,50.15,-0.15,0.15,False,Normal,23.79,4.4,35.2,85.6666666666667,2.0,40.0,2.13333333333333,0,2,6
2016-05-15 02:30:00,60,49.25,10.75,10.75,False,Normal,23.79,4.4,35.2,85.5,2.0,40.0,2.1,0,2,6
2016-05-15 02:40:00,50,50.53,-0.53,0.53,False,Normal,23.76,4.4,35.2,85.3333333333333,2.0,40.0,2.06666666666667,0,2,6
2016-05-15 02:50:00,40,50.08,-10.08,10.08,False,Normal,23.7,4.4,35.2,85.1666666666667,2.0,40.0,2.03333333333333,0,2,6
2016-05-15 03:00:00,60,49.95,10.05,10.05,False,Normal,23.7,4.4,35.23,85.0,2.0,40.0,2.0,0,3,6
2016-05-15 03:10:00,30,52.32,-22.32,22.32,False,Normal,23.7,4.26666666666667,35.29,85.5,2.0,40.0,1.95,0,3,6
2016-05-15 03:20:00,40,51.65,-11.65,11.65,False,Normal,23.7,4.133333333333329,35.29,86.0,2.0,40.0,1.9,0,3,6
2016-05-15 03:30:00,30,55.41,-25.41,25.41,False,Normal,23.7,4.0,35.29,86.5,2.0,40.0,1.85,0,3,6
2016-05-15 03:40:00,40,58.78,-18.78,18.78,False,Normal,23.7,3.86666666666667,35.4,87.0,2.0,40.0,1.8,0,3,6
2016-05-15 03:50:00,40,57.71,-17.71,17.71,False,Normal,23.7,3.7333333333333294,35.4,87.5,2.0,40.0,1.75,0,3,6
2016-05-15 04:00:00,50,58.97,-8.97,8.97,False,Normal,23.6,3.6,35.3266666666667,88.0,2.0,40.0,1.7,0,4,6
2016-05-15 04:10:00,60,59.18,0.82,0.82,False,Normal,23.6,3.6833333333333296,35.4,87.5,2.0,38.16666666666669,1.71666666666667,0,4,6
2016-05-15 04:20:00,50,58.22,-8.22,8.22,False,Normal,23.6,3.7666666666666706,35.4,87.0,2.0,36.33333333333329,1.73333333333333,0,4,6
2016-05-15 04:30:00,60,56.72,3.28,3.28,False,Normal,23.6,3.85,35.4,86.5,2.0,34.5,1.75,0,4,6
2016-05-15 04:40:00,40,54.75,-14.75,14.75,False,Normal,23.6,3.9333333333333296,35.4,86.0,2.0,32.66666666666669,1.76666666666667,0,4,6
2016-05-15 04:50:00,50,54.28,-4.28,4.28,False,Normal,23.6,4.01666666666667,35.4666666666667,85.5,2.0,30.8333333333333,1.78333333333333,0,4,6
2016-05-15 05:00:00,60,57.38,2.62,2.62,False,Normal,23.566666666666695,4.1,35.5,85.0,2.0,29.0,1.8,0,5,6
2016-05-15 05:10:00,40,60.89,-20.89,20.89,False,Normal,23.5,4.133333333333329,35.5,85.0,2.16666666666667,30.8333333333333,1.81666666666667,0,5,6
2016-05-15 05:20:00,60,64.02,-4.02,4.02,False,Normal,23.5,4.16666666666667,35.5,85.0,2.3333333333333295,32.66666666666669,1.8333333333333297,0,5,6
2016-05-15 05:30:00,60,66.88,-6.88,6.88,False,Normal,23.5,4.2,35.545,85.0,2.5,34.5,1.85,0,5,6
2016-05-15 05:40:00,60,71.38,-11.38,11.38,False,Normal,23.5,4.23333333333333,35.56,85.0,2.66666666666667,36.33333333333329,1.86666666666667,0,5,6
2016-05-15 05:50:00,60,72.28,-12.28,12.28,False,Normal,23.5,4.26666666666667,35.59,85.0,2.8333333333333295,38.16666666666669,1.88333333333333,0,5,6
2016-05-15 06:00:00,50,75.55,-25.55,25.55,False,Normal,23.4266666666667,4.3,35.59,85.0,3.0,40.0,1.9,0,6,6
2016-05-15 06:10:00,50,76.08,-26.08,26.08,False,Normal,23.39,4.383333333333329,35.59,85.5,2.8333333333333295,40.0,2.06666666666667,0,6,6
2016-05-15 06:20:00,60,75.35,-15.35,15.35,False,Normal,23.39,4.46666666666667,35.59,86.0,2.66666666666667,40.0,2.2333333333333294,0,6,6
2016-05-15 06:30:00,40,76.22,-36.22,36.22,False,Normal,23.39,4.55,35.6266666666667,86.5,2.5,40.0,2.4,0,6,6
2016-05-15 06:40:00,60,77.6,-17.6,17.6,False,Normal,23.39,4.633333333333329,35.7,87.0,2.3333333333333295,40.0,2.56666666666667,0,6,6
2016-05-15 06:50:00,50,78.65,-28.65,28.65,False,Normal,23.39,4.71666666666667,35.7,87.5,2.16666666666667,40.0,2.7333333333333294,0,6,6
2016-05-15 07:00:00,90,82.7,7.3,7.3,False,Normal,23.39,4.8,35.9,88.0,2.0,40.0,2.9,0,7,6
2016-05-15 07:10:00,80,80.8,-0.8,0.8,False,Normal,23.39,4.96666666666667,36.1566666666667,87.1666666666667,2.16666666666667,40.0,2.93333333333333,0,7,6
2016-05-15 07:20:00,50,86.87,-36.87,36.87,False,Normal,23.39,5.133333333333329,36.76333333333329,86.3333333333333,2.3333333333333295,40.0,2.9666666666666694,0,7,6
2016-05-15 07:30:00,60,93.42,-33.42,33.42,False,Normal,23.39,5.3,36.9666666666667,85.5,2.5,40.0,3.0,0,7,6
2016-05-15 07:40:00,60,98.6,-38.6,38.6,False,Normal,23.39,5.46666666666667,36.9666666666667,84.6666666666667,2.66666666666667,40.0,3.03333333333333,0,7,6
2016-05-15 07:50:00,220,102.17,117.83,117.83,False,Normal,23.463333333333296,5.633333333333329,37.1333333333333,83.8333333333333,2.8333333333333295,40.0,3.06666666666667,0,7,6
2016-05-15 08:00:00,190,114.78,75.22,75.22,False,Normal,23.39,5.8,36.933333333333294,83.0,3.0,40.0,3.1,0,8,6
2016-05-15 08:10:00,120,121.97,-1.97,1.97,False,Normal,23.4266666666667,6.2,36.86,80.5,3.3333333333333295,40.0,3.0,0,8,6
2016-05-15 08:20:00,70,124.82,-54.82,54.82,False,Normal,23.5,6.6,36.8,78.0,3.6666666666666705,40.0,2.9,0,8,6
2016-05-15 08:30:00,50,119.61,-69.61,69.61,False,Normal,23.39,7.0,36.4,75.5,4.0,40.0,2.8,0,8,6
2016-05-15 08:40:00,150,111.17,38.83,38.83,False,Normal,23.463333333333296,7.4,36.2,73.0,4.3333333333333295,40.0,2.7,0,8,6
2016-05-15 08:50:00,130,129.43,0.57,0.57,False,Normal,23.445,7.8,36.44,70.5,4.66666666666667,40.0,2.6,10,8,6
2016-05-15 09:00:00,120,124.48,-4.48,4.48,False,Normal,23.5,8.199999999999998,37.533333333333296,68.0,5.0,40.0,2.5,0,9,6
2016-05-15 09:10:00,110,177.65,-67.65,67.65,False,Normal,23.5,8.349999999999998,39.533333333333296,67.6666666666667,5.0,40.0,2.5833333333333295,0,9,6
2016-05-15 09:20:00,80,158.41,-78.41,78.41,False,Normal,23.5,8.5,38.03,67.3333333333333,5.0,40.0,2.66666666666667,0,9,6
2016-05-15 09:30:00,100,138.18,-38.18,38.18,False,Normal,23.4266666666667,8.65,36.9566666666667,67.0,5.0,40.0,2.75,0,9,6
2016-05-15 09:40:00,100,124.84,-24.84,24.84,False,Normal,23.5,8.8,36.86,66.6666666666667,5.0,40.0,2.8333333333333295,0,9,6
2016-05-15 09:50:00,100,101.06,-1.06,1.06,False,Normal,23.4266666666667,8.949999999999998,37.1333333333333,66.3333333333333,5.0,40.0,2.91666666666667,0,9,6
2016-05-15 10:00:00,70,106.75,-36.75,36.75,False,Normal,23.39,9.1,36.533333333333296,66.0,5.0,40.0,3.0,0,10,6
2016-05-15 10:10:00,80,108.2,-28.2,28.2,False,Normal,23.39,9.25,35.7933333333333,65.1666666666667,4.8333333333333295,40.0,2.9666666666666694,0,10,6
2016-05-15 10:20:00,80,114.09,-34.09,34.09,False,Normal,23.3566666666667,9.4,35.0,64.3333333333333,4.66666666666667,40.0,2.93333333333333,10,10,6
2016-05-15 10:30:00,200,93.27,106.73,106.73,False,Normal,23.29,9.55,35.06,63.5,4.5,40.0,2.9,0,10,6
2016-05-15 10:40:00,110,107.68,2.32,2.32,False,Normal,23.2,9.7,34.56,62.66666666666671,4.3333333333333295,40.0,2.86666666666667,10,10,6
2016-05-15 10:50:00,110,88.7,21.3,21.3,False,Normal,23.2,9.85,34.5,61.83333333333329,4.16666666666667,40.0,2.8333333333333295,0,10,6
2016-05-15 11:00:00,100,92.69,7.31,7.31,False,Normal,23.2,10.0,34.53,61.0,4.0,40.0,2.8,0,11,6
2016-05-15 11:10:00,100,119.77,-19.77,19.77,False,Normal,23.2,10.1,34.6633333333333,60.5,4.16666666666667,40.0,2.78333333333333,10,11,6
2016-05-15 11:20:00,110,104.78,5.22,5.22,False,Normal,23.1333333333333,10.2,34.86,60.0,4.3333333333333295,40.0,2.7666666666666706,0,11,6
2016-05-15 11:30:00,100,130.46,-30.46,30.46,False,Normal,23.2,10.3,35.06,59.5,4.5,40.0,2.75,10,11,6
2016-05-15 11:40:00,110,114.82,-4.82,4.82,False,Normal,23.1666666666667,10.4,35.23,59.0,4.66666666666667,40.0,2.7333333333333294,0,11,6
2016-05-15 11:50:00,110,113.56,-3.56,3.56,False,Normal,23.1,10.5,35.29,58.5,4.8333333333333295,40.0,2.7166666666666694,0,11,6
2016-05-15 12:00:00,90,139.62,-49.62,49.62,False,Normal,23.1666666666667,10.6,35.4,58.0,5.0,40.0,2.7,10,12,6
2016-05-15 12:10:00,100,122.05,-22.05,22.05,False,Normal,23.175,10.7166666666667,35.4975,57.5,5.0,40.0,2.68333333333333,0,12,6
2016-05-15 12:20:00,90,125.64,-35.64,35.64,False,Normal,23.2,10.8333333333333,35.59,57.0,5.0,40.0,2.66666666666667,0,12,6
2016-05-15 12:30:00,110,130.07,-20.07,20.07,False,Normal,23.2,10.95,35.5666666666667,56.5,5.0,40.0,2.65,0,12,6
2016-05-15 12:40:00,100,138.15,-38.15,38.15,False,Normal,23.2,11.0666666666667,35.76,56.0,5.0,40.0,2.63333333333333,0,12,6
2016-05-15 12:50:00,90,130.51,-40.51,40.51,False,Normal,23.2,11.1833333333333,35.4666666666667,55.5,5.0,40.0,2.61666666666667,0,12,6
2016-05-15 13:00:00,110,136.19,-26.19,26.19,False,Normal,23.26,11.3,35.2666666666667,55.0,5.0,40.0,2.6,0,13,6
2016-05-15 13:10:00,110,135.06,-25.06,25.06,False,Normal,23.29,11.5166666666667,35.03,54.0,5.0,40.0,2.53333333333333,0,13,6
2016-05-15 13:20:00,100,132.17,-32.17,32.17,False,Normal,23.29,11.7333333333333,35.09,53.0,5.0,40.0,2.4666666666666694,0,13,6
2016-05-15 13:30:00,260,130.72,129.28,129.28,False,Normal,23.29,11.95,35.1266666666667,52.0,5.0,40.0,2.4,0,13,6
2016-05-15 13:40:00,160,130.29,29.71,29.71,False,Normal,23.29,12.1666666666667,35.2,51.0,5.0,40.0,2.3333333333333295,0,13,6
2016-05-15 13:50:00,80,151.18,-71.18,71.18,False,Normal,23.39,12.3833333333333,35.26,50.0,5.0,40.0,2.2666666666666706,10,13,6
2016-05-15 14:00:00,80,131.47,-51.47,51.47,False,Normal,23.39,12.6,35.1266666666667,49.0,5.0,40.0,2.2,0,14,6
2016-05-15 14:10:00,90,132.21,-42.21,42.21,False,Normal,23.39,12.6333333333333,34.93,48.83333333333329,4.8333333333333295,40.0,2.16666666666667,0,14,6
2016-05-15 14:20:00,90,141.55,-51.55,51.55,False,Normal,23.39,12.6666666666667,34.93,48.66666666666671,4.66666666666667,40.0,2.13333333333333,0,14,6
2016-05-15 14:30:00,70,145.75,-75.75,75.75,False,Normal,23.39,12.7,34.8633333333333,48.5,4.5,40.0,2.1,0,14,6
2016-05-15 14:40:00,100,137.6,-37.6,37.6,False,Normal,23.39,12.7333333333333,34.73,48.33333333333329,4.3333333333333295,40.0,2.06666666666667,0,14,6
2016-05-15 14:50:00,100,153.88,-53.88,53.88,False,Normal,23.4266666666667,12.7666666666667,34.8633333333333,48.16666666666671,4.16666666666667,40.0,2.03333333333333,10,14,6
2016-05-15 15:00:00,100,133.69,-33.69,33.69,False,Normal,23.5,12.8,34.8633333333333,48.0,4.0,40.0,2.0,0,15,6
2016-05-15 15:10:00,80,133.82,-53.82,53.82,False,Normal,23.5,12.9333333333333,34.9333333333333,48.0,4.0,40.0,2.1,0,15,6
2016-05-15 15:20:00,90,133.92,-43.92,43.92,False,Normal,23.5,13.0666666666667,35.0,48.0,4.0,40.0,2.2,0,15,6
2016-05-15 15:30:00,100,131.95,-31.95,31.95,False,Normal,23.5,13.2,35.0,48.0,4.0,40.0,2.3,0,15,6
2016-05-15 15:40:00,90,172.01,-82.01,82.01,False,Normal,23.5,13.3333333333333,34.9666666666667,48.0,4.0,40.0,2.4,20,15,6
2016-05-15 15:50:00,100,171.73,-71.73,71.73,False,Normal,23.5,13.4666666666667,34.9666666666667,48.0,4.0,40.0,2.5,20,15,6
2016-05-15 16:00:00,100,169.58,-69.58,69.58,False,Normal,23.5,13.6,34.9,48.0,4.0,40.0,2.6,20,16,6
2016-05-15 16:10:00,110,190.93,-80.93,80.93,False,Normal,23.5,13.6,34.9,47.5,4.0,40.0,2.4833333333333294,30,16,6
2016-05-15 16:20:00,130,169.91,-39.91,39.91,False,Normal,23.5,13.6,34.9333333333333,47.0,4.0,40.0,2.36666666666667,20,16,6
2016-05-15 16:30:00,110,168.04,-58.04,58.04,False,Normal,23.5,13.6,35.0,46.5,4.0,40.0,2.25,20,16,6
2016-05-15 16:40:00,110,166.4,-56.4,56.4,False,Normal,23.5,13.6,34.9,46.0,4.0,40.0,2.13333333333333,20,16,6
2016-05-15 16:50:00,300,183.58,116.42,116.42,False,Normal,23.5,13.6,35.0266666666667,45.5,4.0,40.0,2.0166666666666706,30,16,6
2016-05-15 17:00:00,360,162.23,197.77,197.77,False,Normal,23.5,13.6,35.06,45.0,4.0,40.0,1.9,20,17,6
2016-05-15 17:10:00,140,158.45,-18.45,18.45,False,Normal,23.5,13.3833333333333,35.0,46.66666666666671,3.8333333333333295,40.0,2.16666666666667,20,17,6
2016-05-15 17:20:00,100,154.96,-54.96,54.96,False,Normal,23.5,13.1666666666667,35.09,48.33333333333329,3.6666666666666705,40.0,2.43333333333333,20,17,6
2016-05-15 17:30:00,200,156.55,43.45,43.45,False,Normal,23.5,12.95,35.1633333333333,50.0,3.5,40.0,2.7,20,17,6
2016-05-15 17:40:00,330,177.51,152.49,152.49,False,Normal,23.5,12.7333333333333,35.36,51.66666666666671,3.3333333333333295,40.0,2.9666666666666694,30,17,6
2016-05-15 17:50:00,290,157.26,132.74,132.74,False,Normal,23.5,12.5166666666667,35.8933333333333,53.33333333333329,3.16666666666667,40.0,3.2333333333333294,20,17,6
2016-05-15 18:00:00,120,121.01,-1.01,1.01,False,Normal,23.533333333333296,12.3,37.2333333333333,55.0,3.0,40.0,3.5,0,18,6
2016-05-15 18:10:00,80,136.65,-56.65,56.65,False,Normal,23.6,12.1,37.7666666666667,56.66666666666671,3.0,38.16666666666669,3.7166666666666694,10,18,6
2016-05-15 18:20:00,80,114.65,-34.65,34.65,False,Normal,23.6,11.9,37.59,58.33333333333329,3.0,36.33333333333329,3.9333333333333296,0,18,6
2016-05-15 18:30:00,100,178.05,-78.05,78.05,False,Normal,23.6,11.7,37.59,60.0,3.0,34.5,4.15,30,18,6
2016-05-15 18:40:00,110,152.04,-42.04,42.04,False,Normal,23.6,11.5,37.45,61.66666666666671,3.0,32.66666666666669,4.36666666666667,20,18,6
2016-05-15 18:50:00,100,150.87,-50.87,50.87,False,Normal,23.6,11.3,37.363333333333294,63.33333333333329,3.0,30.8333333333333,4.5833333333333295,20,18,6
2016-05-15 19:00:00,110,148.11,-38.11,38.11,False,Normal,23.6,11.1,37.29,65.0,3.0,29.0,4.8,20,19,6
2016-05-15 19:10:00,100,147.39,-47.39,47.39,False,Normal,23.6,10.9333333333333,37.29,67.3333333333333,3.16666666666667,30.8333333333333,5.0833333333333295,20,19,6
2016-05-15 19:20:00,100,147.94,-47.94,47.94,False,Normal,23.6,10.7666666666667,37.29,69.6666666666667,3.3333333333333295,32.66666666666669,5.36666666666667,20,19,6
2016-05-15 19:30:00,80,107.3,-27.3,27.3,False,Normal,23.6,10.6,37.4,72.0,3.5,34.5,5.65,0,19,6
2016-05-15 19:40:00,100,107.3,-7.3,7.3,False,Normal,23.6,10.4333333333333,37.4,74.3333333333333,3.6666666666666705,36.33333333333329,5.93333333333333,0,19,6
2016-05-15 19:50:00,90,102.29,-12.29,12.29,False,Normal,23.6,10.2666666666667,37.5,76.6666666666667,3.8333333333333295,38.16666666666669,6.21666666666667,0,19,6
2016-05-15 20:00:00,100,106.19,-6.19,6.19,False,Normal,23.6,10.1,37.56,79.0,4.0,40.0,6.5,0,20,6
2016-05-15 20:10:00,90,105.36,-15.36,15.36,False,Normal,23.6,9.93333333333333,37.7,80.8333333333333,3.6666666666666705,36.66666666666669,6.68333333333333,0,20,6
2016-05-15 20:20:00,170,100.47,69.53,69.53,False,Normal,23.6,9.76666666666667,37.7,82.6666666666667,3.3333333333333295,33.3333333333333,6.86666666666667,0,20,6
2016-05-15 20:30:00,500,99.66,400.34,400.34,True,High,23.6,9.6,37.8266666666667,84.5,3.0,30.0,7.05,0,20,6
2016-05-15 20:40:00,330,102.51,227.49,227.49,True,Moderate,23.6,9.43333333333333,37.9,86.3333333333333,2.66666666666667,26.666666666666696,7.233333333333332,0,20,6
2016-05-15 20:50:00,290,121.35,168.65,168.65,False,Normal,23.6,9.26666666666667,38.03,88.1666666666667,2.3333333333333295,23.3333333333333,7.416666666666669,0,20,6
2016-05-15 21:00:00,260,140.49,119.51,119.51,False,Normal,23.533333333333296,9.1,38.09,90.0,2.0,20.0,7.599999999999999,0,21,6
2016-05-15 21:10:00,230,148.21,81.79,81.79,False,Normal,23.566666666666695,9.05,38.23,90.8333333333333,1.8333333333333297,27.0,7.68333333333333,0,21,6
2016-05-15 21:20:00,240,159.61,80.39,80.39,False,Normal,23.5,9.0,38.29,91.6666666666667,1.66666666666667,34.0,7.76666666666667,0,21,6
2016-05-15 21:30:00,240,165.29,74.71,74.71,False,Normal,23.5,8.949999999999998,38.29,92.5,1.5,41.0,7.849999999999999,0,21,6
2016-05-15 21:40:00,150,196.74,-46.74,46.74,False,Normal,23.5,8.9,38.43,93.3333333333333,1.33333333333333,48.0,7.93333333333333,10,21,6
2016-05-15 21:50:00,100,179.99,-79.99,79.99,False,Normal,23.5,8.849999999999998,38.5,94.1666666666667,1.16666666666667,55.0,8.01666666666667,0,21,6
2016-05-15 22:00:00,90,181.07,-91.07,91.07,False,Normal,23.5,8.8,38.56,95.0,1.0,62.0,8.099999999999998,0,22,6
2016-05-15 22:10:00,90,178.35,-88.35,88.35,False,Normal,23.5,8.76666666666667,38.69,95.3333333333333,1.0,59.33333333333329,8.099999999999998,0,22,6
2016-05-15 22:20:00,90,173.21,-83.21,83.21,False,Normal,23.463333333333296,8.733333333333329,38.79,95.6666666666667,1.0,56.66666666666669,8.099999999999998,0,22,6
2016-05-15 22:30:00,80,164.83,-84.83,84.83,False,Normal,23.39,8.699999999999998,38.79,96.0,1.0,54.0,8.099999999999998,0,22,6
2016-05-15 22:40:00,100,157.84,-57.84,57.84,False,Normal,23.39,8.66666666666667,38.8266666666667,96.3333333333333,1.0,51.33333333333329,8.099999999999998,0,22,6
2016-05-15 22:50:00,70,160.66,-90.66,90.66,False,Normal,23.39,8.63333333333333,39.1,96.6666666666667,1.0,48.66666666666669,8.099999999999998,0,22,6
2016-05-15 23:00:00,80,162.25,-82.25,82.25,False,Normal,23.3566666666667,8.599999999999998,39.4,97.0,1.0,46.0,8.099999999999998,0,23,6
2016-05-15 23:10:00,80,162.25,-82.25,82.25,False,Normal,23.29,8.58333333333333,39.4666666666667,97.0,1.0,45.16666666666669,8.099999999999998,0,23,6
2016-05-15 23:20:00,80,162.5,-82.5,82.5,False,Normal,23.29,8.56666666666667,39.4666666666667,97.0,1.0,44.33333333333329,8.099999999999998,0,23,6
2016-05-15 23:30:00,80,162.83,-82.83,82.83,False,Normal,23.29,8.55,39.4,97.0,1.0,43.5,8.099999999999998,0,23,6
2016-05-15 23:40:00,90,159.53,-69.53,69.53,False,Normal,23.29,8.53333333333333,39.29,97.0,1.0,42.66666666666669,8.099999999999998,0,23,6
2016-05-15 23:50:00,90,156.64,-66.64,66.64,False,Normal,23.23,8.51666666666667,39.23,97.0,1.0,41.83333333333329,8.099999999999998,0,23,6
2016-05-16 00:00:00,80,130.88,-50.88,50.88,False,Normal,23.2,8.5,39.23,97.0,1.0,41.0,8.099999999999998,0,0,0
2016-05-16 00:10:00,70,131.43,-61.43,61.43,False,Normal,23.2,8.46666666666667,39.29,97.1666666666667,1.0,39.83333333333329,8.08333333333333,0,0,0
2016-05-16 00:20:00,50,128.13,-78.13,78.13,False,Normal,23.2,8.43333333333333,39.29,97.3333333333333,1.0,38.66666666666669,8.06666666666667,0,0,0
2016-05-16 00:30:00,60,124.75,-64.75,64.75,False,Normal,23.2,8.4,39.29,97.5,1.0,37.5,8.05,0,0,0
2016-05-16 00:40:00,60,122.68,-62.68,62.68,False,Normal,23.1,8.36666666666667,39.3,97.6666666666667,1.0,36.33333333333329,8.03333333333333,0,0,0
2016-05-16 00:50:00,50,119.67,-69.67,69.67,False,Normal,23.1666666666667,8.33333333333333,39.5,97.8333333333333,1.0,35.16666666666669,8.01666666666667,0,0,0
2016-05-16 01:00:00,50,119.34,-69.34,69.34,False,Normal,23.1,8.3,39.53,98.0,1.0,34.0,8.0,0,1,0
2016-05-16 01:10:00,60,117.77,-57.77,57.77,False,Normal,23.1,8.25,39.59,98.1666666666667,1.0,33.3333333333333,7.96666666666667,0,1,0
2016-05-16 01:20:00,50,119.36,-69.36,69.36,False,Normal,23.1,8.199999999999998,39.7,98.3333333333333,1.0,32.66666666666669,7.93333333333333,0,1,0
2016-05-16 01:30:00,50,116.56,-66.56,66.56,False,Normal,23.1,8.15,39.7,98.5,1.0,32.0,7.9,0,1,0
2016-05-16 01:40:00,50,114.66,-64.66,64.66,False,Normal,23.1,8.099999999999998,39.7,98.6666666666667,1.0,31.3333333333333,7.866666666666669,0,1,0
2016-05-16 01:50:00,60,112.93,-52.93,52.93,False,Normal,23.033333333333296,8.05,39.6266666666667,98.8333333333333,1.0,30.666666666666696,7.8333333333333295,0,1,0
2016-05-16 02:00:00,50,111.87,-61.87,61.87,False,Normal,23.033333333333296,8.0,39.7,99.0,1.0,30.0,7.8,0,2,0
2016-05-16 02:10:00,70,111.72,-41.72,41.72,False,Normal,23.0,7.96666666666667,39.7,99.0,1.0,27.8333333333333,7.76666666666667,0,2,0
2016-05-16 02:20:00,50,110.03,-60.03,60.03,False,Normal,23.0,7.93333333333333,39.7,99.0,1.0,25.666666666666696,7.733333333333332,0,2,0
2016-05-16 02:30:00,60,107.01,-47.01,47.01,False,Normal,23.0,7.9,39.7,99.0,1.0,23.5,7.7,0,2,0
2016-05-16 02:40:00,60,102.16,-42.16,42.16,False,Normal,23.0,7.866666666666669,39.7,99.0,1.0,21.3333333333333,7.666666666666669,0,2,0
2016-05-16 02:50:00,50,100.99,-50.99,50.99,False,Normal,23.0,7.8333333333333295,39.7,99.0,1.0,19.166666666666696,7.633333333333329,0,2,0
2016-05-16 03:00:00,70,101.15,-31.15,31.15,False,Normal,23.0,7.8,39.7,99.0,1.0,17.0,7.599999999999999,0,3,0
2016-05-16 03:10:00,50,98.99,-48.99,48.99,False,Normal,23.0,7.71666666666667,39.76,99.0,1.0,16.3333333333333,7.51666666666667,0,3,0
2016-05-16 03:20:00,50,98.45,-48.45,48.45,False,Normal,22.9266666666667,7.633333333333329,39.76,99.0,1.0,15.6666666666667,7.43333333333333,0,3,0
2016-05-16 03:30:00,50,97.49,-47.49,47.49,False,Normal,22.9266666666667,7.55,39.7,99.0,1.0,15.0,7.349999999999999,0,3,0
2016-05-16 03:40:00,50,95.36,-45.36,45.36,False,Normal,22.9266666666667,7.46666666666667,39.76,99.0,1.0,14.3333333333333,7.26666666666667,0,3,0
2016-05-16 03:50:00,50,93.16,-43.16,43.16,False,Normal,22.89,7.383333333333329,39.7,99.0,1.0,13.6666666666667,7.18333333333333,0,3,0
2016-05-16 04:00:00,50,95.06,-45.06,45.06,False,Normal,22.89,7.3,39.7,99.0,1.0,13.0,7.1,0,4,0
2016-05-16 04:10:00,50,97.27,-47.27,47.27,False,Normal,22.89,7.26666666666667,39.7,99.1666666666667,1.0,13.5,7.1,0,4,0
2016-05-16 04:20:00,60,95.33,-35.33,35.33,False,Normal,22.89,7.233333333333332,39.7,99.3333333333333,1.0,14.0,7.1,0,4,0
2016-05-16 04:30:00,50,95.83,-45.83,45.83,False,Normal,22.89,7.2,39.7,99.5,1.0,14.5,7.1,0,4,0
2016-05-16 04:40:00,60,96.36,-36.36,36.36,False,Normal,22.89,7.16666666666667,39.6725,99.6666666666667,1.0,15.0,7.1,0,4,0
2016-05-16 04:50:00,60,93.95,-33.95,33.95,False,Normal,22.89,7.133333333333329,39.6633333333333,99.8333333333333,1.0,15.5,7.1,0,4,0
2016-05-16 05:00:00,50,96.66,-46.66,46.66,False,Normal,22.8566666666667,7.1,39.6633333333333,100.0,1.0,16.0,7.1,0,5,0
2016-05-16 05:10:00,60,92.81,-32.81,32.81,False,Normal,22.79,7.16666666666667,39.53,99.8333333333333,0.833333333333333,18.666666666666696,7.133333333333329,0,5,0
2016-05-16 05:20:00,50,92.73,-42.73,42.73,False,Normal,22.79,7.233333333333332,39.56,99.6666666666667,0.6666666666666669,21.3333333333333,7.16666666666667,0,5,0
2016-05-16 05:30:00,50,91.2,-41.2,41.2,False,Normal,22.79,7.3,39.56,99.5,0.5,24.0,7.2,0,5,0
2016-05-16 05:40:00,50,90.1,-40.1,40.1,False,Normal,22.79,7.366666666666669,39.59,99.3333333333333,0.3333333333333329,26.666666666666696,7.233333333333332,0,5,0
2016-05-16 05:50:00,50,89.15,-39.15,39.15,False,Normal,22.79,7.43333333333333,39.59,99.1666666666667,0.1666666666666669,29.3333333333333,7.26666666666667,0,5,0
2016-05-16 06:00:00,50,92.77,-42.77,42.77,False,Normal,22.79,7.5,39.59,99.0,0.0,32.0,7.3,0,6,0
2016-05-16 06:10:00,50,94.41,-44.41,44.41,False,Normal,22.79,7.51666666666667,39.59,99.0,0.1666666666666669,36.83333333333329,7.31666666666667,0,6,0
2016-05-16 06:20:00,50,99.37,-49.37,49.37,False,Normal,22.76,7.53333333333333,39.59,99.0,0.3333333333333329,41.66666666666669,7.3333333333333295,0,6,0
2016-05-16 06:30:00,60,100.87,-40.87,40.87,False,Normal,22.76,7.55,39.59,99.0,0.5,46.5,7.349999999999999,0,6,0
2016-05-16 06:40:00,50,102.63,-52.63,52.63,False,Normal,22.76,7.56666666666667,39.59,99.0,0.6666666666666669,51.33333333333329,7.366666666666669,0,6,0
2016-05-16 06:50:00,60,104.23,-44.23,44.23,False,Normal,22.7,7.5833333333333295,39.59,99.0,0.833333333333333,56.16666666666669,7.383333333333329,0,6,0
2016-05-16 07:00:00,60,106.92,-46.92,46.92,False,Normal,22.7,7.599999999999999,39.59,99.0,1.0,61.0,7.4,0,7,0
2016-05-16 07:10:00,60,106.37,-46.37,46.37,False,Normal,22.7,7.633333333333329,39.59,98.0,1.0,54.33333333333329,7.3,0,7,0
2016-05-16 07:20:00,50,106.46,-56.46,56.46,False,Normal,22.7,7.666666666666669,39.59,97.0,1.0,47.66666666666669,7.2,0,7,0
2016-05-16 07:30:00,50,105.97,-55.97,55.97,False,Normal,22.7,7.7,39.59,96.0,1.0,41.0,7.1,0,7,0
2016-05-16 07:40:00,90,105.01,-15.01,15.01,False,Normal,22.7,7.733333333333332,39.59,95.0,1.0,34.3333333333333,7.0,0,7,0
2016-05-16 07:50:00,60,99.61,-39.61,39.61,False,Normal,22.7,7.76666666666667,40.05666666666671,94.0,1.0,27.666666666666696,6.9,0,7,0
2016-05-16 08:00:00,40,91.63,-51.63,51.63,False,Normal,22.745,7.8,40.545,93.0,1.0,21.0,6.8,0,8,0
2016-05-16 08:10:00,50,84.76,-34.76,34.76,False,Normal,22.79,7.916666666666669,40.6266666666667,91.8333333333333,1.16666666666667,22.3333333333333,6.7,0,8,0
2016-05-16 08:20:00,60,82.36,-22.36,22.36,False,Normal,22.8566666666667,8.03333333333333,40.76,90.6666666666667,1.33333333333333,23.666666666666696,6.6,0,8,0
2016-05-16 08:30:00,50,81.75,-31.75,31.75,False,Normal,22.823333333333295,8.15,40.73,89.5,1.5,25.0,6.5,0,8,0
2016-05-16 08:40:00,160,81.59,78.41,78.41,False,Normal,22.89,8.26666666666667,40.79,88.3333333333333,1.66666666666667,26.3333333333333,6.4,0,8,0
2016-05-16 08:50:00,170,80.1,89.9,89.9,False,Normal,22.89,8.38333333333333,40.73,87.1666666666667,1.8333333333333297,27.666666666666696,6.3,0,8,0
2016-05-16 09:00:00,80,83.53,-3.53,3.53,False,Normal,22.89,8.5,40.863333333333294,86.0,2.0,29.0,6.2,0,9,0
2016-05-16 09:10:00,60,81.83,-21.83,21.83,False,Normal,22.89,8.46666666666667,40.83333333333329,84.8333333333333,2.0,30.8333333333333,5.98333333333333,0,9,0
2016-05-16 09:20:00,50,83.77,-33.77,33.77,False,Normal,22.823333333333295,8.43333333333333,40.6266666666667,83.6666666666667,2.0,32.66666666666669,5.76666666666667,0,9,0
2016-05-16 09:30:00,50,90.25,-40.25,40.25,False,Normal,22.89,8.4,40.6633333333333,82.5,2.0,34.5,5.55,0,9,0
2016-05-16 09:40:00,80,105.04,-25.04,25.04,False,Normal,22.89,8.36666666666667,40.59,81.3333333333333,2.0,36.33333333333329,5.3333333333333295,10,9,0
2016-05-16 09:50:00,100,127.01,-27.01,27.01,False,Normal,22.89,8.33333333333333,40.59,80.1666666666667,2.0,38.16666666666669,5.11666666666667,20,9,0
2016-05-16 10:00:00,320,148.3,171.7,171.7,False,Normal,22.89,8.3,40.59,79.0,2.0,40.0,4.9,30,10,0
2016-05-16 10:10:00,160,132.8,27.2,27.2,False,Normal,22.89,8.349999999999998,40.76333333333329,78.6666666666667,1.8333333333333297,40.0,4.883333333333329,20,10,0
2016-05-16 10:20:00,100,150.29,-50.29,50.29,False,Normal,22.89,8.4,41.363333333333294,78.3333333333333,1.66666666666667,40.0,4.86666666666667,20,10,0
2016-05-16 10:30:00,100,157.81,-57.81,57.81,False,Normal,22.79,8.449999999999998,41.1333333333333,78.0,1.5,40.0,4.85,20,10,0
2016-05-16 10:40:00,110,157.65,-47.65,47.65,False,Normal,22.79,8.5,40.8,77.6666666666667,1.33333333333333,40.0,4.8333333333333295,20,10,0
2016-05-16 10:50:00,100,160.05,-60.05,60.05,False,Normal,22.79,8.55,40.43,77.3333333333333,1.16666666666667,40.0,4.81666666666667,20,10,0
2016-05-16 11:00:00,100,184.68,-84.68,84.68,False,Normal,22.79,8.599999999999998,40.23,77.0,1.0,40.0,4.8,30,11,0
2016-05-16 11:10:00,100,166.0,-66.0,66.0,False,Normal,22.79,8.71666666666667,39.9666666666667,76.0,1.0,37.83333333333329,4.7,20,11,0
2016-05-16 11:20:00,90,131.13,-41.13,41.13,False,Normal,22.79,8.83333333333333,39.795,75.0,1.0,35.66666666666669,4.6,0,11,0
2016-05-16 11:30:00,110,134.58,-24.58,24.58,False,Normal,22.79,8.949999999999998,39.5666666666667,74.0,1.0,33.5,4.5,0,11,0
2016-05-16 11:40:00,110,140.03,-30.03,30.03,False,Normal,22.79,9.06666666666667,39.5,73.0,1.0,31.3333333333333,4.4,0,11,0
2016-05-16 11:50:00,110,143.32,-33.32,33.32,False,Normal,22.79,9.18333333333333,39.433333333333294,72.0,1.0,29.166666666666696,4.3,0,11,0
2016-05-16 12:00:00,290,140.82,149.18,149.18,False,Normal,22.79,9.3,39.1333333333333,71.0,1.0,27.0,4.2,0,12,0
2016-05-16 12:10:00,450,143.91,306.09,306.09,True,Moderate,22.79,9.55,38.86,69.6666666666667,1.0,29.166666666666696,4.16666666666667,0,12,0
2016-05-16 12:20:00,160,142.39,17.61,17.61,False,Normal,22.89,9.8,38.59,68.3333333333333,1.0,31.3333333333333,4.133333333333329,0,12,0
2016-05-16 12:30:00,100,143.64,-43.64,43.64,False,Normal,22.89,10.05,38.59,67.0,1.0,33.5,4.1,0,12,0
2016-05-16 12:40:00,120,141.01,-21.01,21.01,False,Normal,22.89,10.3,38.56,65.6666666666667,1.0,35.66666666666669,4.06666666666667,0,12,0
2016-05-16 12:50:00,120,137.97,-17.97,17.97,False,Normal,22.963333333333296,10.55,38.3,64.3333333333333,1.0,37.83333333333329,4.03333333333333,0,12,0
2016-05-16 13:00:00,120,159.34,-39.34,39.34,False,Normal,23.0,10.8,37.9666666666667,63.0,1.0,40.0,4.0,10,13,0
2016-05-16 13:10:00,330,140.53,189.47,189.47,False,Normal,23.066666666666695,11.1333333333333,37.9666666666667,62.0,1.0,40.0,4.06666666666667,0,13,0
2016-05-16 13:20:00,350,146.88,203.12,203.12,False,Normal,23.1333333333333,11.4666666666667,38.09,61.0,1.0,40.0,4.133333333333329,0,13,0
2016-05-16 13:30:00,360,145.78,214.22,214.22,True,Moderate,23.2,11.8,38.1633333333333,60.0,1.0,40.0,4.2,0,13,0
2016-05-16 13:40:00,340,186.68,153.32,153.32,False,Normal,23.23,12.1333333333333,42.43,59.0,1.0,40.0,4.26666666666667,0,13,0
2016-05-16 13:50:00,100,207.46,-107.46,107.46,False,Normal,23.3566666666667,12.4666666666667,46.03,58.0,1.0,40.0,4.3333333333333295,0,13,0
2016-05-16 14:00:00,80,190.66,-110.66,110.66,False,Normal,23.39,12.8,44.36,57.0,1.0,40.0,4.4,0,14,0
2016-05-16 14:10:00,90,183.15,-93.15,93.15,False,Normal,23.39,12.8,41.433333333333294,56.33333333333329,1.0,40.0,4.25,10,14,0
2016-05-16 14:20:00,80,162.59,-82.59,82.59,False,Normal,23.5,12.8,39.863333333333294,55.66666666666671,1.0,40.0,4.1,0,14,0
2016-05-16 14:30:00,80,176.26,-96.26,96.26,False,Normal,23.5,12.8,39.33,55.0,1.0,40.0,3.95,0,14,0
2016-05-16 14:40:00,100,168.7,-68.7,68.7,False,Normal,23.5,12.8,37.395,54.33333333333329,1.0,40.0,3.8,0,14,0
2016-05-16 14:50:00,100,154.13,-54.13,54.13,False,Normal,23.5,12.8,36.69333333333329,53.66666666666671,1.0,40.0,3.65,0,14,0
2016-05-16 15:00:00,100,143.23,-43.23,43.23,False,Normal,23.5,12.8,36.16666666666671,53.0,1.0,40.0,3.5,0,15,0
2016-05-16 15:10:00,80,149.69,-69.69,69.69,False,Normal,23.5,12.9666666666667,36.2266666666667,53.0,1.16666666666667,40.0,3.6333333333333298,0,15,0
2016-05-16 15:20:00,210,153.79,56.21,56.21,False,Normal,23.566666666666695,13.1333333333333,36.69333333333329,53.0,1.33333333333333,40.0,3.7666666666666706,0,15,0
2016-05-16 15:30:00,90,185.79,-95.79,95.79,False,Normal,23.6,13.3,37.363333333333294,53.0,1.5,40.0,3.9,10,15,0
2016-05-16 15:40:00,100,172.76,-72.76,72.76,False,Normal,23.6666666666667,13.4666666666667,37.963333333333296,53.0,1.66666666666667,40.0,4.03333333333333,0,15,0
2016-05-16 15:50:00,90,157.2,-67.2,67.2,False,Normal,23.6,13.6333333333333,36.2333333333333,53.0,1.8333333333333297,40.0,4.16666666666667,0,15,0
2016-05-16 16:00:00,90,155.64,-65.64,65.64,False,Normal,23.6,13.8,35.2333333333333,53.0,2.0,40.0,4.3,0,16,0
2016-05-16 16:10:00,90,147.86,-57.86,57.86,False,Normal,23.6,13.8666666666667,34.3333333333333,51.66666666666671,2.0,40.0,4.0,0,16,0
2016-05-16 16:20:00,90,147.6,-57.6,57.6,False,Normal,23.6,13.9333333333333,33.86,50.33333333333329,2.0,40.0,3.7,0,16,0
2016-05-16 16:30:00,90,140.7,-50.7,50.7,False,Normal,23.6,14.0,33.76,49.0,2.0,40.0,3.4,0,16,0
2016-05-16 16:40:00,80,135.87,-55.87,55.87,False,Normal,23.6,14.0666666666667,33.76,47.66666666666671,2.0,40.0,3.1,0,16,0
2016-05-16 16:50:00,90,132.92,-42.92,42.92,False,Normal,23.6,14.1333333333333,33.9333333333333,46.33333333333329,2.0,40.0,2.8,0,16,0
2016-05-16 17:00:00,90,130.36,-40.36,40.36,False,Normal,23.6,14.2,34.06,45.0,2.0,40.0,2.5,0,17,0
2016-05-16 17:10:00,120,131.72,-11.72,11.72,False,Normal,23.5,14.2666666666667,34.1566666666667,44.83333333333329,2.16666666666667,40.0,2.4666666666666694,0,17,0
2016-05-16 17:20:00,110,129.65,-19.65,19.65,False,Normal,23.5,14.3333333333333,34.5633333333333,44.66666666666671,2.3333333333333295,40.0,2.43333333333333,0,17,0
2016-05-16 17:30:00,110,125.45,-15.45,15.45,False,Normal,23.5,14.4,34.6566666666667,44.5,2.5,40.0,2.4,0,17,0
2016-05-16 17:40:00,630,124.29,505.71,505.71,True,High,23.5,14.4666666666667,34.73,44.33333333333329,2.66666666666667,40.0,2.36666666666667,0,17,0
2016-05-16 17:50:00,400,144.98,255.02,255.02,True,Moderate,23.5,14.5333333333333,36.76333333333329,44.16666666666671,2.8333333333333295,40.0,2.3333333333333295,0,17,0
2016-05-16 18:00:00,350,172.68,177.32,177.32,False,Normal,23.575,14.6,40.7175,44.0,3.0,40.0,2.3,0,18,0
2016-05-16 18:10:00,120,174.85,-54.85,54.85,False,Normal,23.533333333333296,14.5333333333333,40.5266666666667,44.5,2.8333333333333295,40.0,2.4,0,18,0
2016-05-16 18:20:00,100,158.4,-58.4,58.4,False,Normal,23.5,14.4666666666667,39.9666666666667,45.0,2.66666666666667,40.0,2.5,0,18,0
2016-05-16 18:30:00,110,145.35,-35.35,35.35,False,Normal,23.5,14.4,39.69333333333329,45.5,2.5,40.0,2.6,0,18,0
2016-05-16 18:40:00,100,151.28,-51.28,51.28,False,Normal,23.533333333333296,14.3333333333333,40.19333333333329,46.0,2.3333333333333295,40.0,2.7,0,18,0
2016-05-16 18:50:00,150,156.31,-6.31,6.31,False,Normal,23.6,14.2666666666667,40.66,46.5,2.16666666666667,40.0,2.8,0,18,0
2016-05-16 19:00:00,100,145.86,-45.86,45.86,False,Normal,23.6,14.2,39.6233333333333,47.0,2.0,40.0,2.9,0,19,0
2016-05-16 19:10:00,120,142.09,-22.09,22.09,False,Normal,23.6,14.1333333333333,39.09666666666671,47.0,2.0,40.0,2.85,0,19,0
2016-05-16 19:20:00,120,142.26,-22.26,22.26,False,Normal,23.5,14.0666666666667,38.76,47.0,2.0,40.0,2.8,0,19,0
2016-05-16 19:30:00,110,139.23,-29.23,29.23,False,Normal,23.5,14.0,38.5666666666667,47.0,2.0,40.0,2.75,0,19,0
2016-05-16 19:40:00,120,138.79,-18.79,18.79,False,Normal,23.5,13.9333333333333,38.43,47.0,2.0,40.0,2.7,0,19,0
2016-05-16 19:50:00,120,168.7,-48.7,48.7,False,Normal,23.5,13.8666666666667,38.23,47.0,2.0,40.0,2.65,20,19,0
2016-05-16 20:00:00,110,142.96,-32.96,32.96,False,Normal,23.5,13.8,38.29,47.0,2.0,40.0,2.6,10,20,0
2016-05-16 20:10:00,100,157.41,-57.41,57.41,False,Normal,23.5,13.6,38.29,48.83333333333329,2.0,40.0,2.91666666666667,20,20,0
2016-05-16 20:20:00,130,111.86,18.14,18.14,False,Normal,23.5,13.4,38.2,50.66666666666671,2.0,40.0,3.2333333333333294,0,20,0
2016-05-16 20:30:00,80,109.97,-29.97,29.97,False,Normal,23.4266666666667,13.2,38.1266666666667,52.5,2.0,40.0,3.55,0,20,0
2016-05-16 20:40:00,80,103.45,-23.45,23.45,False,Normal,23.463333333333296,13.0,38.1333333333333,54.33333333333329,2.0,40.0,3.86666666666667,0,20,0
2016-05-16 20:50:00,80,95.95,-15.95,15.95,False,Normal,23.39,12.8,37.933333333333294,56.16666666666671,2.0,40.0,4.18333333333333,0,20,0
2016-05-16 21:00:00,80,96.13,-16.13,16.13,False,Normal,23.39,12.6,37.863333333333294,58.0,2.0,40.0,4.5,0,21,0
2016-05-16 21:10:00,80,91.99,-11.99,11.99,False,Normal,23.39,12.4666666666667,37.79,58.33333333333329,1.8333333333333297,40.0,4.46666666666667,0,21,0
2016-05-16 21:20:00,70,113.69,-43.69,43.69,False,Normal,23.39,12.3333333333333,37.79,58.66666666666671,1.66666666666667,40.0,4.43333333333333,10,21,0
2016-05-16 21:30:00,60,93.88,-33.88,33.88,False,Normal,23.39,12.2,37.89,59.0,1.5,40.0,4.4,0,21,0
2016-05-16 21:40:00,60,97.0,-37.0,37.0,False,Normal,23.39,12.0666666666667,38.1633333333333,59.33333333333329,1.33333333333333,40.0,4.36666666666667,0,21,0
2016-05-16 21:50:00,60,119.01,-59.01,59.01,False,Normal,23.323333333333295,11.9333333333333,38.29,59.66666666666671,1.16666666666667,40.0,4.3333333333333295,10,21,0
2016-05-16 22:00:00,50,97.73,-47.73,47.73,False,Normal,23.39,11.8,38.43,60.0,1.0,40.0,4.3,0,22,0
2016-05-16 22:10:00,50,98.86,-48.86,48.86,False,Normal,23.29,11.55,38.53,63.0,1.0,40.0,4.66666666666667,0,22,0
2016-05-16 22:20:00,40,97.7,-57.7,57.7,False,Normal,23.29,11.3,38.53,66.0,1.0,40.0,5.03333333333333,0,22,0
2016-05-16 22:30:00,60,96.24,-36.24,36.24,False,Normal,23.29,11.05,38.5,69.0,1.0,40.0,5.4,0,22,0
2016-05-16 22:40:00,40,94.79,-54.79,54.79,False,Normal,23.23,10.8,38.5,72.0,1.0,40.0,5.76666666666667,0,22,0
2016-05-16 22:50:00,40,116.12,-76.12,76.12,False,Normal,23.2,10.55,38.56,75.0,1.0,40.0,6.133333333333329,10,22,0
2016-05-16 23:00:00,50,95.56,-45.56,45.56,False,Normal,23.2,10.3,38.56,78.0,1.0,40.0,6.5,0,23,0
2016-05-16 23:10:00,60,114.78,-54.78,54.78,False,Normal,23.2,10.2333333333333,38.59,77.8333333333333,1.0,40.0,6.43333333333333,10,23,0
2016-05-16 23:20:00,70,93.82,-23.82,23.82,False,Normal,23.2,10.1666666666667,38.59,77.6666666666667,1.0,40.0,6.36666666666667,0,23,0
2016-05-16 23:30:00,60,116.42,-56.42,56.42,False,Normal,23.1,10.1,38.7,77.5,1.0,40.0,6.3,10,23,0
2016-05-16 23:40:00,70,94.59,-24.59,24.59,False,Normal,23.1,10.0333333333333,38.76,77.3333333333333,1.0,40.0,6.23333333333333,0,23,0
2016-05-16 23:50:00,50,98.1,-48.1,48.1,False,Normal,23.1,9.96666666666667,38.89,77.1666666666667,1.0,40.0,6.16666666666667,0,23,0
2016-05-17 00:00:00,40,81.19,-41.19,41.19,False,Normal,23.1,9.9,39.1633333333333,77.0,1.0,40.0,6.1,0,0,1
2016-05-17 00:10:00,50,82.57,-32.57,32.57,False,Normal,23.1,9.8,39.29,77.1666666666667,1.0,40.0,6.03333333333333,0,0,1
2016-05-17 00:20:00,50,82.42,-32.42,32.42,False,Normal,23.1,9.7,39.29,77.3333333333333,1.0,40.0,5.96666666666667,0,0,1
2016-05-17 00:30:00,50,82.95,-32.95,32.95,False,Normal,23.0,9.6,39.26,77.5,1.0,40.0,5.9,0,0,1
2016-05-17 00:40:00,50,81.51,-31.51,31.51,False,Normal,23.0,9.5,39.2,77.6666666666667,1.0,40.0,5.8333333333333295,0,0,1
2016-05-17 00:50:00,60,82.31,-22.31,22.31,False,Normal,23.0,9.4,39.2,77.8333333333333,1.0,40.0,5.76666666666667,0,0,1
2016-05-17 01:00:00,50,86.89,-36.89,36.89,False,Normal,22.89,9.3,39.29,78.0,1.0,40.0,5.7,0,1,1
2016-05-17 01:10:00,60,89.32,-29.32,29.32,False,Normal,22.89,9.26666666666667,39.29,78.5,1.0,40.0,5.73333333333333,0,1,1
2016-05-17 01:20:00,50,90.33,-40.33,40.33,False,Normal,22.89,9.233333333333329,39.29,79.0,1.0,40.0,5.76666666666667,0,1,1
2016-05-17 01:30:00,60,93.93,-33.93,33.93,False,Normal,22.89,9.2,39.29,79.5,1.0,40.0,5.8,0,1,1
2016-05-17 01:40:00,50,93.97,-43.97,43.97,False,Normal,22.89,9.16666666666667,39.29,80.0,1.0,40.0,5.8333333333333295,0,1,1
2016-05-17 01:50:00,60,94.85,-34.85,34.85,False,Normal,22.89,9.133333333333328,39.363333333333294,80.5,1.0,40.0,5.86666666666667,0,1,1
2016-05-17 02:00:00,50,95.83,-45.83,45.83,False,Normal,22.8566666666667,9.1,39.363333333333294,81.0,1.0,40.0,5.9,0,2,1
2016-05-17 02:10:00,40,93.91,-53.91,53.91,False,Normal,22.79,9.08333333333333,39.29,81.8333333333333,1.16666666666667,38.0,6.03333333333333,0,2,1
2016-05-17 02:20:00,60,92.36,-32.36,32.36,False,Normal,22.79,9.06666666666667,39.29,82.6666666666667,1.33333333333333,36.0,6.16666666666667,0,2,1
2016-05-17 02:30:00,40,91.89,-51.89,51.89,False,Normal,22.79,9.05,39.29,83.5,1.5,34.0,6.3,0,2,1
2016-05-17 02:40:00,70,91.83,-21.83,21.83,False,Normal,22.79,9.033333333333328,39.4,84.3333333333333,1.66666666666667,32.0,6.43333333333333,0,2,1
2016-05-17 02:50:00,50,90.13,-40.13,40.13,False,Normal,22.79,9.01666666666667,39.4,85.1666666666667,1.8333333333333297,30.0,6.56666666666667,0,2,1
2016-05-17 03:00:00,60,91.19,-31.19,31.19,False,Normal,22.79,9.0,39.4,86.0,2.0,28.0,6.7,0,3,1
2016-05-17 03:10:00,60,91.18,-31.18,31.18,False,Normal,22.79,9.1,39.4,86.8333333333333,2.0,33.8333333333333,6.95,0,3,1
2016-05-17 03:20:00,50,92.25,-42.25,42.25,False,Normal,22.79,9.2,39.5,87.6666666666667,2.0,39.66666666666669,7.2,0,3,1
2016-05-17 03:30:00,60,91.5,-31.5,31.5,False,Normal,22.79,9.3,39.5,88.5,2.0,45.5,7.45,0,3,1
2016-05-17 03:40:00,40,89.82,-49.82,49.82,False,Normal,22.79,9.4,39.5,89.3333333333333,2.0,51.33333333333329,7.7,0,3,1
2016-05-17 03:50:00,50,91.82,-41.82,41.82,False,Normal,22.79,9.5,39.56,90.1666666666667,2.0,57.16666666666669,7.95,0,3,1
2016-05-17 04:00:00,50,91.82,-41.82,41.82,False,Normal,22.79,9.6,39.59,91.0,2.0,63.0,8.199999999999998,0,4,1
2016-05-17 04:10:00,50,90.25,-40.25,40.25,False,Normal,22.76,9.43333333333333,39.59,91.5,2.0,61.33333333333329,8.11666666666667,0,4,1
2016-05-17 04:20:00,50,88.74,-38.74,38.74,False,Normal,22.7,9.26666666666667,39.59,92.0,2.0,59.66666666666669,8.03333333333333,0,4,1
2016-05-17 04:30:00,60,85.93,-25.93,25.93,False,Normal,22.7,9.1,39.6633333333333,92.5,2.0,58.0,7.95,0,4,1
2016-05-17 04:40:00,50,85.2,-35.2,35.2,False,Normal,22.7,8.93333333333333,39.59,93.0,2.0,56.33333333333329,7.866666666666669,0,4,1
2016-05-17 04:50:00,60,88.51,-28.51,28.51,False,Normal,22.7,8.76666666666667,39.6266666666667,93.5,2.0,54.66666666666669,7.78333333333333,0,4,1
2016-05-17 05:00:00,70,88.14,-18.14,18.14,False,Normal,22.7,8.599999999999998,39.6266666666667,94.0,2.0,53.0,7.7,0,5,1
2016-05-17 05:10:00,80,85.84,-5.84,5.84,False,Normal,22.7,8.449999999999998,39.69333333333329,94.1666666666667,2.0,51.0,7.5833333333333295,0,5,1
2016-05-17 05:20:00,50,80.63,-30.63,30.63,False,Normal,22.7,8.3,40.0266666666667,94.3333333333333,2.0,49.0,7.46666666666667,0,5,1
2016-05-17 05:30:00,50,70.73,-20.73,20.73,False,Normal,22.7,8.15,39.83333333333329,94.5,2.0,47.0,7.349999999999999,0,5,1
2016-05-17 05:40:00,50,66.49,-16.49,16.49,False,Normal,22.7,8.0,39.7,94.6666666666667,2.0,45.0,7.233333333333332,0,5,1
2016-05-17 05:50:00,50,64.02,-14.02,14.02,False,Normal,22.76,7.849999999999999,39.6633333333333,94.8333333333333,2.0,43.0,7.11666666666667,0,5,1
2016-05-17 06:00:00,60,61.36,-1.36,1.36,False,Normal,22.7,7.7,39.59,95.0,2.0,41.0,7.0,0,6,1
2016-05-17 06:10:00,40,61.69,-21.69,21.69,False,Normal,22.76,7.8333333333333295,39.59,95.0,2.16666666666667,41.66666666666669,7.133333333333329,0,6,1
2016-05-17 06:20:00,50,59.9,-9.9,9.9,False,Normal,22.76,7.96666666666667,39.59,95.0,2.3333333333333295,42.33333333333329,7.26666666666667,0,6,1
2016-05-17 06:30:00,40,62.51,-22.51,22.51,False,Normal,22.79,8.099999999999998,39.7,95.0,2.5,43.0,7.4,0,6,1
2016-05-17 06:40:00,80,58.29,21.71,21.71,False,Normal,22.79,8.233333333333329,39.76,95.0,2.66666666666667,43.66666666666669,7.53333333333333,0,6,1
2016-05-17 06:50:00,70,58.05,11.95,11.95,False,Normal,22.79,8.36666666666667,39.8266666666667,95.0,2.8333333333333295,44.33333333333329,7.666666666666669,0,6,1
2016-05-17 07:00:00,60,60.37,-0.37,0.37,False,Normal,22.79,8.5,39.9,95.0,3.0,45.0,7.8,0,7,1
2016-05-17 07:10:00,70,63.15,6.85,6.85,False,Normal,22.79,8.66666666666667,39.9666666666667,94.3333333333333,3.16666666666667,47.83333333333329,7.849999999999999,0,7,1
2016-05-17 07:20:00,110,69.99,40.01,40.01,False,Normal,22.79,8.83333333333333,39.9975,93.6666666666667,3.3333333333333295,50.66666666666669,7.9,0,7,1
2016-05-17 07:30:00,50,77.76,-27.76,27.76,False,Normal,22.79,9.0,40.29,93.0,3.5,53.5,7.95,0,7,1
2016-05-17 07:40:00,50,82.09,-32.09,32.09,False,Normal,22.823333333333295,9.16666666666667,40.5,92.3333333333333,3.6666666666666705,56.33333333333329,8.0,0,7,1
2016-05-17 07:50:00,50,85.27,-35.27,35.27,False,Normal,22.89,9.33333333333333,40.433333333333294,91.6666666666667,3.8333333333333295,59.16666666666669,8.05,0,7,1
2016-05-17 08:00:00,50,89.19,-39.19,39.19,False,Normal,22.89,9.5,40.4,91.0,4.0,62.0,8.099999999999998,0,8,1
2016-05-17 08:10:00,70,95.66,-25.66,25.66,False,Normal,22.89,9.68333333333333,40.4,90.1666666666667,4.0,62.16666666666669,8.13333333333333,0,8,1
2016-05-17 08:20:00,50,97.72,-47.72,47.72,False,Normal,22.89,9.86666666666667,40.4,89.3333333333333,4.0,62.33333333333329,8.16666666666667,0,8,1
2016-05-17 08:30:00,60,98.86,-38.86,38.86,False,Normal,22.89,10.05,40.4,88.5,4.0,62.5,8.199999999999998,0,8,1
2016-05-17 08:40:00,60,102.64,-42.64,42.64,False,Normal,22.9266666666667,10.2333333333333,40.4,87.6666666666667,4.0,62.66666666666669,8.233333333333329,0,8,1
2016-05-17 08:50:00,50,106.72,-56.72,56.72,False,Normal,23.0,10.4166666666667,40.4,86.8333333333333,4.0,62.83333333333329,8.26666666666667,0,8,1
2016-05-17 09:00:00,50,115.89,-65.89,65.89,False,Normal,23.0,10.6,40.4,86.0,4.0,63.0,8.3,0,9,1
2016-05-17 09:10:00,50,118.83,-68.83,68.83,False,Normal,23.0,10.7666666666667,40.4,85.1666666666667,4.0,63.33333333333329,8.31666666666667,0,9,1
2016-05-17 09:20:00,50,121.94,-71.94,71.94,False,Normal,23.033333333333296,10.9333333333333,40.433333333333294,84.3333333333333,4.0,63.66666666666669,8.33333333333333,0,9,1
2016-05-17 09:30:00,50,121.75,-71.75,71.75,False,Normal,23.1,11.1,40.5,83.5,4.0,64.0,8.349999999999998,0,9,1
2016-05-17 09:40:00,50,120.61,-70.61,70.61,False,Normal,23.1,11.2666666666667,40.4666666666667,82.6666666666667,4.0,64.3333333333333,8.36666666666667,0,9,1
2016-05-17 09:50:00,60,121.79,-61.79,61.79,False,Normal,23.1,11.4333333333333,40.4,81.8333333333333,4.0,64.6666666666667,8.38333333333333,0,9,1
2016-05-17 10:00:00,50,129.99,-79.99,79.99,False,Normal,23.1,11.6,40.4,81.0,4.0,65.0,8.4,0,10,1
2016-05-17 10:10:00,50,131.84,-81.84,81.84,False,Normal,23.1666666666667,12.0166666666667,40.4,79.3333333333333,4.0,58.5,8.483333333333329,0,10,1
2016-05-17 10:20:00,60,130.53,-70.53,70.53,False,Normal,23.2,12.4333333333333,40.4,77.6666666666667,4.0,52.0,8.56666666666667,0,10,1
2016-05-17 10:30:00,50,123.85,-73.85,73.85,False,Normal,23.2,12.85,40.4,76.0,4.0,45.5,8.65,0,10,1
2016-05-17 10:40:00,60,124.73,-64.73,64.73,False,Normal,23.26,13.2666666666667,40.4,74.3333333333333,4.0,39.0,8.733333333333329,0,10,1
2016-05-17 10:50:00,50,122.37,-72.37,72.37,False,Normal,23.29,13.6833333333333,40.4,72.6666666666667,4.0,32.5,8.81666666666667,0,10,1
2016-05-17 11:00:00,60,122.27,-62.27,62.27,False,Normal,23.29,14.1,40.4,71.0,4.0,26.0,8.9,0,11,1
2016-05-17 11:10:00,40,120.04,-80.04,80.04,False,Normal,23.39,14.3833333333333,40.29,69.8333333333333,4.16666666666667,26.3333333333333,8.9,0,11,1
2016-05-17 11:20:00,60,121.78,-61.78,61.78,False,Normal,23.39,14.6666666666667,40.29,68.6666666666667,4.3333333333333295,26.666666666666696,8.9,0,11,1
2016-05-17 11:30:00,40,119.72,-79.72,79.72,False,Normal,23.39,14.95,40.29,67.5,4.5,27.0,8.9,0,11,1
2016-05-17 11:40:00,60,120.67,-60.67,60.67,False,Normal,23.463333333333296,15.2333333333333,40.363333333333294,66.3333333333333,4.66666666666667,27.3333333333333,8.9,0,11,1
2016-05-17 11:50:00,50,121.77,-71.77,71.77,False,Normal,23.5,15.5166666666667,40.4,65.1666666666667,4.8333333333333295,27.666666666666696,8.9,0,11,1
2016-05-17 12:00:00,60,121.25,-61.25,61.25,False,Normal,23.5,15.8,40.4,64.0,5.0,28.0,8.9,0,12,1
2016-05-17 12:10:00,50,120.32,-70.32,70.32,False,Normal,23.5,16.0,40.4,62.66666666666671,5.0,27.5,8.75,0,12,1
2016-05-17 12:20:00,50,117.45,-67.45,67.45,False,Normal,23.566666666666695,16.2,40.4,61.33333333333329,5.0,27.0,8.599999999999998,0,12,1
2016-05-17 12:30:00,60,112.2,-52.2,52.2,False,Normal,23.6,16.4,40.29,60.0,5.0,26.5,8.449999999999998,0,12,1
2016-05-17 12:40:00,50,112.03,-62.03,62.03,False,Normal,23.6,16.6,40.29,58.66666666666671,5.0,26.0,8.3,0,12,1
2016-05-17 12:50:00,50,112.46,-62.46,62.46,False,Normal,23.6,16.8,40.29,57.33333333333329,5.0,25.5,8.15,0,12,1
2016-05-17 13:00:00,40,112.54,-72.54,72.54,False,Normal,23.6666666666667,17.0,40.29,56.0,5.0,25.0,8.0,0,13,1
2016-05-17 13:10:00,50,118.41,-68.41,68.41,False,Normal,23.7,16.8666666666667,40.29,56.66666666666671,5.0,27.5,8.05,0,13,1
2016-05-17 13:20:00,50,121.81,-71.81,71.81,False,Normal,23.7,16.7333333333333,40.29,57.33333333333329,5.0,30.0,8.099999999999998,0,13,1
2016-05-17 13:30:00,40,121.12,-81.12,81.12,False,Normal,23.73,16.6,40.2,58.0,5.0,32.5,8.15,0,13,1
2016-05-17 13:40:00,30,122.01,-92.01,92.01,False,Normal,23.79,16.4666666666667,40.2,58.66666666666671,5.0,35.0,8.199999999999998,0,13,1
2016-05-17 13:50:00,40,126.19,-86.19,86.19,False,Normal,23.79,16.3333333333333,40.2,59.33333333333329,5.0,37.5,8.25,0,13,1
2016-05-17 14:00:00,40,126.01,-86.01,86.01,False,Normal,23.79,16.2,40.09,60.0,5.0,40.0,8.3,0,14,1
2016-05-17 14:10:00,60,124.03,-64.03,64.03,False,Normal,23.79,16.2333333333333,40.09,60.16666666666671,5.0,38.16666666666669,8.4,0,14,1
2016-05-17 14:20:00,60,124.02,-64.02,64.02,False,Normal,23.823333333333295,16.2666666666667,40.09,60.33333333333329,5.0,36.33333333333329,8.5,0,14,1
2016-05-17 14:30:00,50,125.62,-75.62,75.62,False,Normal,23.89,16.3,40.09,60.5,5.0,34.5,8.599999999999998,0,14,1
2016-05-17 14:40:00,60,127.28,-67.28,67.28,False,Normal,23.89,16.3333333333333,40.09,60.66666666666671,5.0,32.66666666666669,8.699999999999998,0,14,1
2016-05-17 14:50:00,50,125.24,-75.24,75.24,False,Normal,23.89,16.3666666666667,40.09,60.83333333333329,5.0,30.8333333333333,8.8,0,14,1
2016-05-17 15:00:00,50,125.41,-75.41,75.41,False,Normal,23.89,16.4,40.09,61.0,5.0,29.0,8.9,0,15,1
2016-05-17 15:10:00,40,125.71,-85.71,85.71,False,Normal,23.89,16.35,40.03,61.25,4.94444444444444,29.3055555555556,8.90833333333333,0,15,1
2016-05-17 15:20:00,50,131.46,-81.46,81.46,False,Normal,23.89,16.3,40.0,61.5,4.888888888888889,29.6111111111111,8.91666666666667,0,15,1
2016-05-17 15:30:00,60,134.04,-74.04,74.04,False,Normal,23.963333333333296,16.25,40.0,61.75,4.8333333333333295,29.916666666666696,8.925,0,15,1
2016-05-17 15:40:00,60,137.14,-77.14,77.14,False,Normal,24.0,16.2,39.9,62.0,4.77777777777778,30.2222222222222,8.93333333333333,0,15,1
2016-05-17 15:50:00,50,135.25,-85.25,85.25,False,Normal,24.0,16.15,39.9,62.25,4.72222222222222,30.5277777777778,8.94166666666667,0,15,1
2016-05-17 16:00:00,60,131.56,-71.56,71.56,False,Normal,24.0,16.1,39.79,62.5,4.66666666666667,30.8333333333333,8.949999999999998,0,16,1
2016-05-17 16:10:00,60,125.38,-65.38,65.38,False,Normal,24.0,16.05,39.73,62.75,4.61111111111111,31.138888888888896,8.95833333333333,0,16,1
2016-05-17 16:20:00,50,120.26,-70.26,70.26,False,Normal,24.0,16.0,39.6633333333333,63.0,4.55555555555556,31.4444444444444,8.96666666666667,0,16,1
2016-05-17 16:30:00,80,121.38,-41.38,41.38,False,Normal,24.0,15.95,39.59,63.25,4.5,31.75,8.974999999999998,0,16,1
2016-05-17 16:40:00,70,121.73,-51.73,51.73,False,Normal,23.89,15.9,39.56,63.5,4.44444444444444,32.0555555555556,8.983333333333329,0,16,1
2016-05-17 16:50:00,80,117.96,-37.96,37.96,False,Normal,23.963333333333296,15.85,39.433333333333294,63.75,4.388888888888889,32.3611111111111,8.99166666666667,0,16,1
2016-05-17 17:00:00,80,109.56,-29.56,29.56,False,Normal,23.89,15.8,39.26,64.0,4.3333333333333295,32.66666666666669,9.0,0,17,1
2016-05-17 17:10:00,80,107.46,-27.46,27.46,False,Normal,23.89,15.75,39.1725,64.25,4.27777777777778,32.9722222222222,9.008333333333328,0,17,1
2016-05-17 17:20:00,90,107.25,-17.25,17.25,False,Normal,23.89,15.7,39.1633333333333,64.5,4.22222222222222,33.2777777777778,9.01666666666667,0,17,1
2016-05-17 17:30:00,100,106.33,-6.33,6.33,False,Normal,23.89,15.65,39.1266666666667,64.75,4.16666666666667,33.5833333333333,9.025,0,17,1
2016-05-17 17:40:00,190,104.13,85.87,85.87,False,Normal,23.89,15.6,39.33333333333329,65.0,4.11111111111111,33.88888888888889,9.033333333333328,0,17,1
2016-05-17 17:50:00,380,104.93,275.07,275.07,True,Moderate,23.89,15.55,39.29,65.25,4.05555555555556,34.1944444444444,9.04166666666667,0,17,1
2016-05-17 18:00:00,100,140.3,-40.3,40.3,False,Normal,23.89,15.5,42.29,65.5,4.0,34.5,9.05,0,18,1
2016-05-17 18:10:00,90,136.95,-46.95,46.95,False,Normal,24.0,15.45,42.53,65.75,3.94444444444444,34.8055555555556,9.05833333333333,0,18,1
2016-05-17 18:20:00,110,130.04,-20.04,20.04,False,Normal,24.0,15.4,42.323333333333295,66.0,3.8888888888888897,35.1111111111111,9.06666666666667,0,18,1
2016-05-17 18:30:00,90,124.27,-34.27,34.27,False,Normal,23.963333333333296,15.35,41.7966666666667,66.25,3.8333333333333295,35.41666666666669,9.075,0,18,1
2016-05-17 18:40:00,110,119.98,-9.98,9.98,False,Normal,23.963333333333296,15.3,41.463333333333296,66.5,3.77777777777778,35.7222222222222,9.08333333333333,0,18,1
2016-05-17 18:50:00,100,121.19,-21.19,21.19,False,Normal,23.89,15.25,41.1333333333333,66.75,3.72222222222222,36.0277777777778,9.09166666666667,0,18,1
2016-05-17 19:00:00,90,116.07,-26.07,26.07,False,Normal,23.89,15.2,40.933333333333294,67.0,3.6666666666666705,36.33333333333329,9.1,0,19,1
2016-05-17 19:10:00,140,114.0,26.0,26.0,False,Normal,23.89,15.15,40.76,67.25,3.6111111111111094,36.63888888888889,9.108333333333329,0,19,1
2016-05-17 19:20:00,140,123.74,16.26,16.26,False,Normal,23.89,15.1,40.7,67.5,3.55555555555556,36.9444444444444,9.11666666666667,0,19,1
2016-05-17 19:30:00,130,153.48,-23.48,23.48,False,Normal,23.89,15.05,40.79,67.75,3.5,37.25,9.125,10,19,1
2016-05-17 19:40:00,120,129.55,-9.55,9.55,False,Normal,23.89,15.0,40.79,68.0,3.44444444444444,37.5555555555556,9.133333333333328,0,19,1
2016-05-17 19:50:00,120,126.66,-6.66,6.66,False,Normal,23.89,14.95,40.79,68.25,3.38888888888889,37.86111111111111,9.14166666666667,0,19,1
2016-05-17 20:00:00,130,126.16,3.84,3.84,False,Normal,23.89,14.9,40.93,68.5,3.3333333333333295,38.16666666666669,9.15,0,20,1
2016-05-17 20:10:00,140,106.96,33.04,33.04,False,Normal,23.89,14.85,40.933333333333294,68.75,3.27777777777778,38.4722222222222,9.158333333333328,0,20,1
2016-05-17 20:20:00,110,116.74,-6.74,6.74,False,Normal,23.89,14.8,41.06,69.0,3.22222222222222,38.7777777777778,9.16666666666667,10,20,1
2016-05-17 20:30:00,110,84.15,25.85,25.85,False,Normal,23.89,14.75,41.145,69.25,3.16666666666667,39.08333333333329,9.175,0,20,1
2016-05-17 20:40:00,110,80.3,29.7,29.7,False,Normal,23.89,14.7,41.23,69.5,3.1111111111111094,39.38888888888889,9.18333333333333,0,20,1
2016-05-17 20:50:00,110,77.99,32.01,32.01,False,Normal,23.89,14.65,41.29,69.75,3.05555555555556,39.6944444444444,9.19166666666667,0,20,1
2016-05-17 21:00:00,90,72.73,17.27,17.27,False,Normal,23.89,14.6,41.29,70.0,3.0,40.0,9.2,0,21,1
2016-05-17 21:10:00,60,91.63,-31.63,31.63,False,Normal,23.89,14.25,41.29,71.6666666666667,3.0,37.83333333333329,9.2,10,21,1
2016-05-17 21:20:00,80,69.72,10.28,10.28,False,Normal,23.89,13.9,41.433333333333294,73.3333333333333,3.0,35.66666666666669,9.2,0,21,1
2016-05-17 21:30:00,50,70.4,-20.4,20.4,False,Normal,23.823333333333295,13.55,41.433333333333294,75.0,3.0,33.5,9.2,0,21,1
2016-05-17 21:40:00,60,74.21,-14.21,14.21,False,Normal,23.79,13.2,41.433333333333294,76.6666666666667,3.0,31.3333333333333,9.2,0,21,1
2016-05-17 21:50:00,50,76.55,-26.55,26.55,False,Normal,23.79,12.85,41.5,78.3333333333333,3.0,29.166666666666696,9.2,0,21,1
2016-05-17 22:00:00,60,96.98,-36.98,36.98,False,Normal,23.79,12.5,41.5,80.0,3.0,27.0,9.2,10,22,1
2016-05-17 22:10:00,80,77.69,2.31,2.31,False,Normal,23.73,12.3333333333333,41.56,80.8333333333333,2.8333333333333295,26.8333333333333,9.16666666666667,0,22,1
2016-05-17 22:20:00,50,82.03,-32.03,32.03,False,Normal,23.76,12.1666666666667,41.59,81.6666666666667,2.66666666666667,26.666666666666696,9.133333333333328,0,22,1
2016-05-17 22:30:00,40,84.54,-44.54,44.54,False,Normal,23.7,12.0,41.53,82.5,2.5,26.5,9.1,0,22,1
2016-05-17 22:40:00,20,84.88,-64.88,64.88,False,Normal,23.7,11.8333333333333,41.4,83.3333333333333,2.3333333333333295,26.3333333333333,9.06666666666667,0,22,1
2016-05-17 22:50:00,30,107.91,-77.91,77.91,False,Normal,23.7,11.6666666666667,41.4,84.1666666666667,2.16666666666667,26.166666666666696,9.033333333333328,10,22,1
2016-05-17 23:00:00,30,84.04,-54.04,54.04,False,Normal,23.7,11.5,41.26,85.0,2.0,26.0,9.0,0,23,1
2016-05-17 23:10:00,60,81.65,-21.65,21.65,False,Normal,23.7,11.5833333333333,41.2,84.1666666666667,2.0,26.0,8.93333333333333,0,23,1
2016-05-17 23:20:00,60,80.6,-20.6,20.6,False,Normal,23.6,11.6666666666667,41.09,83.3333333333333,2.0,26.0,8.86666666666667,0,23,1
2016-05-17 23:30:00,60,80.53,-20.53,20.53,False,Normal,23.6,11.75,41.03,82.5,2.0,26.0,8.8,0,23,1
2016-05-17 23:40:00,60,81.05,-21.05,21.05,False,Normal,23.6,11.8333333333333,41.06,81.6666666666667,2.0,26.0,8.733333333333329,0,23,1
2016-05-17 23:50:00,60,77.61,-17.61,17.61,False,Normal,23.6,11.9166666666667,41.0,80.8333333333333,2.0,26.0,8.66666666666667,0,23,1
2016-05-18 00:00:00,50,56.11,-6.11,6.11,False,Normal,23.533333333333296,12.0,41.0,80.0,2.0,26.0,8.599999999999998,0,0,2
2016-05-18 00:10:00,60,50.29,9.71,9.71,False,Normal,23.5,12.1333333333333,41.0,78.6666666666667,2.0,28.3333333333333,8.46666666666667,0,0,2
2016-05-18 00:20:00,50,64.34,-14.34,14.34,False,Normal,23.5,12.2666666666667,41.0,77.3333333333333,2.0,30.666666666666696,8.33333333333333,10,0,2
2016-05-18 00:30:00,50,42.03,7.97,7.97,False,Normal,23.5,12.4,41.03,76.0,2.0,33.0,8.199999999999998,0,0,2
2016-05-18 00:40:00,50,38.59,11.41,11.41,False,Normal,23.4266666666667,12.5333333333333,40.963333333333296,74.6666666666667,2.0,35.3333333333333,8.06666666666667,0,0,2
2016-05-18 00:50:00,50,35.49,14.51,14.51,False,Normal,23.463333333333296,12.6666666666667,40.9666666666667,73.3333333333333,2.0,37.66666666666669,7.93333333333333,0,0,2
2016-05-18 01:00:00,50,34.8,15.2,15.2,False,Normal,23.39,12.8,40.9,72.0,2.0,40.0,7.8,0,1,2
2016-05-18 01:10:00,40,37.36,2.64,2.64,False,Normal,23.39,12.2166666666667,40.9,74.3333333333333,2.0,37.16666666666669,7.68333333333333,0,1,2
2016-05-18 01:20:00,60,39.75,20.25,20.25,False,Normal,23.39,11.6333333333333,40.9,76.6666666666667,2.0,34.3333333333333,7.56666666666667,0,1,2
2016-05-18 01:30:00,50,41.33,8.67,8.67,False,Normal,23.29,11.05,40.8266666666667,79.0,2.0,31.5,7.45,0,1,2
2016-05-18 01:40:00,60,48.41,11.59,11.59,False,Normal,23.29,10.4666666666667,40.9,81.3333333333333,2.0,28.666666666666696,7.3333333333333295,0,1,2
2016-05-18 01:50:00,60,71.82,-11.82,11.82,False,Normal,23.29,9.883333333333328,40.79,83.6666666666667,2.0,25.8333333333333,7.21666666666667,10,1,2
2016-05-18 02:00:00,60,57.46,2.54,2.54,False,Normal,23.29,9.3,40.79,86.0,2.0,23.0,7.1,0,2,2
2016-05-18 02:10:00,50,58.0,-8.0,8.0,False,Normal,23.29,9.11666666666667,40.79,86.5,2.0,23.0,6.98333333333333,0,2,2
2016-05-18 02:20:00,60,60.98,-0.98,0.98,False,Normal,23.29,8.93333333333333,40.79,87.0,2.0,23.0,6.86666666666667,0,2,2
2016-05-18 02:30:00,50,62.08,-12.08,12.08,False,Normal,23.23,8.75,40.73,87.5,2.0,23.0,6.75,0,2,2
2016-05-18 02:40:00,50,62.17,-12.17,12.17,False,Normal,23.23,8.56666666666667,40.6566666666667,88.0,2.0,23.0,6.633333333333329,0,2,2
2016-05-18 02:50:00,60,64.04,-4.04,4.04,False,Normal,23.29,8.38333333333333,40.76,88.5,2.0,23.0,6.51666666666667,0,2,2
2016-05-18 03:00:00,40,62.88,-22.88,22.88,False,Normal,23.23,8.199999999999998,40.6266666666667,89.0,2.0,23.0,6.4,0,3,2
2016-05-18 03:10:00,60,64.63,-4.63,4.63,False,Normal,23.2,8.36666666666667,40.59,89.5,2.0,22.5,6.65,0,3,2
2016-05-18 03:20:00,40,84.93,-44.93,44.93,False,Normal,23.2,8.53333333333333,40.59,90.0,2.0,22.0,6.9,10,3,2
2016-05-18 03:30:00,60,65.76,-5.76,5.76,False,Normal,23.2,8.699999999999998,40.59,90.5,2.0,21.5,7.15,0,3,2
2016-05-18 03:40:00,60,62.33,-2.33,2.33,False,Normal,23.2,8.86666666666667,40.59,91.0,2.0,21.0,7.4,0,3,2
2016-05-18 03:50:00,50,63.92,-13.92,13.92,False,Normal,23.2,9.033333333333328,40.59,91.5,2.0,20.5,7.65,0,3,2
2016-05-18 04:00:00,60,67.52,-7.52,7.52,False,Normal,23.1,9.2,40.59,92.0,2.0,20.0,7.9,0,4,2
2016-05-18 04:10:00,50,67.57,-17.57,17.57,False,Normal,23.1,9.33333333333333,40.59,91.5,1.8333333333333297,20.0,7.96666666666667,0,4,2
2016-05-18 04:20:00,60,65.36,-5.36,5.36,False,Normal,23.1,9.46666666666667,40.59,91.0,1.66666666666667,20.0,8.03333333333333,0,4,2
2016-05-18 04:30:00,50,63.47,-13.47,13.47,False,Normal,23.1,9.6,40.59,90.5,1.5,20.0,8.099999999999998,0,4,2
2016-05-18 04:40:00,50,62.62,-12.62,12.62,False,Normal,23.1,9.733333333333329,40.59,90.0,1.33333333333333,20.0,8.16666666666667,0,4,2
2016-05-18 04:50:00,40,62.58,-22.58,22.58,False,Normal,23.1,9.86666666666667,40.59,89.5,1.16666666666667,20.0,8.233333333333329,0,4,2
2016-05-18 05:00:00,80,60.63,19.37,19.37,False,Normal,23.1,10.0,40.59,89.0,1.0,20.0,8.3,0,5,2
2016-05-18 05:10:00,70,60.72,9.28,9.28,False,Normal,23.1,10.0333333333333,40.7966666666667,88.8333333333333,1.0,20.166666666666696,8.28333333333333,0,5,2
2016-05-18 05:20:00,60,55.93,4.07,4.07,False,Normal,23.1666666666667,10.0666666666667,41.23,88.6666666666667,1.0,20.3333333333333,8.26666666666667,0,5,2
2016-05-18 05:30:00,50,50.5,-0.5,0.5,False,Normal,23.1,10.1,41.29,88.5,1.0,20.5,8.25,0,5,2
2016-05-18 05:40:00,70,65.45,4.55,4.55,False,Normal,23.2,10.1333333333333,41.29,88.3333333333333,1.0,20.666666666666696,8.233333333333329,10,5,2
2016-05-18 05:50:00,60,42.43,17.57,17.57,False,Normal,23.2,10.1666666666667,41.29,88.1666666666667,1.0,20.8333333333333,8.21666666666667,0,5,2
2016-05-18 06:00:00,60,38.37,21.63,21.63,False,Normal,23.2,10.2,41.29,88.0,1.0,21.0,8.199999999999998,0,6,2
2016-05-18 06:10:00,130,36.73,93.27,93.27,False,Normal,23.2,10.3,41.363333333333294,87.3333333333333,1.0,21.666666666666696,8.18333333333333,0,6,2
2016-05-18 06:20:00,60,39.62,20.38,20.38,False,Normal,23.2,10.4,41.5,86.6666666666667,1.0,22.3333333333333,8.16666666666667,0,6,2
2016-05-18 06:30:00,70,37.22,32.78,32.78,False,Normal,23.2,10.5,41.595,86.0,1.0,23.0,8.15,0,6,2
2016-05-18 06:40:00,50,37.73,12.27,12.27,False,Normal,23.2,10.6,41.7,85.3333333333333,1.0,23.666666666666696,8.13333333333333,0,6,2
2016-05-18 06:50:00,50,40.84,9.16,9.16,False,Normal,23.2,10.7,41.7,84.6666666666667,1.0,24.3333333333333,8.11666666666667,0,6,2
2016-05-18 07:00:00,50,42.87,7.13,7.13,False,Normal,23.2,10.8,41.7,84.0,1.0,25.0,8.099999999999998,0,7,2
2016-05-18 07:10:00,50,47.07,2.93,2.93,False,Normal,23.2,10.9666666666667,41.7,83.5,1.33333333333333,25.166666666666696,8.18333333333333,0,7,2
2016-05-18 07:20:00,50,50.72,-0.72,0.72,False,Normal,23.26,11.1333333333333,41.76,83.0,1.66666666666667,25.3333333333333,8.26666666666667,0,7,2
2016-05-18 07:30:00,50,54.51,-4.51,4.51,False,Normal,23.2,11.3,41.73,82.5,2.0,25.5,8.349999999999998,0,7,2
2016-05-18 07:40:00,60,57.07,2.93,2.93,False,Normal,23.2,11.4666666666667,41.79,82.0,2.3333333333333295,25.666666666666696,8.43333333333333,0,7,2
2016-05-18 07:50:00,60,79.36,-19.36,19.36,False,Normal,23.29,11.6333333333333,41.9,81.5,2.66666666666667,25.8333333333333,8.51666666666667,10,7,2
2016-05-18 08:00:00,50,59.82,-9.82,9.82,False,Normal,23.29,11.8,41.9666666666667,81.0,3.0,26.0,8.599999999999998,0,8,2
2016-05-18 08:10:00,70,63.9,6.1,6.1,False,Normal,23.26,12.0166666666667,41.9666666666667,80.3333333333333,3.16666666666667,26.0,8.699999999999998,0,8,2
2016-05-18 08:20:00,70,68.71,1.29,1.29,False,Normal,23.26,12.2333333333333,41.9666666666667,79.6666666666667,3.3333333333333295,26.0,8.8,0,8,2
2016-05-18 08:30:00,80,70.17,9.83,9.83,False,Normal,23.2,12.45,41.9,79.0,3.5,26.0,8.9,0,8,2
2016-05-18 08:40:00,50,71.16,-21.16,21.16,False,Normal,23.2,12.6666666666667,41.9,78.3333333333333,3.6666666666666705,26.0,9.0,0,8,2
2016-05-18 08:50:00,50,76.35,-26.35,26.35,False,Normal,23.29,12.8833333333333,42.2666666666667,77.6666666666667,3.8333333333333295,26.0,9.1,0,8,2
2016-05-18 09:00:00,50,82.95,-32.95,32.95,False,Normal,23.29,13.1,42.5266666666667,77.0,4.0,26.0,9.2,0,9,2
2016-05-18 09:10:00,40,86.02,-46.02,46.02,False,Normal,23.29,13.4333333333333,42.73,75.6666666666667,4.0,26.166666666666696,9.25,0,9,2
2016-05-18 09:20:00,90,85.94,4.06,4.06,False,Normal,23.29,13.7666666666667,42.79,74.3333333333333,4.0,26.3333333333333,9.3,0,9,2
2016-05-18 09:30:00,60,91.58,-31.58,31.58,False,Normal,23.39,14.1,42.9,73.0,4.0,26.5,9.35,0,9,2
2016-05-18 09:40:00,80,92.52,-12.52,12.52,False,Normal,23.39,14.4333333333333,42.9,71.6666666666667,4.0,26.666666666666696,9.4,0,9,2
2016-05-18 09:50:00,70,85.78,-15.78,15.78,False,Normal,23.39,14.7666666666667,42.495,70.3333333333333,4.0,26.8333333333333,9.45,0,9,2
2016-05-18 10:00:00,60,70.42,-10.42,10.42,False,Normal,23.3566666666667,15.1,42.23,69.0,4.0,27.0,9.5,0,10,2
2016-05-18 10:10:00,40,63.89,-23.89,23.89,False,Normal,23.29,15.2166666666667,42.49,68.6666666666667,4.3333333333333295,29.166666666666696,9.533333333333328,0,10,2
2016-05-18 10:20:00,60,54.29,5.71,5.71,False,Normal,23.29,15.3333333333333,42.53,68.3333333333333,4.66666666666667,31.3333333333333,9.56666666666667,0,10,2
2016-05-18 10:30:00,50,45.01,4.99,4.99,False,Normal,23.29,15.45,42.59,68.0,5.0,33.5,9.6,0,10,2
2016-05-18 10:40:00,50,62.09,-12.09,12.09,False,Normal,23.29,15.5666666666667,42.6633333333333,67.6666666666667,5.3333333333333295,35.66666666666669,9.633333333333328,0,10,2
2016-05-18 10:50:00,90,70.08,19.92,19.92,False,Normal,23.29,15.6833333333333,42.59,67.3333333333333,5.66666666666667,37.83333333333329,9.66666666666667,0,10,2
2016-05-18 11:00:00,100,77.09,22.91,22.91,False,Normal,23.2,15.8,42.433333333333294,67.0,6.0,40.0,9.7,0,11,2
2016-05-18 11:10:00,80,76.96,3.04,3.04,False,Normal,23.2,15.8666666666667,42.6333333333333,67.0,6.16666666666667,38.16666666666669,9.75,0,11,2
2016-05-18 11:20:00,60,83.86,-23.86,23.86,False,Normal,23.2,15.9333333333333,42.6633333333333,67.0,6.3333333333333295,36.33333333333329,9.8,0,11,2
2016-05-18 11:30:00,70,89.86,-19.86,19.86,False,Normal,23.2,16.0,42.53,67.0,6.5,34.5,9.85,0,11,2
2016-05-18 11:40:00,50,100.59,-50.59,50.59,False,Normal,23.2,16.0666666666667,42.4666666666667,67.0,6.66666666666667,32.66666666666669,9.9,0,11,2
2016-05-18 11:50:00,60,103.09,-43.09,43.09,False,Normal,23.2,16.1333333333333,42.3266666666667,67.0,6.8333333333333295,30.8333333333333,9.95,0,11,2
2016-05-18 12:00:00,50,97.89,-47.89,47.89,False,Normal,23.2,16.2,42.2,67.0,7.0,29.0,10.0,0,12,2
2016-05-18 12:10:00,50,103.29,-53.29,53.29,False,Normal,23.2,16.2,42.1266666666667,65.6666666666667,6.8333333333333295,29.0,9.68333333333333,0,12,2
2016-05-18 12:20:00,50,109.31,-59.31,59.31,False,Normal,23.2,16.2,42.09,64.3333333333333,6.66666666666667,29.0,9.36666666666667,0,12,2
2016-05-18 12:30:00,40,111.48,-71.48,71.48,False,Normal,23.2,16.2,42.09,63.0,6.5,29.0,9.05,0,12,2
2016-05-18 12:40:00,80,114.61,-34.61,34.61,False,Normal,23.2,16.2,42.06,61.66666666666671,6.3333333333333295,29.0,8.733333333333329,0,12,2
2016-05-18 12:50:00,70,115.8,-45.8,45.8,False,Normal,23.2,16.2,42.06,60.33333333333329,6.16666666666667,29.0,8.41666666666667,0,12,2
2016-05-18 13:00:00,90,118.18,-28.18,28.18,False,Normal,23.2,16.2,41.9666666666667,59.0,6.0,29.0,8.099999999999998,0,13,2
2016-05-18 13:10:00,80,117.81,-37.81,37.81,False,Normal,23.2,16.3666666666667,41.9,58.66666666666671,6.3333333333333295,30.8333333333333,8.18333333333333,0,13,2
2016-05-18 13:20:00,90,115.05,-25.05,25.05,False,Normal,23.2,16.5333333333333,41.8266666666667,58.33333333333329,6.66666666666667,32.66666666666669,8.26666666666667,0,13,2
2016-05-18 13:30:00,80,115.22,-35.22,35.22,False,Normal,23.2,16.7,41.76,58.0,7.0,34.5,8.349999999999998,0,13,2
2016-05-18 13:40:00,90,119.15,-29.15,29.15,False,Normal,23.2,16.8666666666667,41.7,57.66666666666671,7.3333333333333295,36.33333333333329,8.43333333333333,0,13,2
2016-05-18 13:50:00,90,122.08,-32.08,32.08,False,Normal,23.2,17.0333333333333,41.6633333333333,57.33333333333329,7.666666666666669,38.16666666666669,8.51666666666667,0,13,2
2016-05-18 14:00:00,90,123.69,-33.69,33.69,False,Normal,23.2,17.2,41.53,57.0,8.0,40.0,8.599999999999998,0,14,2
2016-05-18 14:10:00,80,127.83,-47.83,47.83,False,Normal,23.2,17.25,41.4666666666667,56.83333333333329,8.0,38.16666666666669,8.599999999999998,0,14,2
2016-05-18 14:20:00,80,129.61,-49.61,49.61,False,Normal,23.26,17.3,41.4,56.66666666666671,8.0,36.33333333333329,8.599999999999998,0,14,2
2016-05-18 14:30:00,80,129.25,-49.25,49.25,False,Normal,23.29,17.35,41.1633333333333,56.5,8.0,34.5,8.599999999999998,0,14,2
2016-05-18 14:40:00,80,131.45,-51.45,51.45,False,Normal,23.29,17.4,41.03,56.33333333333329,8.0,32.66666666666669,8.599999999999998,0,14,2
2016-05-18 14:50:00,80,131.51,-51.51,51.51,False,Normal,23.29,17.45,41.1633333333333,56.16666666666671,8.0,30.8333333333333,8.599999999999998,0,14,2
2016-05-18 15:00:00,90,127.88,-37.88,37.88,False,Normal,23.3566666666667,17.5,41.03,56.0,8.0,29.0,8.599999999999998,0,15,2
2016-05-18 15:10:00,90,125.19,-35.19,35.19,False,Normal,23.39,17.55,40.9666666666667,55.33333333333329,7.8333333333333295,30.8333333333333,8.449999999999998,0,15,2
2016-05-18 15:20:00,90,125.32,-35.32,35.32,False,Normal,23.39,17.6,40.9,54.66666666666671,7.666666666666669,32.66666666666669,8.3,0,15,2
2016-05-18 15:30:00,80,126.88,-46.88,46.88,False,Normal,23.39,17.65,40.79,54.0,7.5,34.5,8.15,0,15,2
2016-05-18 15:40:00,80,123.35,-43.35,43.35,False,Normal,23.39,17.7,40.73,53.33333333333329,7.3333333333333295,36.33333333333329,8.0,0,15,2
2016-05-18 15:50:00,70,121.54,-51.54,51.54,False,Normal,23.5,17.75,40.6633333333333,52.66666666666671,7.16666666666667,38.16666666666669,7.849999999999999,0,15,2
2016-05-18 16:00:00,70,124.58,-54.58,54.58,False,Normal,23.5,17.8,40.53,52.0,7.0,40.0,7.7,0,16,2
2016-05-18 16:10:00,50,122.46,-72.46,72.46,False,Normal,23.5,17.5833333333333,40.363333333333294,52.33333333333329,7.0,40.0,7.599999999999999,0,16,2
2016-05-18 16:20:00,70,121.81,-51.81,51.81,False,Normal,23.5,17.3666666666667,40.23,52.66666666666671,7.0,40.0,7.5,0,16,2
2016-05-18 16:30:00,140,120.85,19.15,19.15,False,Normal,23.5,17.15,40.145,53.0,7.0,40.0,7.4,0,16,2
2016-05-18 16:40:00,240,125.15,114.85,114.85,False,Normal,23.5,16.9333333333333,40.7266666666667,53.33333333333329,7.0,40.0,7.3,0,16,2
2016-05-18 16:50:00,60,158.83,-98.83,98.83,False,Normal,23.5,16.7166666666667,43.86,53.66666666666671,7.0,40.0,7.2,0,16,2
2016-05-18 17:00:00,70,133.98,-63.98,63.98,False,Normal,23.6,16.5,43.4666666666667,54.0,7.0,40.0,7.1,0,17,2
2016-05-18 17:10:00,90,118.09,-28.09,28.09,False,Normal,23.6,16.2833333333333,43.0,55.33333333333329,7.0,38.0,7.21666666666667,0,17,2
2016-05-18 17:20:00,100,104.05,-4.05,4.05,False,Normal,23.6,16.0666666666667,42.56,56.66666666666671,7.0,36.0,7.3333333333333295,0,17,2
2016-05-18 17:30:00,110,98.47,11.53,11.53,False,Normal,23.6,15.85,42.433333333333294,58.0,7.0,34.0,7.45,0,17,2
2016-05-18 17:40:00,100,89.28,10.72,10.72,False,Normal,23.6,15.6333333333333,42.26,59.33333333333329,7.0,32.0,7.56666666666667,0,17,2
2016-05-18 17:50:00,240,84.55,155.45,155.45,False,Normal,23.6,15.4166666666667,42.2,60.66666666666671,7.0,30.0,7.68333333333333,0,17,2
2016-05-18 18:00:00,130,88.78,41.22,41.22,False,Normal,23.6,15.2,42.53,62.0,7.0,28.0,7.8,0,18,2
2016-05-18 18:10:00,150,107.93,42.07,42.07,False,Normal,23.6,14.75,42.6633333333333,66.8333333333333,6.66666666666667,27.166666666666696,8.33333333333333,10,18,2
2016-05-18 18:20:00,120,109.22,10.78,10.78,False,Normal,23.6,14.3,43.09,71.6666666666667,6.3333333333333295,26.3333333333333,8.86666666666667,10,18,2
2016-05-18 18:30:00,210,152.91,57.09,57.09,False,Normal,23.6666666666667,13.85,43.223333333333294,76.5,6.0,25.5,9.4,30,18,2
2016-05-18 18:40:00,330,127.96,202.04,202.04,False,Normal,23.7,13.4,43.29,81.3333333333333,5.66666666666667,24.666666666666696,9.93333333333333,20,18,2
2016-05-18 18:50:00,130,143.94,-13.94,13.94,False,Normal,23.7,12.95,43.29,86.1666666666667,5.3333333333333295,23.8333333333333,10.4666666666667,30,18,2
2016-05-18 19:00:00,130,145.09,-15.09,15.09,False,Normal,23.6666666666667,12.5,43.4,91.0,5.0,23.0,11.0,30,19,2
2016-05-18 19:10:00,150,122.13,27.87,27.87,False,Normal,23.6666666666667,12.4833333333333,43.5266666666667,91.1666666666667,4.8333333333333295,23.8333333333333,11.0166666666667,20,19,2
2016-05-18 19:20:00,140,120.68,19.32,19.32,False,Normal,23.6333333333333,12.4666666666667,43.6266666666667,91.3333333333333,4.66666666666667,24.666666666666696,11.0333333333333,20,19,2
2016-05-18 19:30:00,160,141.09,18.91,18.91,False,Normal,23.6333333333333,12.45,43.7,91.5,4.5,25.5,11.05,30,19,2
2016-05-18 19:40:00,140,119.29,20.71,20.71,False,Normal,23.6666666666667,12.4333333333333,43.863333333333294,91.6666666666667,4.3333333333333295,26.3333333333333,11.0666666666667,20,19,2
2016-05-18 19:50:00,140,118.4,21.6,21.6,False,Normal,23.675,12.4166666666667,43.8725,91.8333333333333,4.16666666666667,27.166666666666696,11.0833333333333,20,19,2
2016-05-18 20:00:00,160,117.07,42.93,42.93,False,Normal,23.7,12.4,43.9,92.0,4.0,28.0,11.1,20,20,2
2016-05-18 20:10:00,140,75.16,64.84,64.84,False,Normal,23.7,12.3,43.7,92.0,4.16666666666667,28.0,11.0,0,20,2
2016-05-18 20:20:00,130,76.18,53.82,53.82,False,Normal,23.6333333333333,12.2,43.7,92.0,4.3333333333333295,28.0,10.9,0,20,2
2016-05-18 20:30:00,290,76.67,213.33,213.33,True,Moderate,23.7,12.1,43.6633333333333,92.0,4.5,28.0,10.8,0,20,2
2016-05-18 20:40:00,460,76.48,383.52,383.52,True,High,23.7,12.0,43.53,92.0,4.66666666666667,28.0,10.7,0,20,2
2016-05-18 20:50:00,160,78.05,81.95,81.95,False,Normal,23.7,11.9,43.5,92.0,4.8333333333333295,28.0,10.6,0,20,2
2016-05-18 21:00:00,100,101.65,-1.65,1.65,False,Normal,23.7,11.8,43.433333333333294,92.0,5.0,28.0,10.5,10,21,2
2016-05-18 21:10:00,110,80.09,29.91,29.91,False,Normal,23.6333333333333,11.5166666666667,43.2,91.5,4.66666666666667,30.0,10.1333333333333,0,21,2
2016-05-18 21:20:00,90,81.56,8.44,8.44,False,Normal,23.7,11.2333333333333,43.1266666666667,91.0,4.3333333333333295,32.0,9.76666666666667,0,21,2
2016-05-18 21:30:00,70,85.9,-15.9,15.9,False,Normal,23.7,10.95,43.06,90.5,4.0,34.0,9.4,0,21,2
2016-05-18 21:40:00,60,84.29,-24.29,24.29,False,Normal,23.6333333333333,10.6666666666667,42.933333333333294,90.0,3.6666666666666705,36.0,9.033333333333328,0,21,2
2016-05-18 21:50:00,60,80.07,-20.07,20.07,False,Normal,23.7,10.3833333333333,42.9,89.5,3.3333333333333295,38.0,8.66666666666667,0,21,2
2016-05-18 22:00:00,50,79.81,-29.81,29.81,False,Normal,23.7,10.1,42.8266666666667,89.0,3.0,40.0,8.3,0,22,2
2016-05-18 22:10:00,60,78.5,-18.5,18.5,False,Normal,23.7,10.05,42.7,89.5,2.8333333333333295,40.0,8.33333333333333,0,22,2
2016-05-18 22:20:00,50,73.05,-23.05,23.05,False,Normal,23.6333333333333,10.0,42.5666666666667,90.0,2.66666666666667,40.0,8.36666666666667,0,22,2
2016-05-18 22:30:00,60,72.16,-12.16,12.16,False,Normal,23.6,9.95,42.4666666666667,90.5,2.5,40.0,8.4,0,22,2
2016-05-18 22:40:00,40,70.67,-30.67,30.67,False,Normal,23.6,9.9,42.3266666666667,91.0,2.3333333333333295,40.0,8.43333333333333,0,22,2
2016-05-18 22:50:00,50,67.98,-17.98,17.98,False,Normal,23.6,9.85,42.2,91.5,2.16666666666667,40.0,8.46666666666667,0,22,2
2016-05-18 23:00:00,50,64.74,-14.74,14.74,False,Normal,23.6,9.8,42.1266666666667,92.0,2.0,40.0,8.5,0,23,2
2016-05-18 23:10:00,50,64.28,-14.28,14.28,False,Normal,23.6,9.633333333333328,42.045,92.5,2.16666666666667,40.0,8.43333333333333,0,23,2
2016-05-18 23:20:00,60,61.29,-1.29,1.29,False,Normal,23.6,9.46666666666667,42.0,93.0,2.3333333333333295,40.0,8.36666666666667,0,23,2
2016-05-18 23:30:00,50,61.2,-11.2,11.2,False,Normal,23.6,9.3,41.933333333333294,93.5,2.5,40.0,8.3,0,23,2
2016-05-18 23:40:00,70,58.01,11.99,11.99,False,Normal,23.6,9.133333333333328,41.9,94.0,2.66666666666667,40.0,8.233333333333329,0,23,2
2016-05-18 23:50:00,60,58.79,1.21,1.21,False,Normal,23.533333333333296,8.96666666666667,41.8266666666667,94.5,2.8333333333333295,40.0,8.16666666666667,0,23,2
2016-05-19 00:00:00,60,39.67,20.33,20.33,False,Normal,23.566666666666695,8.8,41.76,95.0,3.0,40.0,8.099999999999998,0,0,3
2016-05-19 00:10:00,50,38.57,11.43,11.43,False,Normal,23.5,8.733333333333329,41.7,95.0,3.0,38.16666666666669,8.03333333333333,0,0,3
2016-05-19 00:20:00,60,37.6,22.4,22.4,False,Normal,23.5,8.66666666666667,41.6633333333333,95.0,3.0,36.33333333333329,7.96666666666667,0,0,3
2016-05-19 00:30:00,40,34.51,5.49,5.49,False,Normal,23.5,8.599999999999998,41.59,95.0,3.0,34.5,7.9,0,0,3
2016-05-19 00:40:00,50,34.7,15.3,15.3,False,Normal,23.463333333333296,8.53333333333333,41.56,95.0,3.0,32.66666666666669,7.8333333333333295,0,0,3
2016-05-19 00:50:00,50,33.95,16.05,16.05,False,Normal,23.39,8.46666666666667,41.433333333333294,95.0,3.0,30.8333333333333,7.76666666666667,0,0,3
2016-05-19 01:00:00,40,33.28,6.72,6.72,False,Normal,23.39,8.4,41.4,95.0,3.0,29.0,7.7,0,1,3
2016-05-19 01:10:00,50,36.13,13.87,13.87,False,Normal,23.39,8.25,41.4,95.1666666666667,2.8333333333333295,28.8333333333333,7.56666666666667,0,1,3
2016-05-19 01:20:00,50,33.72,16.28,16.28,False,Normal,23.39,8.099999999999998,41.29,95.3333333333333,2.66666666666667,28.666666666666696,7.43333333333333,0,1,3
2016-05-19 01:30:00,60,37.5,22.5,22.5,False,Normal,23.39,7.95,41.29,95.5,2.5,28.5,7.3,0,1,3
2016-05-19 01:40:00,50,40.32,9.68,9.68,False,Normal,23.29,7.8,41.2,95.6666666666667,2.3333333333333295,28.3333333333333,7.16666666666667,0,1,3
2016-05-19 01:50:00,60,42.05,17.95,17.95,False,Normal,23.29,7.65,41.2,95.8333333333333,2.16666666666667,28.166666666666696,7.03333333333333,0,1,3
2016-05-19 02:00:00,50,44.86,5.14,5.14,False,Normal,23.29,7.5,41.2,96.0,2.0,28.0,6.9,0,2,3
2016-05-19 02:10:00,50,45.0,5.0,5.0,False,Normal,23.23,7.599999999999999,41.1266666666667,96.1666666666667,2.0,27.666666666666696,7.01666666666667,0,2,3
2016-05-19 02:20:00,50,45.3,4.7,4.7,False,Normal,23.2,7.7,41.09,96.3333333333333,2.0,27.3333333333333,7.133333333333329,0,2,3
2016-05-19 02:30:00,50,45.17,4.83,4.83,False,Normal,23.2,7.8,41.0225,96.5,2.0,27.0,7.25,0,2,3
2016-05-19 02:40:00,60,44.82,15.18,15.18,False,Normal,23.2,7.9,41.0,96.6666666666667,2.0,26.666666666666696,7.366666666666669,0,2,3
2016-05-19 02:50:00,40,44.35,-4.35,4.35,False,Normal,23.2,8.0,41.0,96.8333333333333,2.0,26.3333333333333,7.483333333333332,0,2,3
2016-05-19 03:00:00,50,43.89,6.11,6.11,False,Normal,23.1333333333333,8.099999999999998,41.0,97.0,2.0,26.0,7.599999999999999,0,3,3
2016-05-19 03:10:00,40,45.89,-5.89,5.89,False,Normal,23.1,8.08333333333333,41.0,97.0,2.0,25.3333333333333,7.5833333333333295,0,3,3
2016-05-19 03:20:00,60,48.23,11.77,11.77,False,Normal,23.1,8.06666666666667,41.0,97.0,2.0,24.666666666666696,7.56666666666667,0,3,3
2016-05-19 03:30:00,40,47.19,-7.19,7.19,False,Normal,23.1,8.05,41.0,97.0,2.0,24.0,7.55,0,3,3
2016-05-19 03:40:00,60,46.43,13.57,13.57,False,Normal,23.1,8.03333333333333,41.0,97.0,2.0,23.3333333333333,7.53333333333333,0,3,3
2016-05-19 03:50:00,60,46.95,13.05,13.05,False,Normal,23.033333333333296,8.01666666666667,40.933333333333294,97.0,2.0,22.666666666666696,7.51666666666667,0,3,3
2016-05-19 04:00:00,60,47.5,12.5,12.5,False,Normal,23.033333333333296,8.0,40.86,97.0,2.0,22.0,7.5,0,4,3
2016-05-19 04:10:00,60,47.59,12.41,12.41,False,Normal,23.0,8.0,40.79,96.8333333333333,2.0,22.0,7.483333333333332,0,4,3
2016-05-19 04:20:00,50,44.71,5.29,5.29,False,Normal,23.0,8.0,40.863333333333294,96.6666666666667,2.0,22.0,7.46666666666667,0,4,3
2016-05-19 04:30:00,60,44.5,15.5,15.5,False,Normal,23.0,8.0,40.9666666666667,96.5,2.0,22.0,7.45,0,4,3
2016-05-19 04:40:00,50,42.07,7.93,7.93,False,Normal,23.0,8.0,40.9,96.3333333333333,2.0,22.0,7.43333333333333,0,4,3
2016-05-19 04:50:00,60,42.65,17.35,17.35,False,Normal,23.0,8.0,40.863333333333294,96.1666666666667,2.0,22.0,7.416666666666669,0,4,3
2016-05-19 05:00:00,50,42.42,7.58,7.58,False,Normal,23.0,8.0,40.79,96.0,2.0,22.0,7.4,0,5,3
2016-05-19 05:10:00,80,43.58,36.42,36.42,False,Normal,23.0,7.916666666666669,40.9566666666667,96.1666666666667,2.0,22.0,7.3333333333333295,0,5,3
2016-05-19 05:20:00,40,38.53,1.47,1.47,False,Normal,23.0,7.8333333333333295,41.29,96.3333333333333,2.0,22.0,7.26666666666667,0,5,3
2016-05-19 05:30:00,50,29.35,20.65,20.65,False,Normal,23.0,7.75,41.2,96.5,2.0,22.0,7.2,0,5,3
2016-05-19 05:40:00,50,21.56,28.44,28.44,False,Normal,23.0,7.666666666666669,41.0666666666667,96.6666666666667,2.0,22.0,7.133333333333329,0,5,3
2016-05-19 05:50:00,60,18.64,41.36,41.36,False,Normal,23.0,7.5833333333333295,40.845,96.8333333333333,2.0,22.0,7.06666666666667,0,5,3
2016-05-19 06:00:00,60,15.89,44.11,44.11,False,Normal,23.0,7.5,40.6633333333333,97.0,2.0,22.0,7.0,0,6,3
2016-05-19 06:10:00,60,21.57,38.43,38.43,False,Normal,23.0,7.56666666666667,40.6633333333333,96.6666666666667,1.8333333333333297,22.0,7.01666666666667,0,6,3
2016-05-19 06:20:00,70,26.64,43.36,43.36,False,Normal,23.0,7.633333333333329,40.8266666666667,96.3333333333333,1.66666666666667,22.0,7.03333333333333,0,6,3
2016-05-19 06:30:00,60,32.58,27.42,27.42,False,Normal,23.0,7.7,40.9,96.0,1.5,22.0,7.05,0,6,3
2016-05-19 06:40:00,50,35.27,14.73,14.73,False,Normal,23.0,7.76666666666667,40.93,95.6666666666667,1.33333333333333,22.0,7.06666666666667,0,6,3
2016-05-19 06:50:00,50,37.16,12.84,12.84,False,Normal,23.0,7.8333333333333295,40.79,95.3333333333333,1.16666666666667,22.0,7.0833333333333295,0,6,3
2016-05-19 07:00:00,50,45.46,4.54,4.54,False,Normal,23.0,7.9,40.79,95.0,1.0,22.0,7.1,0,7,3
2016-05-19 07:10:00,40,47.89,-7.89,7.89,False,Normal,22.9266666666667,8.01666666666667,40.79,95.0,1.16666666666667,22.0,7.21666666666667,0,7,3
2016-05-19 07:20:00,60,52.82,7.18,7.18,False,Normal,23.0,8.13333333333333,40.79,95.0,1.33333333333333,22.0,7.3333333333333295,0,7,3
2016-05-19 07:30:00,40,58.57,-18.57,18.57,False,Normal,23.0,8.25,40.79,95.0,1.5,22.0,7.45,0,7,3
2016-05-19 07:40:00,60,63.85,-3.85,3.85,False,Normal,22.9266666666667,8.36666666666667,40.9,95.0,1.66666666666667,22.0,7.56666666666667,0,7,3
2016-05-19 07:50:00,50,72.22,-22.22,22.22,False,Normal,23.0,8.483333333333329,40.9666666666667,95.0,1.8333333333333297,22.0,7.68333333333333,0,7,3
2016-05-19 08:00:00,60,87.21,-27.21,27.21,False,Normal,22.963333333333296,8.599999999999998,41.03,95.0,2.0,22.0,7.8,0,8,3
2016-05-19 08:10:00,50,93.55,-43.55,43.55,False,Normal,22.963333333333296,8.76666666666667,41.09,93.9166666666667,1.91666666666667,23.5,7.791666666666669,0,8,3
2016-05-19 08:20:00,60,93.77,-33.77,33.77,False,Normal,23.0,8.93333333333333,41.1266666666667,92.8333333333333,1.8333333333333297,25.0,7.78333333333333,0,8,3
2016-05-19 08:30:00,50,96.1,-46.1,46.1,False,Normal,22.9266666666667,9.1,41.2,91.75,1.75,26.5,7.775,0,8,3
2016-05-19 08:40:00,50,93.6,-43.6,43.6,False,Normal,22.9266666666667,9.26666666666667,41.23,90.6666666666667,1.66666666666667,28.0,7.76666666666667,0,8,3
2016-05-19 08:50:00,50,98.37,-48.37,48.37,False,Normal,23.0,9.43333333333333,41.29,89.5833333333333,1.58333333333333,29.5,7.758333333333329,0,8,3
2016-05-19 09:00:00,50,103.45,-53.45,53.45,False,Normal,23.0,9.6,41.4,88.5,1.5,31.0,7.75,0,9,3
2016-05-19 09:10:00,40,104.29,-64.29,64.29,False,Normal,22.9725,9.76666666666667,41.4,87.4166666666667,1.41666666666667,32.5,7.741666666666669,0,9,3
2016-05-19 09:20:00,20,104.57,-84.57,84.57,False,Normal,22.963333333333296,9.93333333333333,41.4,86.3333333333333,1.33333333333333,34.0,7.733333333333332,0,9,3
2016-05-19 09:30:00,40,101.57,-61.57,61.57,False,Normal,23.0,10.1,41.433333333333294,85.25,1.25,35.5,7.724999999999999,0,9,3
2016-05-19 09:40:00,30,106.74,-76.74,76.74,False,Normal,23.0,10.2666666666667,41.5,84.1666666666667,1.16666666666667,37.0,7.71666666666667,0,9,3
2016-05-19 09:50:00,40,106.71,-66.71,66.71,False,Normal,23.0,10.4333333333333,41.53,83.0833333333333,1.08333333333333,38.5,7.7083333333333295,0,9,3
2016-05-19 10:00:00,60,108.88,-48.88,48.88,False,Normal,23.066666666666695,10.6,41.6633333333333,82.0,1.0,40.0,7.7,0,10,3
2016-05-19 10:10:00,50,113.73,-63.73,63.73,False,Normal,23.1,10.8,41.73,80.8333333333333,1.16666666666667,40.0,7.65,0,10,3
2016-05-19 10:20:00,60,124.6,-64.6,64.6,False,Normal,23.1,11.0,41.79,79.6666666666667,1.33333333333333,40.0,7.599999999999999,0,10,3
2016-05-19 10:30:00,50,130.02,-80.02,80.02,False,Normal,23.1,11.2,41.79,78.5,1.5,40.0,7.55,0,10,3
2016-05-19 10:40:00,50,125.78,-75.78,75.78,False,Normal,23.1666666666667,11.4,41.79,77.3333333333333,1.66666666666667,40.0,7.5,0,10,3
2016-05-19 10:50:00,60,130.01,-70.01,70.01,False,Normal,23.2,11.6,41.79,76.1666666666667,1.8333333333333297,40.0,7.45,0,10,3
2016-05-19 11:00:00,40,127.68,-87.68,87.68,False,Normal,23.2,11.8,41.79,75.0,2.0,40.0,7.4,0,11,3
2016-05-19 11:10:00,50,123.02,-73.02,73.02,False,Normal,23.2,11.9666666666667,41.7,73.6666666666667,2.0,40.0,7.3,0,11,3
2016-05-19 11:20:00,50,124.58,-74.58,74.58,False,Normal,23.2,12.1333333333333,41.7,72.3333333333333,2.0,40.0,7.2,0,11,3
2016-05-19 11:30:00,50,125.47,-75.47,75.47,False,Normal,23.2,12.3,41.7,71.0,2.0,40.0,7.1,0,11,3
2016-05-19 11:40:00,60,122.89,-62.89,62.89,False,Normal,23.2,12.4666666666667,41.7,69.6666666666667,2.0,40.0,7.0,0,11,3
2016-05-19 11:50:00,60,120.58,-60.58,60.58,False,Normal,23.2,12.6333333333333,41.59,68.3333333333333,2.0,40.0,6.9,0,11,3
2016-05-19 12:00:00,60,127.11,-67.11,67.11,False,Normal,23.2,12.8,41.59,67.0,2.0,40.0,6.8,0,12,3
2016-05-19 12:10:00,50,131.08,-81.08,81.08,False,Normal,23.23,13.2166666666667,41.59,65.0,2.0,40.0,6.71666666666667,0,12,3
2016-05-19 12:20:00,70,131.59,-61.59,61.59,False,Normal,23.29,13.6333333333333,41.59,63.0,2.0,40.0,6.633333333333329,0,12,3
2016-05-19 12:30:00,50,124.3,-74.3,74.3,False,Normal,23.29,14.05,41.59,61.0,2.0,40.0,6.55,0,12,3
2016-05-19 12:40:00,60,115.03,-55.03,55.03,False,Normal,23.39,14.4666666666667,41.59,59.0,2.0,40.0,6.46666666666667,0,12,3
2016-05-19 12:50:00,40,111.53,-71.53,71.53,False,Normal,23.39,14.8833333333333,41.59,57.0,2.0,40.0,6.383333333333329,0,12,3
2016-05-19 13:00:00,50,104.09,-54.09,54.09,False,Normal,23.39,15.3,41.5,55.0,2.0,40.0,6.3,0,13,3
2016-05-19 13:10:00,40,104.92,-64.92,64.92,False,Normal,23.39,15.45,41.5,54.16666666666671,1.8333333333333297,40.0,6.18333333333333,0,13,3
2016-05-19 13:20:00,50,102.3,-52.3,52.3,False,Normal,23.39,15.6,41.5,53.33333333333329,1.66666666666667,40.0,6.06666666666667,0,13,3
2016-05-19 13:30:00,50,106.06,-56.06,56.06,False,Normal,23.39,15.75,41.5,52.5,1.5,40.0,5.95,0,13,3
2016-05-19 13:40:00,50,106.23,-56.23,56.23,False,Normal,23.5,15.9,41.5,51.66666666666671,1.33333333333333,40.0,5.8333333333333295,0,13,3
2016-05-19 13:50:00,60,111.06,-51.06,51.06,False,Normal,23.5,16.05,41.5,50.83333333333329,1.16666666666667,40.0,5.71666666666667,0,13,3
2016-05-19 14:00:00,50,117.33,-67.33,67.33,False,Normal,23.5,16.2,41.5,50.0,1.0,40.0,5.6,0,14,3
2016-05-19 14:10:00,60,121.0,-61.0,61.0,False,Normal,23.5,16.4,41.433333333333294,49.16666666666671,1.0,40.0,5.55,0,14,3
2016-05-19 14:20:00,50,124.55,-74.55,74.55,False,Normal,23.6,16.6,41.363333333333294,48.33333333333329,1.0,40.0,5.5,0,14,3
2016-05-19 14:30:00,60,125.39,-65.39,65.39,False,Normal,23.6,16.8,41.23,47.5,1.0,40.0,5.45,0,14,3
2016-05-19 14:40:00,80,123.43,-43.43,43.43,False,Normal,23.6,17.0,41.2,46.66666666666671,1.0,40.0,5.4,0,14,3
2016-05-19 14:50:00,80,125.09,-45.09,45.09,False,Normal,23.6666666666667,17.2,41.2,45.83333333333329,1.0,40.0,5.35,0,14,3
2016-05-19 15:00:00,80,122.02,-42.02,42.02,False,Normal,23.73,17.4,41.06,45.0,1.0,40.0,5.3,0,15,3
2016-05-19 15:10:00,80,123.73,-43.73,43.73,False,Normal,23.79,17.25,41.0,46.16666666666671,1.33333333333333,40.0,5.51666666666667,0,15,3
2016-05-19 15:20:00,80,119.09,-39.09,39.09,False,Normal,23.79,17.1,40.863333333333294,47.33333333333329,1.66666666666667,40.0,5.73333333333333,0,15,3
2016-05-19 15:30:00,80,117.14,-37.14,37.14,False,Normal,23.8566666666667,16.95,40.863333333333294,48.5,2.0,40.0,5.95,0,15,3
2016-05-19 15:40:00,90,121.86,-31.86,31.86,False,Normal,23.89,16.8,40.863333333333294,49.66666666666671,2.3333333333333295,40.0,6.16666666666667,0,15,3
2016-05-19 15:50:00,80,122.66,-42.66,42.66,False,Normal,23.9175,16.65,40.7675,50.83333333333329,2.66666666666667,40.0,6.383333333333329,0,15,3
2016-05-19 16:00:00,100,123.81,-23.81,23.81,False,Normal,24.0,16.5,40.7,52.0,3.0,40.0,6.6,0,16,3
2016-05-19 16:10:00,90,120.83,-30.83,30.83,False,Normal,24.0,16.6666666666667,40.7,50.83333333333329,3.0,40.0,6.383333333333329,0,16,3
2016-05-19 16:20:00,90,117.91,-27.91,27.91,False,Normal,24.0,16.8333333333333,40.5666666666667,49.66666666666671,3.0,40.0,6.16666666666667,0,16,3
2016-05-19 16:30:00,80,119.12,-39.12,39.12,False,Normal,24.0,17.0,40.19333333333329,48.5,3.0,40.0,5.95,0,16,3
2016-05-19 16:40:00,100,116.67,-16.67,16.67,False,Normal,24.0,17.1666666666667,39.8,47.33333333333329,3.0,40.0,5.73333333333333,0,16,3
2016-05-19 16:50:00,80,133.3,-53.3,53.3,False,Normal,24.0,17.3333333333333,39.53,46.16666666666671,3.0,40.0,5.51666666666667,10,16,3
2016-05-19 17:00:00,70,117.07,-47.07,47.07,False,Normal,24.066666666666695,17.5,39.59,45.0,3.0,40.0,5.3,0,17,3
2016-05-19 17:10:00,90,118.41,-28.41,28.41,False,Normal,24.066666666666695,17.5833333333333,39.33333333333329,45.33333333333329,3.0,40.0,5.46666666666667,0,17,3
2016-05-19 17:20:00,70,118.37,-48.37,48.37,False,Normal,24.0,17.6666666666667,38.86,45.66666666666671,3.0,40.0,5.633333333333329,0,17,3
2016-05-19 17:30:00,100,116.27,-16.27,16.27,False,Normal,24.0,17.75,38.363333333333294,46.0,3.0,40.0,5.8,0,17,3
2016-05-19 17:40:00,400,119.93,280.07,280.07,True,Moderate,24.0,17.8333333333333,38.363333333333294,46.33333333333329,3.0,40.0,5.96666666666667,0,17,3
2016-05-19 17:50:00,520,126.55,393.45,393.45,True,High,24.0,17.9166666666667,39.0266666666667,46.66666666666671,3.0,40.0,6.133333333333329,0,17,3
2016-05-19 18:00:00,160,153.06,6.94,6.94,False,Normal,24.0,18.0,41.7666666666667,47.0,3.0,40.0,6.3,0,18,3
2016-05-19 18:10:00,100,158.99,-58.99,58.99,False,Normal,24.0,17.9333333333333,43.1266666666667,47.16666666666671,3.0,40.0,6.3,0,18,3
2016-05-19 18:20:00,210,135.36,74.64,74.64,False,Normal,24.0,17.8666666666667,41.66666666666671,47.33333333333329,3.0,40.0,6.3,0,18,3
2016-05-19 18:30:00,110,125.26,-15.26,15.26,False,Normal,24.0,17.8,40.893333333333295,47.5,3.0,40.0,6.3,0,18,3
2016-05-19 18:40:00,70,115.21,-45.21,45.21,False,Normal,24.0,17.7333333333333,40.1,47.66666666666671,3.0,40.0,6.3,0,18,3
2016-05-19 18:50:00,70,107.68,-37.68,37.68,False,Normal,23.89,17.6666666666667,39.5266666666667,47.83333333333329,3.0,40.0,6.3,0,18,3
2016-05-19 19:00:00,70,101.25,-31.25,31.25,False,Normal,23.89,17.6,39.4,48.0,3.0,40.0,6.3,0,19,3
2016-05-19 19:10:00,100,97.17,2.83,2.83,False,Normal,23.89,17.3833333333333,39.4,49.66666666666671,3.0,40.0,6.5833333333333295,0,19,3
2016-05-19 19:20:00,110,91.12,18.88,18.88,False,Normal,23.79,17.1666666666667,39.6266666666667,51.33333333333329,3.0,40.0,6.86666666666667,0,19,3
2016-05-19 19:30:00,100,80.18,19.82,19.82,False,Normal,23.79,16.95,39.76,53.0,3.0,40.0,7.15,0,19,3
2016-05-19 19:40:00,110,79.24,30.76,30.76,False,Normal,23.79,16.7333333333333,40.03,54.66666666666671,3.0,40.0,7.43333333333333,0,19,3
2016-05-19 19:50:00,100,79.68,20.32,20.32,False,Normal,23.73,16.5166666666667,40.1633333333333,56.33333333333329,3.0,40.0,7.71666666666667,0,19,3
2016-05-19 20:00:00,170,80.02,89.98,89.98,False,Normal,23.7,16.3,40.5,58.0,3.0,40.0,8.0,0,20,3
2016-05-19 20:10:00,110,95.63,14.37,14.37,False,Normal,23.7,16.1666666666667,40.6333333333333,59.83333333333329,3.0,37.33333333333329,8.31666666666667,10,20,3
2016-05-19 20:20:00,130,73.48,56.52,56.52,False,Normal,23.6,16.0333333333333,40.8266666666667,61.66666666666671,3.0,34.66666666666669,8.63333333333333,0,20,3
2016-05-19 20:30:00,120,68.9,51.1,51.1,False,Normal,23.6,15.9,40.9,63.5,3.0,32.0,8.949999999999998,0,20,3
2016-05-19 20:40:00,90,63.88,26.12,26.12,False,Normal,23.6,15.7666666666667,41.0,65.3333333333333,3.0,29.3333333333333,9.26666666666667,0,20,3
2016-05-19 20:50:00,90,62.68,27.32,27.32,False,Normal,23.6,15.6333333333333,41.1333333333333,67.1666666666667,3.0,26.666666666666696,9.58333333333333,0,20,3
2016-05-19 21:00:00,70,59.8,10.2,10.2,False,Normal,23.533333333333296,15.5,41.3266666666667,69.0,3.0,24.0,9.9,0,21,3
2016-05-19 21:10:00,80,56.84,23.16,23.16,False,Normal,23.533333333333296,15.1666666666667,41.4,70.8333333333333,2.8333333333333295,24.0,9.91666666666667,0,21,3
2016-05-19 21:20:00,70,74.47,-4.47,4.47,False,Normal,23.5,14.8333333333333,41.53,72.6666666666667,2.66666666666667,24.0,9.93333333333333,10,21,3
2016-05-19 21:30:00,60,56.91,3.09,3.09,False,Normal,23.5,14.5,41.723333333333294,74.5,2.5,24.0,9.95,0,21,3
2016-05-19 21:40:00,60,58.55,1.45,1.45,False,Normal,23.5,14.1666666666667,41.76,76.3333333333333,2.3333333333333295,24.0,9.96666666666667,0,21,3
2016-05-19 21:50:00,60,58.22,1.78,1.78,False,Normal,23.5,13.8333333333333,41.6266666666667,78.1666666666667,2.16666666666667,24.0,9.983333333333329,0,21,3
2016-05-19 22:00:00,50,62.11,-12.11,12.11,False,Normal,23.5,13.5,41.6266666666667,80.0,2.0,24.0,10.0,0,22,3
2016-05-19 22:10:00,50,61.61,-11.61,11.61,False,Normal,23.5,13.2833333333333,41.6266666666667,79.8333333333333,2.16666666666667,26.666666666666696,9.76666666666667,0,22,3
2016-05-19 22:20:00,50,59.38,-9.38,9.38,False,Normal,23.39,13.0666666666667,41.5,79.6666666666667,2.3333333333333295,29.3333333333333,9.533333333333328,0,22,3
2016-05-19 22:30:00,50,58.96,-8.96,8.96,False,Normal,23.39,12.85,41.475,79.5,2.5,32.0,9.3,0,22,3
2016-05-19 22:40:00,50,57.04,-7.04,7.04,False,Normal,23.39,12.6333333333333,41.4,79.3333333333333,2.66666666666667,34.66666666666669,9.06666666666667,0,22,3
2016-05-19 22:50:00,50,56.93,-6.93,6.93,False,Normal,23.39,12.4166666666667,41.4,79.1666666666667,2.8333333333333295,37.33333333333329,8.83333333333333,0,22,3
2016-05-19 23:00:00,60,57.49,2.51,2.51,False,Normal,23.39,12.2,41.4,79.0,3.0,40.0,8.599999999999998,0,23,3
2016-05-19 23:10:00,50,58.0,-8.0,8.0,False,Normal,23.29,11.9333333333333,41.363333333333294,80.1666666666667,3.0,40.0,8.55,0,23,3
2016-05-19 23:20:00,60,59.77,0.23,0.23,False,Normal,23.3566666666667,11.6666666666667,41.29,81.3333333333333,3.0,40.0,8.5,0,23,3
2016-05-19 23:30:00,60,60.32,-0.32,0.32,False,Normal,23.29,11.4,41.29,82.5,3.0,40.0,8.449999999999998,0,23,3
2016-05-19 23:40:00,50,62.69,-12.69,12.69,False,Normal,23.29,11.1333333333333,41.29,83.6666666666667,3.0,40.0,8.4,0,23,3
2016-05-19 23:50:00,60,64.46,-4.46,4.46,False,Normal,23.29,10.8666666666667,41.29,84.8333333333333,3.0,40.0,8.349999999999998,0,23,3
2016-05-20 00:00:00,40,44.93,-4.93,4.93,False,Normal,23.29,10.6,41.29,86.0,3.0,40.0,8.3,0,0,4
2016-05-20 00:10:00,50,45.52,4.48,4.48,False,Normal,23.26,10.5166666666667,41.26,86.0,3.0,40.0,8.233333333333329,0,0,4
2016-05-20 00:20:00,50,46.29,3.71,3.71,False,Normal,23.2,10.4333333333333,41.2,86.0,3.0,40.0,8.16666666666667,0,0,4
2016-05-20 00:30:00,60,48.73,11.27,11.27,False,Normal,23.2,10.35,41.2,86.0,3.0,40.0,8.099999999999998,0,0,4
2016-05-20 00:40:00,40,49.23,-9.23,9.23,False,Normal,23.2,10.2666666666667,41.2,86.0,3.0,40.0,8.03333333333333,0,0,4
2016-05-20 00:50:00,70,51.38,18.62,18.62,False,Normal,23.2,10.1833333333333,41.2,86.0,3.0,40.0,7.96666666666667,0,0,4
2016-05-20 01:00:00,50,51.64,-1.64,1.64,False,Normal,23.2,10.1,41.2,86.0,3.0,40.0,7.9,0,1,4
2016-05-20 01:10:00,50,54.16,-4.16,4.16,False,Normal,23.1,9.96666666666667,41.2,86.1666666666667,3.0,40.0,7.8,0,1,4
2016-05-20 01:20:00,60,56.03,3.97,3.97,False,Normal,23.1,9.83333333333333,41.2,86.3333333333333,3.0,40.0,7.7,0,1,4
2016-05-20 01:30:00,50,56.96,-6.96,6.96,False,Normal,23.1,9.7,41.1633333333333,86.5,3.0,40.0,7.599999999999999,0,1,4
2016-05-20 01:40:00,60,61.85,-1.85,1.85,False,Normal,23.1,9.56666666666667,41.09,86.6666666666667,3.0,40.0,7.5,0,1,4
2016-05-20 01:50:00,40,66.97,-26.97,26.97,False,Normal,23.1,9.43333333333333,41.2,86.8333333333333,3.0,40.0,7.4,0,1,4
2016-05-20 02:00:00,50,71.29,-21.29,21.29,False,Normal,23.033333333333296,9.3,41.0666666666667,87.0,3.0,40.0,7.3,0,2,4
2016-05-20 02:10:00,40,74.18,-34.18,34.18,False,Normal,23.033333333333296,9.383333333333328,41.1266666666667,86.8333333333333,3.0,40.0,7.3333333333333295,0,2,4
2016-05-20 02:20:00,30,75.13,-45.13,45.13,False,Normal,23.066666666666695,9.46666666666667,41.1633333333333,86.6666666666667,3.0,40.0,7.366666666666669,0,2,4
2016-05-20 02:30:00,20,76.98,-56.98,56.98,False,Normal,23.0,9.55,41.09,86.5,3.0,40.0,7.4,0,2,4
2016-05-20 02:40:00,30,75.58,-45.58,45.58,False,Normal,23.0,9.633333333333328,41.09,86.3333333333333,3.0,40.0,7.43333333333333,0,2,4
2016-05-20 02:50:00,50,71.73,-21.73,21.73,False,Normal,23.0,9.71666666666667,41.09,86.1666666666667,3.0,40.0,7.46666666666667,0,2,4
2016-05-20 03:00:00,70,70.68,-0.68,0.68,False,Normal,23.0,9.8,41.1266666666667,86.0,3.0,40.0,7.5,0,3,4
2016-05-20 03:10:00,60,73.28,-13.28,13.28,False,Normal,22.9266666666667,9.83333333333333,41.2,87.5,3.3333333333333295,38.16666666666669,7.78333333333333,0,3,4
2016-05-20 03:20:00,50,74.23,-24.23,24.23,False,Normal,22.89,9.86666666666667,41.23,89.0,3.6666666666666705,36.33333333333329,8.06666666666667,0,3,4
2016-05-20 03:30:00,60,77.44,-17.44,17.44,False,Normal,22.89,9.9,41.29,90.5,4.0,34.5,8.349999999999998,0,3,4
2016-05-20 03:40:00,60,77.02,-17.02,17.02,False,Normal,22.9266666666667,9.93333333333333,41.29,92.0,4.3333333333333295,32.66666666666669,8.63333333333333,0,3,4
2016-05-20 03:50:00,50,75.81,-25.81,25.81,False,Normal,22.9266666666667,9.96666666666667,41.29,93.5,4.66666666666667,30.8333333333333,8.91666666666667,0,3,4
2016-05-20 04:00:00,50,76.72,-26.72,26.72,False,Normal,22.89,10.0,41.4,95.0,5.0,29.0,9.2,0,4,4
2016-05-20 04:10:00,50,75.52,-25.52,25.52,False,Normal,22.89,10.1,41.4,94.5,5.0,28.5,9.233333333333329,0,4,4
2016-05-20 04:20:00,50,74.92,-24.92,24.92,False,Normal,22.89,10.2,41.5,94.0,5.0,28.0,9.26666666666667,0,4,4
2016-05-20 04:30:00,50,73.99,-23.99,23.99,False,Normal,22.89,10.3,41.5,93.5,5.0,27.5,9.3,0,4,4
2016-05-20 04:40:00,50,72.32,-22.32,22.32,False,Normal,22.89,10.4,41.53,93.0,5.0,27.0,9.33333333333333,0,4,4
2016-05-20 04:50:00,60,71.76,-11.76,11.76,False,Normal,22.89,10.5,41.59,92.5,5.0,26.5,9.36666666666667,0,4,4
2016-05-20 05:00:00,80,71.55,8.45,8.45,False,Normal,22.89,10.6,41.59,92.0,5.0,26.0,9.4,0,5,4
2016-05-20 05:10:00,80,89.75,-9.75,9.75,False,Normal,22.89,10.7166666666667,41.815,91.8333333333333,4.8333333333333295,26.5,9.46666666666667,10,5,4
2016-05-20 05:20:00,50,70.25,-20.25,20.25,False,Normal,22.89,10.8333333333333,42.223333333333294,91.6666666666667,4.66666666666667,27.0,9.533333333333328,0,5,4
2016-05-20 05:30:00,60,67.2,-7.2,7.2,False,Normal,22.89,10.95,42.863333333333294,91.5,4.5,27.5,9.6,0,5,4
2016-05-20 05:40:00,60,80.07,-20.07,20.07,False,Normal,22.89,11.0666666666667,42.79,91.3333333333333,4.3333333333333295,28.0,9.66666666666667,10,5,4
2016-05-20 05:50:00,40,54.58,-14.58,14.58,False,Normal,22.9266666666667,11.1833333333333,42.79,91.1666666666667,4.16666666666667,28.5,9.733333333333329,0,5,4
2016-05-20 06:00:00,60,54.14,5.86,5.86,False,Normal,23.0,11.3,42.79,91.0,4.0,29.0,9.8,0,6,4
2016-05-20 06:10:00,50,58.63,-8.63,8.63,False,Normal,23.0,11.3833333333333,42.963333333333296,90.5,4.0,30.8333333333333,9.8,0,6,4
2016-05-20 06:20:00,50,61.05,-11.05,11.05,False,Normal,23.0,11.4666666666667,43.03,90.0,4.0,32.66666666666669,9.8,0,6,4
2016-05-20 06:30:00,60,83.23,-23.23,23.23,False,Normal,23.0,11.55,43.09,89.5,4.0,34.5,9.8,10,6,4
2016-05-20 06:40:00,90,124.79,-34.79,34.79,False,Normal,23.0,11.6333333333333,43.09,89.0,4.0,36.33333333333329,9.8,30,6,4
2016-05-20 06:50:00,90,99.31,-9.31,9.31,False,Normal,23.0,11.7166666666667,43.0,88.5,4.0,38.16666666666669,9.8,20,6,4
2016-05-20 07:00:00,80,99.55,-19.55,19.55,False,Normal,22.9266666666667,11.8,42.933333333333294,88.0,4.0,40.0,9.8,20,7,4
2016-05-20 07:10:00,90,99.71,-9.71,9.71,False,Normal,23.0,11.8833333333333,42.933333333333294,88.0,4.16666666666667,38.0,9.883333333333328,20,7,4
2016-05-20 07:20:00,80,102.04,-22.04,22.04,False,Normal,23.0,11.9666666666667,43.0,88.0,4.3333333333333295,36.0,9.96666666666667,20,7,4
2016-05-20 07:30:00,70,126.63,-56.63,56.63,False,Normal,23.0,12.05,43.0,88.0,4.5,34.0,10.05,30,7,4
2016-05-20 07:40:00,80,66.21,13.79,13.79,False,Normal,22.9266666666667,12.1333333333333,43.06,88.0,4.66666666666667,32.0,10.1333333333333,0,7,4
2016-05-20 07:50:00,80,68.7,11.3,11.3,False,Normal,22.89,12.2166666666667,43.1566666666667,88.0,4.8333333333333295,30.0,10.2166666666667,0,7,4
2016-05-20 08:00:00,110,73.12,36.88,36.88,False,Normal,22.89,12.3,43.29,88.0,5.0,28.0,10.3,0,8,4
2016-05-20 08:10:00,130,115.88,14.12,14.12,False,Normal,22.89,12.5166666666667,43.4,87.6666666666667,4.8333333333333295,28.0,10.45,20,8,4
2016-05-20 08:20:00,170,118.26,51.74,51.74,False,Normal,22.89,12.7333333333333,43.4,87.3333333333333,4.66666666666667,28.0,10.6,20,8,4
2016-05-20 08:30:00,130,118.22,11.78,11.78,False,Normal,22.89,12.95,43.4,87.0,4.5,28.0,10.75,20,8,4
2016-05-20 08:40:00,130,139.1,-9.1,9.1,False,Normal,22.89,13.1666666666667,43.53,86.6666666666667,4.3333333333333295,28.0,10.9,30,8,4
2016-05-20 08:50:00,90,115.37,-25.37,25.37,False,Normal,22.89,13.3833333333333,43.59,86.3333333333333,4.16666666666667,28.0,11.05,20,8,4
2016-05-20 09:00:00,70,113.08,-43.08,43.08,False,Normal,22.89,13.6,43.7,86.0,4.0,28.0,11.2,20,9,4
2016-05-20 09:10:00,60,111.91,-51.91,51.91,False,Normal,22.89,13.6333333333333,43.76,85.8333333333333,4.16666666666667,30.0,11.2166666666667,20,9,4
2016-05-20 09:20:00,90,110.78,-20.78,20.78,False,Normal,22.89,13.6666666666667,43.8266666666667,85.6666666666667,4.3333333333333295,32.0,11.2333333333333,20,9,4
2016-05-20 09:30:00,80,110.09,-30.09,30.09,False,Normal,22.89,13.7,43.9,85.5,4.5,34.0,11.25,20,9,4
2016-05-20 09:40:00,80,131.86,-51.86,51.86,False,Normal,22.89,13.7333333333333,44.03,85.3333333333333,4.66666666666667,36.0,11.2666666666667,30,9,4
2016-05-20 09:50:00,60,109.88,-49.88,49.88,False,Normal,22.963333333333296,13.7666666666667,44.1633333333333,85.1666666666667,4.8333333333333295,38.0,11.2833333333333,20,9,4
2016-05-20 10:00:00,100,111.35,-11.35,11.35,False,Normal,22.963333333333296,13.8,44.23,85.0,5.0,40.0,11.3,20,10,4
2016-05-20 10:10:00,80,113.14,-33.14,33.14,False,Normal,22.89,13.85,44.363333333333294,85.0,4.8333333333333295,38.16666666666669,11.35,20,10,4
2016-05-20 10:20:00,70,113.11,-43.11,43.11,False,Normal,22.89,13.9,44.433333333333294,85.0,4.66666666666667,36.33333333333329,11.4,20,10,4
2016-05-20 10:30:00,90,133.81,-43.81,43.81,False,Normal,22.89,13.95,44.5,85.0,4.5,34.5,11.45,30,10,4
2016-05-20 10:40:00,70,110.73,-40.73,40.73,False,Normal,22.89,14.0,44.59,85.0,4.3333333333333295,32.66666666666669,11.5,20,10,4
2016-05-20 10:50:00,80,107.32,-27.32,27.32,False,Normal,22.89,14.05,44.6633333333333,85.0,4.16666666666667,30.8333333333333,11.55,20,10,4
2016-05-20 11:00:00,70,110.24,-40.24,40.24,False,Normal,22.89,14.1,44.73,85.0,4.0,29.0,11.6,20,11,4
2016-05-20 11:10:00,80,130.63,-50.63,50.63,False,Normal,22.89,14.0833333333333,44.93,86.1666666666667,4.0,30.166666666666696,11.7833333333333,30,11,4
2016-05-20 11:20:00,60,107.95,-47.95,47.95,False,Normal,22.89,14.0666666666667,45.29,87.3333333333333,4.0,31.3333333333333,11.9666666666667,20,11,4
2016-05-20 11:30:00,60,104.72,-44.72,44.72,False,Normal,22.963333333333296,14.05,45.363333333333294,88.5,4.0,32.5,12.15,20,11,4
2016-05-20 11:40:00,120,125.34,-5.34,5.34,False,Normal,23.0,14.0333333333333,45.4,89.6666666666667,4.0,33.66666666666669,12.3333333333333,30,11,4
2016-05-20 11:50:00,50,106.85,-56.85,56.85,False,Normal,23.025,14.0166666666667,45.525,90.8333333333333,4.0,34.8333333333333,12.5166666666667,20,11,4
2016-05-20 12:00:00,70,112.47,-42.47,42.47,False,Normal,23.1,14.0,45.83333333333329,92.0,4.0,36.0,12.7,20,12,4
2016-05-20 12:10:00,60,111.44,-51.44,51.44,False,Normal,23.0,14.1333333333333,45.8266666666667,91.8333333333333,4.16666666666667,34.8333333333333,12.8,20,12,4
2016-05-20 12:20:00,90,110.31,-20.31,20.31,False,Normal,23.066666666666695,14.2666666666667,45.9666666666667,91.6666666666667,4.3333333333333295,33.66666666666669,12.9,20,12,4
2016-05-20 12:30:00,70,132.15,-62.15,62.15,False,Normal,23.1,14.4,46.463333333333296,91.5,4.5,32.5,13.0,30,12,4
2016-05-20 12:40:00,70,78.22,-8.22,8.22,False,Normal,23.1,14.5333333333333,46.6633333333333,91.3333333333333,4.66666666666667,31.3333333333333,13.1,0,12,4
2016-05-20 12:50:00,70,85.84,-15.84,15.84,False,Normal,23.1,14.6666666666667,46.79,91.1666666666667,4.8333333333333295,30.166666666666696,13.2,0,12,4
2016-05-20 13:00:00,70,90.28,-20.28,20.28,False,Normal,23.1,14.8,46.863333333333294,91.0,5.0,29.0,13.3,0,13,4
2016-05-20 13:10:00,60,87.96,-27.96,27.96,False,Normal,23.1,15.0,46.933333333333294,90.3333333333333,4.8333333333333295,30.8333333333333,13.4,0,13,4
2016-05-20 13:20:00,70,89.64,-19.64,19.64,False,Normal,23.033333333333296,15.2,47.06,89.6666666666667,4.66666666666667,32.66666666666669,13.5,0,13,4
2016-05-20 13:30:00,60,89.04,-29.04,29.04,False,Normal,23.066666666666695,15.4,47.06,89.0,4.5,34.5,13.6,0,13,4
2016-05-20 13:40:00,50,82.41,-32.41,32.41,False,Normal,23.066666666666695,15.6,47.0,88.3333333333333,4.3333333333333295,36.33333333333329,13.7,0,13,4
2016-05-20 13:50:00,60,79.59,-19.59,19.59,False,Normal,23.0,15.8,46.9,87.6666666666667,4.16666666666667,38.16666666666669,13.8,0,13,4
2016-05-20 14:00:00,60,77.31,-17.31,17.31,False,Normal,23.0,16.0,46.9,87.0,4.0,40.0,13.9,0,14,4
2016-05-20 14:10:00,70,77.28,-7.28,7.28,False,Normal,23.066666666666695,15.9666666666667,47.0,86.5,4.16666666666667,40.0,13.75,0,14,4
2016-05-20 14:20:00,60,75.83,-15.83,15.83,False,Normal,23.066666666666695,15.9333333333333,47.06,86.0,4.3333333333333295,40.0,13.6,0,14,4
2016-05-20 14:30:00,60,81.75,-21.75,21.75,False,Normal,23.1,15.9,47.09,85.5,4.5,40.0,13.45,0,14,4
2016-05-20 14:40:00,50,89.64,-39.64,39.64,False,Normal,23.1,15.8666666666667,47.1633333333333,85.0,4.66666666666667,40.0,13.3,0,14,4
2016-05-20 14:50:00,60,93.06,-33.06,33.06,False,Normal,23.066666666666695,15.8333333333333,47.2,84.5,4.8333333333333295,40.0,13.15,0,14,4
2016-05-20 15:00:00,50,98.25,-48.25,48.25,False,Normal,23.066666666666695,15.8,47.26,84.0,5.0,40.0,13.0,0,15,4
2016-05-20 15:10:00,40,98.04,-58.04,58.04,False,Normal,23.05,15.9666666666667,47.245,82.8333333333333,4.8333333333333295,40.0,12.95,0,15,4
2016-05-20 15:20:00,50,96.63,-46.63,46.63,False,Normal,23.1,16.1333333333333,47.29,81.6666666666667,4.66666666666667,40.0,12.9,0,15,4
2016-05-20 15:30:00,50,94.95,-44.95,44.95,False,Normal,23.1,16.3,47.29,80.5,4.5,40.0,12.85,0,15,4
2016-05-20 15:40:00,50,94.62,-44.62,44.62,False,Normal,23.1,16.4666666666667,47.2,79.3333333333333,4.3333333333333295,40.0,12.8,0,15,4
2016-05-20 15:50:00,40,95.46,-55.46,55.46,False,Normal,23.1,16.6333333333333,47.2,78.1666666666667,4.16666666666667,40.0,12.75,0,15,4
2016-05-20 16:00:00,30,96.06,-66.06,66.06,False,Normal,23.1666666666667,16.8,47.09,77.0,4.0,40.0,12.7,0,16,4
2016-05-20 16:10:00,40,99.2,-59.2,59.2,False,Normal,23.1666666666667,17.0,47.03,75.5,4.16666666666667,40.0,12.5666666666667,0,16,4
2016-05-20 16:20:00,30,103.06,-73.06,73.06,False,Normal,23.2,17.2,46.9666666666667,74.0,4.3333333333333295,40.0,12.4333333333333,0,16,4
2016-05-20 16:30:00,60,100.73,-40.73,40.73,False,Normal,23.2,17.4,46.8266666666667,72.5,4.5,40.0,12.3,0,16,4
2016-05-20 16:40:00,60,97.3,-37.3,37.3,False,Normal,23.29,17.6,46.6633333333333,71.0,4.66666666666667,40.0,12.1666666666667,0,16,4
2016-05-20 16:50:00,70,98.4,-28.4,28.4,False,Normal,23.29,17.8,46.53,69.5,4.8333333333333295,40.0,12.0333333333333,0,16,4
2016-05-20 17:00:00,90,98.33,-8.33,8.33,False,Normal,23.29,18.0,46.4,68.0,5.0,40.0,11.9,0,17,4
2016-05-20 17:10:00,60,96.21,-36.21,36.21,False,Normal,23.29,18.05,46.1266666666667,66.5,5.0,40.0,11.6166666666667,0,17,4
2016-05-20 17:20:00,80,91.19,-11.19,11.19,False,Normal,23.39,18.1,45.9666666666667,65.0,5.0,40.0,11.3333333333333,0,17,4
2016-05-20 17:30:00,70,88.75,-18.75,18.75,False,Normal,23.39,18.15,45.7666666666667,63.5,5.0,40.0,11.05,0,17,4
2016-05-20 17:40:00,80,85.22,-5.22,5.22,False,Normal,23.39,18.2,45.59,62.0,5.0,40.0,10.7666666666667,0,17,4
2016-05-20 17:50:00,70,79.92,-9.92,9.92,False,Normal,23.463333333333296,18.25,45.59,60.5,5.0,40.0,10.4833333333333,0,17,4
2016-05-20 18:00:00,90,100.71,-10.71,10.71,False,Normal,23.5,18.3,45.6266666666667,59.0,5.0,40.0,10.2,10,18,4
2016-05-20 18:10:00,80,80.63,-0.63,0.63,False,Normal,23.5,18.316666666666695,45.6266666666667,58.66666666666671,5.0,40.0,10.1333333333333,0,18,4
2016-05-20 18:20:00,80,82.53,-2.53,2.53,False,Normal,23.5,18.3333333333333,45.56,58.33333333333329,5.0,40.0,10.0666666666667,0,18,4
2016-05-20 18:30:00,70,86.75,-16.75,16.75,False,Normal,23.5,18.35,45.425,58.0,5.0,40.0,10.0,0,18,4
2016-05-20 18:40:00,70,87.68,-17.68,17.68,False,Normal,23.566666666666695,18.366666666666696,45.3266666666667,57.66666666666671,5.0,40.0,9.93333333333333,0,18,4
2016-05-20 18:50:00,80,87.31,-7.31,7.31,False,Normal,23.6,18.3833333333333,45.1633333333333,57.33333333333329,5.0,40.0,9.86666666666667,0,18,4
2016-05-20 19:00:00,70,89.93,-19.93,19.93,False,Normal,23.6,18.4,45.03,57.0,5.0,40.0,9.8,0,19,4
2016-05-20 19:10:00,60,100.01,-40.01,40.01,False,Normal,23.6,18.2166666666667,44.863333333333294,56.83333333333329,4.8333333333333295,40.0,9.58333333333333,0,19,4
2016-05-20 19:20:00,60,104.12,-44.12,44.12,False,Normal,23.6,18.033333333333296,44.79,56.66666666666671,4.66666666666667,40.0,9.36666666666667,0,19,4
2016-05-20 19:30:00,70,95.04,-25.04,25.04,False,Normal,23.6,17.85,44.6633333333333,56.5,4.5,40.0,9.15,0,19,4
2016-05-20 19:40:00,60,85.18,-25.18,25.18,False,Normal,23.6,17.6666666666667,44.53,56.33333333333329,4.3333333333333295,40.0,8.93333333333333,0,19,4
2016-05-20 19:50:00,70,79.68,-9.68,9.68,False,Normal,23.5,17.4833333333333,44.4666666666667,56.16666666666671,4.16666666666667,40.0,8.71666666666667,0,19,4
2016-05-20 20:00:00,70,73.03,-3.03,3.03,False,Normal,23.5,17.3,44.3266666666667,56.0,4.0,40.0,8.5,0,20,4
2016-05-20 20:10:00,70,66.54,3.46,3.46,False,Normal,23.5,17.05,44.29,58.16666666666671,3.6666666666666705,40.0,8.75,0,20,4
2016-05-20 20:20:00,70,58.76,11.24,11.24,False,Normal,23.5,16.8,44.29,60.33333333333329,3.3333333333333295,40.0,9.0,0,20,4
2016-05-20 20:30:00,70,54.49,15.51,15.51,False,Normal,23.5,16.55,44.29,62.5,3.0,40.0,9.25,0,20,4
2016-05-20 20:40:00,80,50.63,29.37,29.37,False,Normal,23.5,16.3,44.29,64.6666666666667,2.66666666666667,40.0,9.5,0,20,4
2016-05-20 20:50:00,60,49.14,10.86,10.86,False,Normal,23.5,16.05,44.4,66.8333333333333,2.3333333333333295,40.0,9.75,0,20,4
2016-05-20 21:00:00,70,50.11,19.89,19.89,False,Normal,23.5,15.8,44.4,69.0,2.0,40.0,10.0,0,21,4
2016-05-20 21:10:00,60,48.99,11.01,11.01,False,Normal,23.5,15.4166666666667,44.4,71.5,1.8333333333333297,40.0,10.1333333333333,0,21,4
2016-05-20 21:20:00,80,70.34,9.66,9.66,False,Normal,23.5,15.0333333333333,44.4,74.0,1.66666666666667,40.0,10.2666666666667,10,21,4
2016-05-20 21:30:00,70,51.99,18.01,18.01,False,Normal,23.5,14.65,44.53,76.5,1.5,40.0,10.4,0,21,4
2016-05-20 21:40:00,50,56.94,-6.94,6.94,False,Normal,23.4266666666667,14.2666666666667,44.723333333333294,79.0,1.33333333333333,40.0,10.5333333333333,0,21,4
2016-05-20 21:50:00,60,62.05,-2.05,2.05,False,Normal,23.39,13.8833333333333,45.19,81.5,1.16666666666667,40.0,10.6666666666667,0,21,4
2016-05-20 22:00:00,40,65.19,-25.19,25.19,False,Normal,23.39,13.5,45.06,84.0,1.0,40.0,10.8,0,22,4
2016-05-20 22:10:00,60,82.66,-22.66,22.66,False,Normal,23.39,13.45,44.933333333333294,84.3333333333333,1.0,40.0,10.8166666666667,10,22,4
2016-05-20 22:20:00,50,62.94,-12.94,12.94,False,Normal,23.39,13.4,44.9,84.6666666666667,1.0,40.0,10.8333333333333,0,22,4
2016-05-20 22:30:00,60,61.96,-1.96,1.96,False,Normal,23.39,13.35,44.9,85.0,1.0,40.0,10.85,0,22,4
2016-05-20 22:40:00,60,62.63,-2.63,2.63,False,Normal,23.29,13.3,44.79,85.3333333333333,1.0,40.0,10.8666666666667,0,22,4
2016-05-20 22:50:00,50,62.52,-12.52,12.52,False,Normal,23.29,13.25,44.79,85.6666666666667,1.0,40.0,10.8833333333333,0,22,4
2016-05-20 23:00:00,50,63.01,-13.01,13.01,False,Normal,23.29,13.2,44.79,86.0,1.0,40.0,10.9,0,23,4
2016-05-20 23:10:00,50,62.65,-12.65,12.65,False,Normal,23.29,13.35,44.863333333333294,86.8333333333333,1.16666666666667,38.16666666666669,11.1833333333333,0,23,4
2016-05-20 23:20:00,50,59.8,-9.8,9.8,False,Normal,23.26,13.5,44.863333333333294,87.6666666666667,1.33333333333333,36.33333333333329,11.4666666666667,0,23,4
2016-05-20 23:30:00,50,56.84,-6.84,6.84,False,Normal,23.2,13.65,44.79,88.5,1.5,34.5,11.75,0,23,4
2016-05-20 23:40:00,40,52.96,-12.96,12.96,False,Normal,23.2,13.8,44.9,89.3333333333333,1.66666666666667,32.66666666666669,12.0333333333333,0,23,4
2016-05-20 23:50:00,30,49.77,-19.77,19.77,False,Normal,23.2,13.95,44.9,90.1666666666667,1.8333333333333297,30.8333333333333,12.3166666666667,0,23,4
2016-05-21 00:00:00,40,32.13,7.87,7.87,False,Normal,23.2,14.1,44.933333333333294,91.0,2.0,29.0,12.6,0,0,5
2016-05-21 00:10:00,40,30.34,9.66,9.66,False,Normal,23.2,14.1,45.0,91.0,2.16666666666667,28.8333333333333,12.6166666666667,0,0,5
2016-05-21 00:20:00,40,29.0,11.0,11.0,False,Normal,23.2,14.1,45.03,91.0,2.3333333333333295,28.666666666666696,12.6333333333333,0,0,5
2016-05-21 00:30:00,60,28.29,31.71,31.71,False,Normal,23.2,14.1,45.09,91.0,2.5,28.5,12.65,0,0,5
2016-05-21 00:40:00,60,27.65,32.35,32.35,False,Normal,23.2,14.1,45.1266666666667,91.0,2.66666666666667,28.3333333333333,12.6666666666667,0,0,5
2016-05-21 00:50:00,50,30.35,19.65,19.65,False,Normal,23.1333333333333,14.1,45.2,91.0,2.8333333333333295,28.166666666666696,12.6833333333333,0,0,5
2016-05-21 01:00:00,60,35.11,24.89,24.89,False,Normal,23.1,14.1,45.23,91.0,3.0,28.0,12.7,0,1,5
2016-05-21 01:10:00,50,34.88,15.12,15.12,False,Normal,23.1,14.1333333333333,45.29,90.8333333333333,3.16666666666667,30.0,12.6833333333333,0,1,5
2016-05-21 01:20:00,50,36.8,13.2,13.2,False,Normal,23.1,14.1666666666667,45.29,90.6666666666667,3.3333333333333295,32.0,12.6666666666667,0,1,5
2016-05-21 01:30:00,50,40.91,9.09,9.09,False,Normal,23.1,14.2,45.4,90.5,3.5,34.0,12.65,0,1,5
2016-05-21 01:40:00,50,38.1,11.9,11.9,False,Normal,23.1,14.2333333333333,45.4,90.3333333333333,3.6666666666666705,36.0,12.6333333333333,0,1,5
2016-05-21 01:50:00,50,39.49,10.51,10.51,False,Normal,23.0,14.2666666666667,45.4,90.1666666666667,3.8333333333333295,38.0,12.6166666666667,0,1,5
2016-05-21 02:00:00,60,42.04,17.96,17.96,False,Normal,23.066666666666695,14.3,45.5266666666667,90.0,4.0,40.0,12.6,0,2,5
2016-05-21 02:10:00,50,39.82,10.18,10.18,False,Normal,23.1,14.2666666666667,45.59,90.1666666666667,4.0,40.0,12.6,0,2,5
2016-05-21 02:20:00,60,42.34,17.66,17.66,False,Normal,23.033333333333296,14.2333333333333,45.59,90.3333333333333,4.0,40.0,12.6,0,2,5
2016-05-21 02:30:00,50,42.85,7.15,7.15,False,Normal,23.0,14.2,45.59,90.5,4.0,40.0,12.6,0,2,5
2016-05-21 02:40:00,60,41.4,18.6,18.6,False,Normal,23.0,14.1666666666667,45.59,90.6666666666667,4.0,40.0,12.6,0,2,5
2016-05-21 02:50:00,60,43.3,16.7,16.7,False,Normal,22.963333333333296,14.1333333333333,45.7,90.8333333333333,4.0,40.0,12.6,0,2,5
2016-05-21 03:00:00,40,42.68,-2.68,2.68,False,Normal,22.89,14.1,45.7,91.0,4.0,40.0,12.6,0,3,5
2016-05-21 03:10:00,50,42.64,7.36,7.36,False,Normal,22.9266666666667,14.0166666666667,45.79,91.1666666666667,4.0,38.16666666666669,12.55,0,3,5
2016-05-21 03:20:00,50,43.34,6.66,6.66,False,Normal,23.0,13.9333333333333,45.79,91.3333333333333,4.0,36.33333333333329,12.5,0,3,5
2016-05-21 03:30:00,40,43.48,-3.48,3.48,False,Normal,22.89,13.85,45.73,91.5,4.0,34.5,12.45,0,3,5
2016-05-21 03:40:00,60,41.24,18.76,18.76,False,Normal,22.963333333333296,13.7666666666667,45.79,91.6666666666667,4.0,32.66666666666669,12.4,0,3,5
2016-05-21 03:50:00,50,44.31,5.69,5.69,False,Normal,22.89,13.6833333333333,45.8266666666667,91.8333333333333,4.0,30.8333333333333,12.35,0,3,5
2016-05-21 04:00:00,60,44.81,15.19,15.19,False,Normal,22.89,13.6,45.9,92.0,4.0,29.0,12.3,0,4,5
2016-05-21 04:10:00,60,45.12,14.88,14.88,False,Normal,22.89,13.4666666666667,45.9,92.3333333333333,3.8333333333333295,28.166666666666696,12.2333333333333,0,4,5
2016-05-21 04:20:00,60,45.34,14.66,14.66,False,Normal,22.89,13.3333333333333,45.9,92.6666666666667,3.6666666666666705,27.3333333333333,12.1666666666667,0,4,5
2016-05-21 04:30:00,50,48.82,1.18,1.18,False,Normal,22.89,13.2,45.9,93.0,3.5,26.5,12.1,0,4,5
2016-05-21 04:40:00,60,50.43,9.57,9.57,False,Normal,22.89,13.0666666666667,45.9,93.3333333333333,3.3333333333333295,25.666666666666696,12.0333333333333,0,4,5
2016-05-21 04:50:00,50,50.85,-0.85,0.85,False,Normal,22.89,12.9333333333333,45.9,93.6666666666667,3.16666666666667,24.8333333333333,11.9666666666667,0,4,5
2016-05-21 05:00:00,70,52.09,17.91,17.91,False,Normal,22.89,12.8,45.9,94.0,3.0,24.0,11.9,0,5,5
2016-05-21 05:10:00,40,52.41,-12.41,12.41,False,Normal,22.89,12.8333333333333,45.9,94.0,3.16666666666667,24.166666666666696,11.9333333333333,0,5,5
2016-05-21 05:20:00,50,50.32,-0.32,0.32,False,Normal,22.89,12.8666666666667,45.9,94.0,3.3333333333333295,24.3333333333333,11.9666666666667,0,5,5
2016-05-21 05:30:00,50,53.76,-3.76,3.76,False,Normal,22.89,12.9,45.9666666666667,94.0,3.5,24.5,12.0,0,5,5
2016-05-21 05:40:00,50,53.04,-3.04,3.04,False,Normal,22.89,12.9333333333333,46.0,94.0,3.6666666666666705,24.666666666666696,12.0333333333333,0,5,5
2016-05-21 05:50:00,50,53.5,-3.5,3.5,False,Normal,22.89,12.9666666666667,46.0,94.0,3.8333333333333295,24.8333333333333,12.0666666666667,0,5,5
2016-05-21 06:00:00,50,54.26,-4.26,4.26,False,Normal,22.8566666666667,13.0,45.9666666666667,94.0,4.0,25.0,12.1,0,6,5
2016-05-21 06:10:00,60,55.46,4.54,4.54,False,Normal,22.8566666666667,13.0833333333333,45.9666666666667,94.0,4.0,25.0,12.1833333333333,0,6,5
2016-05-21 06:20:00,60,55.83,4.17,4.17,False,Normal,22.89,13.1666666666667,46.0,94.0,4.0,25.0,12.2666666666667,0,6,5
2016-05-21 06:30:00,50,57.58,-7.58,7.58,False,Normal,22.89,13.25,46.0,94.0,4.0,25.0,12.35,0,6,5
2016-05-21 06:40:00,60,57.59,2.41,2.41,False,Normal,22.823333333333295,13.3333333333333,45.933333333333294,94.0,4.0,25.0,12.4333333333333,0,6,5
2016-05-21 06:50:00,80,57.45,22.55,22.55,False,Normal,22.89,13.4166666666667,46.0,94.0,4.0,25.0,12.5166666666667,0,6,5
2016-05-21 07:00:00,80,59.91,20.09,20.09,False,Normal,22.823333333333295,13.5,46.1,94.0,4.0,25.0,12.6,0,7,5
2016-05-21 07:10:00,50,58.42,-8.42,8.42,False,Normal,22.89,13.6666666666667,46.6333333333333,93.5,4.0,25.166666666666696,12.6833333333333,0,7,5
2016-05-21 07:20:00,50,55.5,-5.5,5.5,False,Normal,23.0,13.8333333333333,46.963333333333296,93.0,4.0,25.3333333333333,12.7666666666667,0,7,5
2016-05-21 07:30:00,60,60.25,-0.25,0.25,False,Normal,23.0,14.0,47.223333333333294,92.5,4.0,25.5,12.85,0,7,5
2016-05-21 07:40:00,50,61.32,-11.32,11.32,False,Normal,23.0,14.1666666666667,47.495,92.0,4.0,25.666666666666696,12.9333333333333,0,7,5
2016-05-21 07:50:00,50,60.1,-10.1,10.1,False,Normal,23.1,14.3333333333333,47.86,91.5,4.0,25.8333333333333,13.0166666666667,0,7,5
2016-05-21 08:00:00,80,62.92,17.08,17.08,False,Normal,23.1,14.5,48.06,91.0,4.0,26.0,13.1,0,8,5
2016-05-21 08:10:00,330,92.51,237.49,237.49,True,Moderate,23.1,14.7333333333333,48.4566666666667,90.0,4.0,26.5,13.15,10,8,5
2016-05-21 08:20:00,280,77.92,202.08,202.08,False,Normal,23.1,14.9666666666667,48.863333333333294,89.0,4.0,27.0,13.2,0,8,5
2016-05-21 08:30:00,130,84.78,45.22,45.22,False,Normal,23.066666666666695,15.2,49.0666666666667,88.0,4.0,27.5,13.25,0,8,5
2016-05-21 08:40:00,330,93.09,236.91,236.91,True,Moderate,23.066666666666695,15.4333333333333,49.33333333333329,87.0,4.0,28.0,13.3,0,8,5
2016-05-21 08:50:00,100,94.65,5.35,5.35,False,Normal,23.0,15.6666666666667,49.3266666666667,86.0,4.0,28.5,13.35,0,8,5
2016-05-21 09:00:00,100,105.86,-5.86,5.86,False,Normal,23.0,15.9,49.6,85.0,4.0,29.0,13.4,0,9,5
2016-05-21 09:10:00,80,111.65,-31.65,31.65,False,Normal,23.066666666666695,16.15,49.76,83.6666666666667,4.16666666666667,28.8333333333333,13.3833333333333,0,9,5
2016-05-21 09:20:00,90,120.44,-30.44,30.44,False,Normal,23.0,16.4,49.76,82.3333333333333,4.3333333333333295,28.666666666666696,13.3666666666667,0,9,5
2016-05-21 09:30:00,390,123.44,266.56,266.56,True,Moderate,23.0,16.65,50.1266666666667,81.0,4.5,28.5,13.35,0,9,5
2016-05-21 09:40:00,790,125.04,664.96,664.96,True,High,23.0,16.9,50.26,79.6666666666667,4.66666666666667,28.3333333333333,13.3333333333333,0,9,5
2016-05-21 09:50:00,410,131.82,278.18,278.18,True,Moderate,23.0,17.15,50.26,78.3333333333333,4.8333333333333295,28.166666666666696,13.3166666666667,0,9,5
2016-05-21 10:00:00,270,145.91,124.09,124.09,False,Normal,22.9266666666667,17.4,50.26,77.0,5.0,28.0,13.3,0,10,5
2016-05-21 10:10:00,340,163.74,176.26,176.26,False,Normal,23.0,17.5833333333333,50.363333333333294,75.3333333333333,5.16666666666667,30.0,13.1333333333333,0,10,5
2016-05-21 10:20:00,270,170.3,99.7,99.7,False,Normal,23.0,17.7666666666667,50.49,73.6666666666667,5.3333333333333295,32.0,12.9666666666667,0,10,5
2016-05-21 10:30:00,340,180.11,159.89,159.89,False,Normal,23.0,17.95,50.69333333333329,72.0,5.5,34.0,12.8,0,10,5
2016-05-21 10:40:00,610,182.12,427.88,427.88,True,High,23.0,18.1333333333333,50.69333333333329,70.3333333333333,5.66666666666667,36.0,12.6333333333333,0,10,5
2016-05-21 10:50:00,470,183.84,286.16,286.16,True,Moderate,23.1,18.316666666666695,51.0,68.6666666666667,5.8333333333333295,38.0,12.4666666666667,0,10,5
2016-05-21 11:00:00,110,175.5,-65.5,65.5,False,Normal,23.05,18.5,50.9675,67.0,6.0,40.0,12.3,0,11,5
2016-05-21 11:10:00,590,177.68,412.32,412.32,True,High,23.1,18.6333333333333,51.6233333333333,66.6666666666667,6.16666666666667,40.0,12.3333333333333,0,11,5
2016-05-21 11:20:00,720,185.68,534.32,534.32,True,High,23.1,18.7666666666667,51.99,66.3333333333333,6.3333333333333295,40.0,12.3666666666667,0,11,5
2016-05-21 11:30:00,600,182.24,417.76,417.76,True,High,23.1527142857143,18.9,51.8258571428571,66.0,6.5,40.0,12.4,0,11,5
2016-05-21 11:40:00,260,180.55,79.45,79.45,False,Normal,23.2054285714286,19.033333333333296,51.6617142857143,65.6666666666667,6.66666666666667,40.0,12.4333333333333,0,11,5
2016-05-21 11:50:00,310,178.87,131.13,131.13,False,Normal,23.2581428571429,19.1666666666667,51.4975714285714,65.3333333333333,6.8333333333333295,40.0,12.4666666666667,0,11,5
2016-05-21 12:00:00,270,178.1,91.9,91.9,False,Normal,23.310857142857095,19.3,51.3334285714286,65.0,7.0,40.0,12.5,0,12,5
2016-05-21 12:10:00,250,176.37,73.63,73.63,False,Normal,23.3635714285714,19.433333333333305,51.1692857142857,64.8333333333333,7.0,40.0,12.5833333333333,0,12,5
2016-05-21 12:20:00,270,174.65,95.35,95.35,False,Normal,23.416285714285696,19.566666666666695,51.00514285714289,64.6666666666667,7.0,40.0,12.6666666666667,0,12,5
2016-05-21 12:30:00,230,172.93,57.07,57.07,False,Normal,23.469,19.7,50.841,64.5,7.0,40.0,12.75,0,12,5
2016-05-21 12:40:00,200,171.2,28.8,28.8,False,Normal,23.5217142857143,19.8333333333333,50.6768571428571,64.3333333333333,7.0,40.0,12.8333333333333,0,12,5
2016-05-21 12:50:00,150,169.48,-19.48,19.48,False,Normal,23.5744285714286,19.9666666666667,50.5127142857143,64.1666666666667,7.0,40.0,12.9166666666667,0,12,5
2016-05-21 13:00:00,80,168.67,-88.67,88.67,False,Normal,23.6271428571429,20.1,50.3485714285714,64.0,7.0,40.0,13.0,0,13,5
2016-05-21 13:10:00,550,186.47,363.53,363.53,True,High,23.679857142857095,20.3333333333333,50.1844285714286,62.83333333333329,7.0,40.0,12.9333333333333,10,13,5
2016-05-21 13:20:00,620,163.09,456.91,456.91,True,High,23.7325714285714,20.566666666666695,50.0202857142857,61.66666666666671,7.0,40.0,12.8666666666667,0,13,5
2016-05-21 13:30:00,250,160.29,89.71,89.71,False,Normal,23.785285714285695,20.8,49.8561428571429,60.5,7.0,40.0,12.8,0,13,5
2016-05-21 13:40:00,300,157.5,142.5,142.5,False,Normal,23.838,21.033333333333296,49.692,59.33333333333329,7.0,40.0,12.7333333333333,0,13,5
2016-05-21 13:50:00,260,154.71,105.29,105.29,False,Normal,23.890714285714296,21.2666666666667,49.5278571428571,58.16666666666671,7.0,40.0,12.6666666666667,0,13,5
2016-05-21 14:00:00,220,152.83,67.17,67.17,False,Normal,23.9434285714286,21.5,49.3637142857143,57.0,7.0,40.0,12.6,0,14,5
2016-05-21 14:10:00,270,171.8,98.2,98.2,False,Normal,23.9961428571429,21.6,49.1995714285714,56.83333333333329,7.0,40.0,12.6333333333333,10,14,5
2016-05-21 14:20:00,220,149.6,70.4,70.4,False,Normal,24.048857142857095,21.7,49.0354285714286,56.66666666666671,7.0,40.0,12.6666666666667,0,14,5
2016-05-21 14:30:00,110,147.99,-37.99,37.99,False,Normal,24.1015714285714,21.8,48.8712857142857,56.5,7.0,40.0,12.7,0,14,5
2016-05-21 14:40:00,480,146.37,333.63,333.63,True,High,24.154285714285695,21.9,48.7071428571429,56.33333333333329,7.0,40.0,12.7333333333333,0,14,5
2016-05-21 14:50:00,520,144.76,375.24,375.24,True,High,24.207,22.0,48.543,56.16666666666671,7.0,40.0,12.7666666666667,0,14,5
2016-05-21 15:00:00,380,144.06,235.94,235.94,True,Moderate,24.259714285714296,22.1,48.37885714285711,56.0,7.0,40.0,12.8,0,15,5
2016-05-21 15:10:00,550,141.88,408.12,408.12,True,High,24.3124285714286,22.2,48.2147142857143,55.0,7.0,40.0,12.6166666666667,0,15,5
2016-05-21 15:20:00,540,139.7,400.3,400.3,True,High,24.365142857142896,22.3,48.0505714285714,54.0,7.0,40.0,12.4333333333333,0,15,5
2016-05-21 15:30:00,340,158.11,181.89,181.89,False,Normal,24.417857142857095,22.4,47.8864285714286,53.0,7.0,40.0,12.25,10,15,5
2016-05-21 15:40:00,220,135.34,84.66,84.66,False,Normal,24.4705714285714,22.5,47.7222857142857,52.0,7.0,40.0,12.0666666666667,0,15,5
2016-05-21 15:50:00,140,133.16,6.84,6.84,False,Normal,24.523285714285695,22.6,47.5581428571429,51.0,7.0,40.0,11.8833333333333,0,15,5
2016-05-21 16:00:00,110,131.9,-21.9,21.9,False,Normal,24.576,22.7,47.394,50.0,7.0,40.0,11.7,0,16,5
2016-05-21 16:10:00,90,130.51,-40.51,40.51,False,Normal,24.628714285714295,22.7666666666667,47.2298571428571,49.83333333333329,7.0,40.0,11.7333333333333,0,16,5
2016-05-21 16:20:00,110,149.71,-39.71,39.71,False,Normal,24.6814285714286,22.8333333333333,47.06571428571431,49.66666666666671,7.0,40.0,11.7666666666667,10,16,5
2016-05-21 16:30:00,100,127.74,-27.74,27.74,False,Normal,24.734142857142896,22.9,46.9015714285714,49.5,7.0,40.0,11.8,0,16,5
2016-05-21 16:40:00,90,126.35,-36.35,36.35,False,Normal,24.786857142857105,22.9666666666667,46.7374285714286,49.33333333333329,7.0,40.0,11.8333333333333,0,16,5
2016-05-21 16:50:00,100,124.96,-24.96,24.96,False,Normal,24.8395714285714,23.033333333333296,46.573285714285696,49.16666666666671,7.0,40.0,11.8666666666667,0,16,5
2016-05-21 17:00:00,120,124.49,-4.49,4.49,False,Normal,24.892285714285695,23.1,46.409142857142896,49.0,7.0,40.0,11.9,0,17,5
2016-05-21 17:10:00,110,124.13,-14.13,14.13,False,Normal,24.945,23.05,46.245,49.83333333333329,6.8333333333333295,40.0,12.0833333333333,0,17,5
2016-05-21 17:20:00,90,124.71,-34.71,34.71,False,Normal,24.89,23.0,46.4,50.66666666666671,6.66666666666667,40.0,12.2666666666667,0,17,5
2016-05-21 17:30:00,80,125.06,-45.06,45.06,False,Normal,24.8854545454545,22.95,46.4699090909091,51.5,6.5,40.0,12.45,0,17,5
2016-05-21 17:40:00,90,146.0,-56.0,56.0,False,Normal,24.8809090909091,22.9,46.5398181818182,52.33333333333329,6.3333333333333295,40.0,12.6333333333333,10,17,5
2016-05-21 17:50:00,80,125.77,-45.77,45.77,False,Normal,24.8763636363636,22.85,46.6097272727273,53.16666666666671,6.16666666666667,40.0,12.8166666666667,0,17,5
2016-05-21 18:00:00,150,127.04,22.96,22.96,False,Normal,24.8718181818182,22.8,46.6796363636364,54.0,6.0,40.0,13.0,0,18,5
2016-05-21 18:10:00,130,127.71,2.29,2.29,False,Normal,24.867272727272695,22.683333333333305,46.7495454545455,54.33333333333329,6.16666666666667,40.0,13.0,0,18,5
2016-05-21 18:20:00,120,148.97,-28.97,28.97,False,Normal,24.862727272727305,22.566666666666695,46.8194545454545,54.66666666666671,6.3333333333333295,40.0,13.0,10,18,5
2016-05-21 18:30:00,120,129.06,-9.06,9.06,False,Normal,24.8581818181818,22.45,46.8893636363636,55.0,6.5,40.0,13.0,0,18,5
2016-05-21 18:40:00,120,129.73,-9.73,9.73,False,Normal,24.8536363636364,22.3333333333333,46.9592727272727,55.33333333333329,6.66666666666667,40.0,13.0,0,18,5
2016-05-21 18:50:00,110,150.99,-40.99,40.99,False,Normal,24.8490909090909,22.2166666666667,47.0291818181818,55.66666666666671,6.8333333333333295,40.0,13.0,10,18,5
2016-05-21 19:00:00,110,152.57,-42.57,42.57,False,Normal,24.8445454545455,22.1,47.0990909090909,56.0,7.0,40.0,13.0,10,19,5
2016-05-21 19:10:00,110,153.57,-43.57,43.57,False,Normal,24.84,21.866666666666696,47.169,57.16666666666671,6.5,40.0,13.0666666666667,10,19,5
2016-05-21 19:20:00,110,154.56,-44.56,44.56,False,Normal,24.8354545454545,21.6333333333333,47.2389090909091,58.33333333333329,6.0,40.0,13.1333333333333,10,19,5
2016-05-21 19:30:00,110,155.55,-45.55,45.55,False,Normal,24.830909090909095,21.4,47.3088181818182,59.5,5.5,40.0,13.2,10,19,5
2016-05-21 19:40:00,110,156.55,-46.55,46.55,False,Normal,24.8263636363636,21.1666666666667,47.378727272727296,60.66666666666671,5.0,40.0,13.2666666666667,10,19,5
2016-05-21 19:50:00,100,157.54,-57.54,57.54,False,Normal,24.8218181818182,20.933333333333305,47.4486363636364,61.83333333333329,4.5,40.0,13.3333333333333,10,19,5
2016-05-21 20:00:00,110,159.45,-49.45,49.45,False,Normal,24.817272727272705,20.7,47.5185454545455,63.0,4.0,40.0,13.4,10,20,5
2016-05-21 20:10:00,100,182.05,-82.05,82.05,False,Normal,24.8127272727273,20.3833333333333,47.588454545454496,65.1666666666667,3.6666666666666705,40.0,13.5666666666667,20,20,5
2016-05-21 20:20:00,100,163.47,-63.47,63.47,False,Normal,24.8081818181818,20.066666666666695,47.6583636363636,67.3333333333333,3.3333333333333295,40.0,13.7333333333333,10,20,5
2016-05-21 20:30:00,100,144.89,-44.89,44.89,False,Normal,24.8036363636364,19.75,47.7282727272727,69.5,3.0,40.0,13.9,0,20,5
2016-05-21 20:40:00,70,167.49,-97.49,97.49,False,Normal,24.7990909090909,19.433333333333305,47.7981818181818,71.6666666666667,2.66666666666667,40.0,14.0666666666667,10,20,5
2016-05-21 20:50:00,90,169.49,-79.49,79.49,False,Normal,24.794545454545496,19.116666666666696,47.868090909090895,73.8333333333333,2.3333333333333295,40.0,14.2333333333333,10,20,5
2016-05-21 21:00:00,100,172.42,-72.42,72.42,False,Normal,24.79,18.8,47.938,76.0,2.0,40.0,14.4,10,21,5
2016-05-21 21:10:00,110,171.75,-61.75,61.75,False,Normal,24.785454545454495,18.816666666666695,48.0079090909091,75.3333333333333,2.0,40.0,14.3,10,21,5
2016-05-21 21:20:00,340,150.49,189.51,189.51,False,Normal,24.780909090909095,18.8333333333333,48.0778181818182,74.6666666666667,2.0,40.0,14.2,0,21,5
2016-05-21 21:30:00,90,149.82,-59.82,59.82,False,Normal,24.7763636363636,18.85,48.147727272727295,74.0,2.0,40.0,14.1,0,21,5
2016-05-21 21:40:00,90,149.15,-59.15,59.15,False,Normal,24.7718181818182,18.866666666666696,48.2176363636364,73.3333333333333,2.0,40.0,14.0,0,21,5
2016-05-21 21:50:00,80,148.48,-68.48,68.48,False,Normal,24.7672727272727,18.8833333333333,48.2875454545455,72.6666666666667,2.0,40.0,13.9,0,21,5
2016-05-21 22:00:00,90,148.73,-58.73,58.73,False,Normal,24.7627272727273,18.9,48.357454545454495,72.0,2.0,40.0,13.8,0,22,5
2016-05-21 22:10:00,60,148.72,-88.72,88.72,False,Normal,24.7581818181818,18.9,48.4273636363636,72.3333333333333,2.16666666666667,40.0,13.85,0,22,5
2016-05-21 22:20:00,80,148.7,-68.7,68.7,False,Normal,24.7536363636364,18.9,48.4972727272727,72.6666666666667,2.3333333333333295,40.0,13.9,0,22,5
2016-05-21 22:30:00,70,148.69,-78.69,78.69,False,Normal,24.749090909090896,18.9,48.5671818181818,73.0,2.5,40.0,13.95,0,22,5
2016-05-21 22:40:00,70,148.68,-78.68,78.68,False,Normal,24.744545454545495,18.9,48.637090909090894,73.3333333333333,2.66666666666667,40.0,14.0,0,22,5
2016-05-21 22:50:00,70,148.66,-78.66,78.66,False,Normal,24.74,18.9,48.707,73.6666666666667,2.8333333333333295,40.0,14.05,0,22,5
2016-05-21 23:00:00,70,149.56,-79.56,79.56,False,Normal,24.735454545454495,18.9,48.7769090909091,74.0,3.0,40.0,14.1,0,23,5
2016-05-21 23:10:00,160,150.23,9.77,9.77,False,Normal,24.7309090909091,18.75,48.8468181818182,74.8333333333333,2.8333333333333295,40.0,14.1333333333333,0,23,5
2016-05-21 23:20:00,410,150.9,259.1,259.1,True,Moderate,24.7263636363636,18.6,48.91672727272729,75.6666666666667,2.66666666666667,40.0,14.1666666666667,0,23,5
2016-05-21 23:30:00,140,151.57,-11.57,11.57,False,Normal,24.7218181818182,18.45,48.9866363636364,76.5,2.5,40.0,14.2,0,23,5
2016-05-21 23:40:00,60,152.23,-92.23,92.23,False,Normal,24.7172727272727,18.3,49.05654545454551,77.3333333333333,2.3333333333333295,40.0,14.2333333333333,0,23,5
2016-05-21 23:50:00,50,152.9,-102.9,102.9,False,Normal,24.7127272727273,18.15,49.12645454545449,78.1666666666667,2.16666666666667,40.0,14.2666666666667,0,23,5
2016-05-22 00:00:00,60,131.85,-71.85,71.85,False,Normal,24.7081818181818,18.0,49.1963636363636,79.0,2.0,40.0,14.3,0,0,6
2016-05-22 00:10:00,60,132.55,-72.55,72.55,False,Normal,24.7036363636364,17.8666666666667,49.26627272727271,79.8333333333333,2.0,40.0,14.3333333333333,0,0,6
2016-05-22 00:20:00,60,133.26,-73.26,73.26,False,Normal,24.699090909090895,17.7333333333333,49.3361818181818,80.6666666666667,2.0,40.0,14.3666666666667,0,0,6
2016-05-22 00:30:00,60,133.96,-73.96,73.96,False,Normal,24.6945454545455,17.6,49.4060909090909,81.5,2.0,40.0,14.4,0,0,6
2016-05-22 00:40:00,60,134.66,-74.66,74.66,False,Normal,24.69,17.4666666666667,49.476,82.3333333333333,2.0,40.0,14.4333333333333,0,0,6
2016-05-22 00:50:00,60,135.36,-75.36,75.36,False,Normal,24.6854545454545,17.3333333333333,49.5459090909091,83.1666666666667,2.0,40.0,14.4666666666667,0,0,6
2016-05-22 01:00:00,50,136.98,-86.98,86.98,False,Normal,24.6809090909091,17.2,49.6158181818182,84.0,2.0,40.0,14.5,0,1,6
2016-05-22 01:10:00,60,135.8,-75.8,75.8,False,Normal,24.6763636363636,17.3,49.6857272727273,82.8333333333333,2.16666666666667,40.0,14.3666666666667,0,1,6
2016-05-22 01:20:00,60,134.62,-74.62,74.62,False,Normal,24.6718181818182,17.4,49.7556363636364,81.6666666666667,2.3333333333333295,40.0,14.2333333333333,0,1,6
2016-05-22 01:30:00,50,133.44,-83.44,83.44,False,Normal,24.667272727272696,17.5,49.8255454545455,80.5,2.5,40.0,14.1,0,1,6
2016-05-22 01:40:00,60,132.26,-72.26,72.26,False,Normal,24.662727272727295,17.6,49.8954545454545,79.3333333333333,2.66666666666667,40.0,13.9666666666667,0,1,6
2016-05-22 01:50:00,60,131.09,-71.09,71.09,False,Normal,24.6581818181818,17.7,49.9653636363636,78.1666666666667,2.8333333333333295,40.0,13.8333333333333,0,1,6
2016-05-22 02:00:00,50,130.83,-80.83,80.83,False,Normal,24.6536363636364,17.8,50.0352727272727,77.0,3.0,40.0,13.7,0,2,6
2016-05-22 02:10:00,50,130.47,-80.47,80.47,False,Normal,24.6490909090909,17.7666666666667,50.1051818181818,77.0,2.8333333333333295,40.0,13.65,0,2,6
2016-05-22 02:20:00,50,130.11,-80.11,80.11,False,Normal,24.6445454545455,17.7333333333333,50.1750909090909,77.0,2.66666666666667,40.0,13.6,0,2,6
2016-05-22 02:30:00,50,129.75,-79.75,79.75,False,Normal,24.64,17.7,50.245,77.0,2.5,40.0,13.55,0,2,6
2016-05-22 02:40:00,50,129.39,-79.39,79.39,False,Normal,24.6354545454545,17.6666666666667,50.3149090909091,77.0,2.3333333333333295,40.0,13.5,0,2,6
2016-05-22 02:50:00,60,129.03,-69.03,69.03,False,Normal,24.6309090909091,17.6333333333333,50.3848181818182,77.0,2.16666666666667,40.0,13.45,0,2,6
2016-05-22 03:00:00,50,129.58,-79.58,79.58,False,Normal,24.6263636363636,17.6,50.4547272727273,77.0,2.0,40.0,13.4,0,3,6
2016-05-22 03:10:00,50,130.03,-80.03,80.03,False,Normal,24.6218181818182,17.4666666666667,50.5246363636364,77.6666666666667,1.8333333333333297,40.0,13.4,0,3,6
2016-05-22 03:20:00,60,130.47,-70.47,70.47,False,Normal,24.617272727272695,17.3333333333333,50.5945454545455,78.3333333333333,1.66666666666667,40.0,13.4,0,3,6
2016-05-22 03:30:00,50,130.91,-80.91,80.91,False,Normal,24.612727272727305,17.2,50.6644545454545,79.0,1.5,40.0,13.4,0,3,6
2016-05-22 03:40:00,60,131.35,-71.35,71.35,False,Normal,24.6081818181818,17.0666666666667,50.7343636363636,79.6666666666667,1.33333333333333,40.0,13.4,0,3,6
2016-05-22 03:50:00,50,131.8,-81.8,81.8,False,Normal,24.6036363636364,16.9333333333333,50.8042727272727,80.3333333333333,1.16666666666667,40.0,13.4,0,3,6
2016-05-22 04:00:00,60,133.16,-73.16,73.16,False,Normal,24.5990909090909,16.8,50.8741818181818,81.0,1.0,40.0,13.4,0,4,6
2016-05-22 04:10:00,50,135.84,-85.84,85.84,False,Normal,24.5945454545455,16.45,50.944090909090896,83.0,1.5,40.0,13.4166666666667,0,4,6
2016-05-22 04:20:00,60,138.52,-78.52,78.52,False,Normal,24.59,16.1,51.014,85.0,2.0,40.0,13.4333333333333,0,4,6
2016-05-22 04:30:00,50,141.2,-91.2,91.2,False,Normal,24.5854545454545,15.75,51.0839090909091,87.0,2.5,40.0,13.45,0,4,6
2016-05-22 04:40:00,60,143.89,-83.89,83.89,False,Normal,24.580909090909095,15.4,51.1538181818182,89.0,3.0,40.0,13.4666666666667,0,4,6
2016-05-22 04:50:00,50,146.57,-96.57,96.57,False,Normal,24.5763636363636,15.05,51.223727272727295,91.0,3.5,40.0,13.4833333333333,0,4,6
2016-05-22 05:00:00,60,150.17,-90.17,90.17,False,Normal,24.5718181818182,14.7,51.2936363636364,93.0,4.0,40.0,13.5,0,5,6
2016-05-22 05:10:00,50,149.74,-99.74,99.74,False,Normal,24.567272727272705,14.6,51.3635454545455,93.8333333333333,3.5,37.66666666666669,13.55,0,5,6
2016-05-22 05:20:00,50,149.3,-99.3,99.3,False,Normal,24.5627272727273,14.5,51.433454545454495,94.6666666666667,3.0,35.3333333333333,13.6,0,5,6
2016-05-22 05:30:00,40,148.87,-108.87,108.87,False,Normal,24.5581818181818,14.4,51.5033636363636,95.5,2.5,33.0,13.65,0,5,6
2016-05-22 05:40:00,50,148.44,-98.44,98.44,False,Normal,24.5536363636364,14.3,51.5732727272727,96.3333333333333,2.0,30.666666666666696,13.7,0,5,6
2016-05-22 05:50:00,50,148.01,-98.01,98.01,False,Normal,24.5490909090909,14.2,51.6431818181818,97.1666666666667,1.5,28.3333333333333,13.75,0,5,6
2016-05-22 06:00:00,50,148.5,-98.5,98.5,False,Normal,24.544545454545496,14.1,51.713090909090894,98.0,1.0,26.0,13.8,0,6,6
2016-05-22 06:10:00,50,148.08,-98.08,98.08,False,Normal,24.54,14.1833333333333,51.783,97.8333333333333,1.33333333333333,25.8333333333333,13.85,0,6,6
2016-05-22 06:20:00,60,147.66,-87.66,87.66,False,Normal,24.535454545454495,14.2666666666667,51.8529090909091,97.6666666666667,1.66666666666667,25.666666666666696,13.9,0,6,6
2016-05-22 06:30:00,70,147.24,-77.24,77.24,False,Normal,24.530909090909095,14.35,51.9228181818182,97.5,2.0,25.5,13.95,0,6,6
2016-05-22 06:40:00,60,146.82,-86.82,86.82,False,Normal,24.5263636363636,14.4333333333333,51.99272727272729,97.3333333333333,2.3333333333333295,25.3333333333333,14.0,0,6,6
2016-05-22 06:50:00,60,146.4,-86.4,86.4,False,Normal,24.5218181818182,14.5166666666667,52.0626363636364,97.1666666666667,2.66666666666667,25.166666666666696,14.05,0,6,6
2016-05-22 07:00:00,60,146.9,-86.9,86.9,False,Normal,24.5172727272727,14.6,52.13254545454551,97.0,3.0,25.0,14.1,0,7,6
2016-05-22 07:10:00,60,146.81,-86.81,86.81,False,Normal,24.5127272727273,14.6833333333333,52.2024545454546,96.8333333333333,3.16666666666667,27.5,14.15,0,7,6
2016-05-22 07:20:00,60,146.72,-86.72,86.72,False,Normal,24.5081818181818,14.7666666666667,52.2723636363636,96.6666666666667,3.3333333333333295,30.0,14.2,0,7,6
2016-05-22 07:30:00,70,146.63,-76.63,76.63,False,Normal,24.5036363636364,14.85,52.34227272727271,96.5,3.5,32.5,14.25,0,7,6
2016-05-22 07:40:00,70,146.54,-76.54,76.54,False,Normal,24.499090909090896,14.9333333333333,52.4121818181818,96.3333333333333,3.6666666666666705,35.0,14.3,0,7,6
2016-05-22 07:50:00,60,146.45,-86.45,86.45,False,Normal,24.494545454545495,15.0166666666667,52.48209090909089,96.1666666666667,3.8333333333333295,37.5,14.35,0,7,6
2016-05-22 08:00:00,60,167.87,-107.87,107.87,False,Normal,24.49,15.1,52.552,96.0,4.0,40.0,14.4,10,8,6
2016-05-22 08:10:00,50,146.52,-96.52,96.52,False,Normal,24.485454545454495,15.1333333333333,52.6219090909091,95.5,3.8333333333333295,40.0,14.3666666666667,0,8,6
2016-05-22 08:20:00,60,145.75,-85.75,85.75,False,Normal,24.4809090909091,15.1666666666667,52.6918181818182,95.0,3.6666666666666705,40.0,14.3333333333333,0,8,6
2016-05-22 08:30:00,220,144.98,75.02,75.02,False,Normal,24.4763636363636,15.2,52.7617272727273,94.5,3.5,40.0,14.3,0,8,6
2016-05-22 08:40:00,490,144.21,345.79,345.79,True,High,24.4718181818182,15.2333333333333,52.8316363636364,94.0,3.3333333333333295,40.0,14.2666666666667,0,8,6
2016-05-22 08:50:00,260,143.45,116.55,116.55,False,Normal,24.4672727272727,15.2666666666667,52.9015454545455,93.5,3.16666666666667,40.0,14.2333333333333,0,8,6
2016-05-22 09:00:00,120,143.6,-23.6,23.6,False,Normal,24.4627272727273,15.3,52.9714545454545,93.0,3.0,40.0,14.2,0,9,6
2016-05-22 09:10:00,120,142.93,-22.93,22.93,False,Normal,24.4581818181818,15.4166666666667,53.0413636363636,93.0,3.16666666666667,40.0,14.3,0,9,6
2016-05-22 09:20:00,100,142.27,-42.27,42.27,False,Normal,24.4536363636364,15.5333333333333,53.1112727272727,93.0,3.3333333333333295,40.0,14.4,0,9,6
2016-05-22 09:30:00,130,141.6,-11.6,11.6,False,Normal,24.449090909090895,15.65,53.1811818181818,93.0,3.5,40.0,14.5,0,9,6
2016-05-22 09:40:00,100,140.94,-40.94,40.94,False,Normal,24.4445454545455,15.7666666666667,53.2510909090909,93.0,3.6666666666666705,40.0,14.6,0,9,6
2016-05-22 09:50:00,110,140.27,-30.27,30.27,False,Normal,24.44,15.8833333333333,53.321,93.0,3.8333333333333295,40.0,14.7,0,9,6
2016-05-22 10:00:00,80,140.53,-60.53,60.53,False,Normal,24.4354545454545,16.0,53.3909090909091,93.0,4.0,40.0,14.8,0,10,6
2016-05-22 10:10:00,90,140.31,-50.31,50.31,False,Normal,24.4309090909091,15.9666666666667,53.4608181818182,93.1666666666667,3.8333333333333295,40.0,14.8,0,10,6
2016-05-22 10:20:00,80,140.09,-60.09,60.09,False,Normal,24.4263636363636,15.9333333333333,53.5307272727273,93.3333333333333,3.6666666666666705,40.0,14.8,0,10,6
2016-05-22 10:30:00,150,139.87,10.13,10.13,False,Normal,24.4218181818182,15.9,53.6006363636364,93.5,3.5,40.0,14.8,0,10,6
2016-05-22 10:40:00,490,139.66,350.34,350.34,True,High,24.417272727272696,15.8666666666667,53.6705454545455,93.6666666666667,3.3333333333333295,40.0,14.8,0,10,6
2016-05-22 10:50:00,320,139.44,180.56,180.56,False,Normal,24.412727272727295,15.8333333333333,53.7404545454545,93.8333333333333,3.16666666666667,40.0,14.8,0,10,6
2016-05-22 11:00:00,360,140.14,219.86,219.86,True,Moderate,24.4081818181818,15.8,53.8103636363636,94.0,3.0,40.0,14.8,0,11,6
2016-05-22 11:10:00,470,139.5,330.5,330.5,True,High,24.4036363636364,15.8333333333333,53.8802727272727,93.5,3.3333333333333295,38.16666666666669,14.7666666666667,0,11,6
2016-05-22 11:20:00,410,138.86,271.14,271.14,True,Moderate,24.3990909090909,15.8666666666667,53.9501818181818,93.0,3.6666666666666705,36.33333333333329,14.7333333333333,0,11,6
2016-05-22 11:30:00,290,138.22,151.78,151.78,False,Normal,24.3945454545455,15.9,54.0200909090909,92.5,4.0,34.5,14.7,0,11,6
2016-05-22 11:40:00,280,137.58,142.42,142.42,False,Normal,24.39,15.9333333333333,54.09,92.0,4.3333333333333295,32.66666666666669,14.6666666666667,0,11,6
2016-05-22 11:50:00,250,138.38,111.62,111.62,False,Normal,24.4266666666667,15.9666666666667,53.7966666666667,91.5,4.66666666666667,30.8333333333333,14.6333333333333,0,11,6
2016-05-22 12:00:00,190,144.35,45.65,45.65,False,Normal,24.5,16.0,53.6633333333333,91.0,5.0,29.0,14.6,0,12,6
2016-05-22 12:10:00,130,150.99,-20.99,20.99,False,Normal,24.5,15.9666666666667,53.363333333333294,91.0,4.66666666666667,29.0,14.5666666666667,0,12,6
2016-05-22 12:20:00,110,152.42,-42.42,42.42,False,Normal,24.4266666666667,15.9333333333333,53.1566666666667,91.0,4.3333333333333295,29.0,14.5333333333333,0,12,6
2016-05-22 12:30:00,110,143.24,-33.24,33.24,False,Normal,24.4266666666667,15.9,52.863333333333294,91.0,4.0,29.0,14.5,0,12,6
2016-05-22 12:40:00,120,151.9,-31.9,31.9,False,Normal,24.5,15.8666666666667,53.73,91.0,3.6666666666666705,29.0,14.4666666666667,0,12,6
2016-05-22 12:50:00,100,158.2,-58.2,58.2,False,Normal,24.533333333333296,15.8333333333333,54.66666666666671,91.0,3.3333333333333295,29.0,14.4333333333333,0,12,6
2016-05-22 13:00:00,100,140.38,-40.38,40.38,False,Normal,24.6,15.8,53.8666666666667,91.0,3.0,29.0,14.4,0,13,6
2016-05-22 13:10:00,100,127.1,-27.1,27.1,False,Normal,24.6,15.8833333333333,53.33333333333329,90.6666666666667,3.0,30.8333333333333,14.4,0,13,6
2016-05-22 13:20:00,110,124.44,-14.44,14.44,False,Normal,24.6666666666667,15.9666666666667,53.1266666666667,90.3333333333333,3.0,32.66666666666669,14.4,0,13,6
2016-05-22 13:30:00,110,118.9,-8.9,8.9,False,Normal,24.7,16.05,52.83333333333329,90.0,3.0,34.5,14.4,0,13,6
2016-05-22 13:40:00,100,113.67,-13.67,13.67,False,Normal,24.7,16.1333333333333,52.6266666666667,89.6666666666667,3.0,36.33333333333329,14.4,0,13,6
2016-05-22 13:50:00,100,109.51,-9.51,9.51,False,Normal,24.7,16.2166666666667,52.4666666666667,89.3333333333333,3.0,38.16666666666669,14.4,0,13,6
2016-05-22 14:00:00,110,106.72,3.28,3.28,False,Normal,24.7,16.3,52.4,89.0,3.0,40.0,14.4,0,14,6
2016-05-22 14:10:00,110,110.68,-0.68,0.68,False,Normal,24.7,16.4,52.545,88.3333333333333,3.0,40.0,14.4,0,14,6
2016-05-22 14:20:00,110,113.76,-3.76,3.76,False,Normal,24.7,16.5,52.7,87.6666666666667,3.0,40.0,14.4,0,14,6
2016-05-22 14:30:00,110,108.92,1.08,1.08,False,Normal,24.7,16.6,52.5666666666667,87.0,3.0,40.0,14.4,0,14,6
2016-05-22 14:40:00,100,105.32,-5.32,5.32,False,Normal,24.6666666666667,16.7,52.33333333333329,86.3333333333333,3.0,40.0,14.4,0,14,6
2016-05-22 14:50:00,100,104.13,-4.13,4.13,False,Normal,24.6,16.8,52.1266666666667,85.6666666666667,3.0,40.0,14.4,0,14,6
2016-05-22 15:00:00,90,109.99,-19.99,19.99,False,Normal,24.6333333333333,16.9,52.4,85.0,3.0,40.0,14.4,0,15,6
2016-05-22 15:10:00,100,111.08,-11.08,11.08,False,Normal,24.7,16.7833333333333,52.2666666666667,85.8333333333333,3.0,37.83333333333329,14.4333333333333,0,15,6
2016-05-22 15:20:00,100,109.62,-9.62,9.62,False,Normal,24.7,16.6666666666667,52.1633333333333,86.6666666666667,3.0,35.66666666666669,14.4666666666667,0,15,6
2016-05-22 15:30:00,110,113.05,-3.05,3.05,False,Normal,24.7,16.55,52.1633333333333,87.5,3.0,33.5,14.5,0,15,6
2016-05-22 15:40:00,90,113.05,-23.05,23.05,False,Normal,24.6333333333333,16.4333333333333,52.2,88.3333333333333,3.0,31.3333333333333,14.5333333333333,0,15,6
2016-05-22 15:50:00,90,114.77,-24.77,24.77,False,Normal,24.7,16.3166666666667,52.2,89.1666666666667,3.0,29.166666666666696,14.5666666666667,0,15,6
2016-05-22 16:00:00,90,118.44,-28.44,28.44,False,Normal,24.7,16.2,52.1633333333333,90.0,3.0,27.0,14.6,0,16,6
2016-05-22 16:10:00,80,113.63,-33.63,33.63,False,Normal,24.7,16.25,52.09,90.0,2.8333333333333295,29.166666666666696,14.6333333333333,0,16,6
2016-05-22 16:20:00,100,110.63,-10.63,10.63,False,Normal,24.7,16.3,52.09,90.0,2.66666666666667,31.3333333333333,14.6666666666667,0,16,6
2016-05-22 16:30:00,90,110.21,-20.21,20.21,False,Normal,24.7,16.35,52.09,90.0,2.5,33.5,14.7,0,16,6
2016-05-22 16:40:00,90,107.29,-17.29,17.29,False,Normal,24.7,16.4,51.9666666666667,90.0,2.3333333333333295,35.66666666666669,14.7333333333333,0,16,6
2016-05-22 16:50:00,80,102.16,-22.16,22.16,False,Normal,24.7,16.45,51.9,90.0,2.16666666666667,37.83333333333329,14.7666666666667,0,16,6
2016-05-22 17:00:00,210,100.99,109.01,109.01,False,Normal,24.7,16.5,51.9,90.0,2.0,40.0,14.8,0,17,6
2016-05-22 17:10:00,440,102.21,337.79,337.79,True,High,24.7,16.3833333333333,51.9,90.6666666666667,2.0,37.5,14.8,0,17,6
2016-05-22 17:20:00,340,100.65,239.35,239.35,True,Moderate,24.7,16.2666666666667,51.963333333333296,91.3333333333333,2.0,35.0,14.8,0,17,6
2016-05-22 17:30:00,240,100.21,139.79,139.79,False,Normal,24.7225,16.15,52.1925,92.0,2.0,32.5,14.8,0,17,6
2016-05-22 17:40:00,200,98.18,101.82,101.82,False,Normal,24.79,16.0333333333333,52.6333333333333,92.6666666666667,2.0,30.0,14.8,0,17,6
2016-05-22 17:50:00,160,91.8,68.2,68.2,False,Normal,24.823333333333295,15.9166666666667,52.6566666666667,93.3333333333333,2.0,27.5,14.8,0,17,6
2016-05-22 18:00:00,130,86.21,43.79,43.79,False,Normal,24.89,15.8,52.93,94.0,2.0,25.0,14.8,0,18,6
2016-05-22 18:10:00,110,86.01,23.99,23.99,False,Normal,24.89,15.85,53.1566666666667,94.0,2.0,25.166666666666696,14.85,0,18,6
2016-05-22 18:20:00,120,85.65,34.35,34.35,False,Normal,24.89,15.9,53.363333333333294,94.0,2.0,25.3333333333333,14.9,0,18,6
2016-05-22 18:30:00,110,85.36,24.64,24.64,False,Normal,24.89,15.95,53.1633333333333,94.0,2.0,25.5,14.95,0,18,6
2016-05-22 18:40:00,120,86.37,33.63,33.63,False,Normal,24.89,16.0,53.03,94.0,2.0,25.666666666666696,15.0,0,18,6
2016-05-22 18:50:00,130,102.47,27.53,27.53,False,Normal,24.89,16.05,52.6333333333333,94.0,2.0,25.8333333333333,15.05,10,18,6
2016-05-22 19:00:00,110,82.45,27.55,27.55,False,Normal,24.89,16.1,52.433333333333294,94.0,2.0,26.0,15.1,0,19,6
2016-05-22 19:10:00,110,81.18,28.82,28.82,False,Normal,24.89,15.9666666666667,52.29,94.0,2.0,28.3333333333333,14.9833333333333,0,19,6
2016-05-22 19:20:00,110,80.3,29.7,29.7,False,Normal,24.89,15.8333333333333,52.23,94.0,2.0,30.666666666666696,14.8666666666667,0,19,6
2016-05-22 19:30:00,90,76.58,13.42,13.42,False,Normal,24.89,15.7,51.9,94.0,2.0,33.0,14.75,0,19,6
2016-05-22 19:40:00,80,68.13,11.87,11.87,False,Normal,24.89,15.5666666666667,51.5666666666667,94.0,2.0,35.3333333333333,14.6333333333333,0,19,6
2016-05-22 19:50:00,80,67.47,12.53,12.53,False,Normal,24.963333333333296,15.4333333333333,51.363333333333294,94.0,2.0,37.66666666666669,14.5166666666667,0,19,6
2016-05-22 20:00:00,90,72.9,17.1,17.1,False,Normal,24.89,15.3,51.23,94.0,2.0,40.0,14.4,0,20,6
2016-05-22 20:10:00,120,71.82,48.18,48.18,False,Normal,24.89,14.9166666666667,50.9666666666667,94.3333333333333,2.66666666666667,36.83333333333329,14.05,0,20,6
2016-05-22 20:20:00,120,72.08,47.92,47.92,False,Normal,24.89,14.5333333333333,50.8266666666667,94.6666666666667,3.3333333333333295,33.66666666666669,13.7,0,20,6
2016-05-22 20:30:00,130,73.68,56.32,56.32,False,Normal,24.89,14.15,50.59,95.0,4.0,30.5,13.35,0,20,6
2016-05-22 20:40:00,120,95.36,24.64,24.64,False,Normal,24.963333333333296,13.7666666666667,50.39,95.3333333333333,4.66666666666667,27.3333333333333,13.0,10,20,6
2016-05-22 20:50:00,120,75.77,44.23,44.23,False,Normal,24.945,13.3833333333333,50.09,95.6666666666667,5.3333333333333295,24.166666666666696,12.65,0,20,6
2016-05-22 21:00:00,90,83.43,6.57,6.57,False,Normal,24.89,13.0,50.1266666666667,96.0,6.0,21.0,12.3,0,21,6
2016-05-22 21:10:00,100,106.74,-6.74,6.74,False,Normal,24.89,12.8833333333333,50.2,95.6666666666667,6.0,27.8333333333333,12.1333333333333,10,21,6
2016-05-22 21:20:00,100,88.96,11.04,11.04,False,Normal,24.89,12.7666666666667,50.06,95.3333333333333,6.0,34.66666666666669,11.9666666666667,0,21,6
2016-05-22 21:30:00,90,88.84,1.16,1.16,False,Normal,24.89,12.65,49.933333333333294,95.0,6.0,41.5,11.8,0,21,6
2016-05-22 21:40:00,80,91.08,-11.08,11.08,False,Normal,24.89,12.5333333333333,49.863333333333294,94.6666666666667,6.0,48.33333333333329,11.6333333333333,0,21,6
2016-05-22 21:50:00,70,93.4,-23.4,23.4,False,Normal,24.823333333333295,12.4166666666667,49.73,94.3333333333333,6.0,55.16666666666669,11.4666666666667,0,21,6
2016-05-22 22:00:00,80,95.96,-15.96,15.96,False,Normal,24.8566666666667,12.3,49.6633333333333,94.0,6.0,62.0,11.3,0,22,6
2016-05-22 22:10:00,60,95.0,-35.0,35.0,False,Normal,24.79,12.2166666666667,49.53,94.3333333333333,5.8333333333333295,55.5,11.2666666666667,0,22,6
2016-05-22 22:20:00,80,93.08,-13.08,13.08,False,Normal,24.79,12.1333333333333,49.4,94.6666666666667,5.66666666666667,49.0,11.2333333333333,0,22,6
2016-05-22 22:30:00,100,92.99,7.01,7.01,False,Normal,24.79,12.05,49.3266666666667,95.0,5.5,42.5,11.2,0,22,6
2016-05-22 22:40:00,80,94.2,-14.2,14.2,False,Normal,24.76,11.9666666666667,49.2,95.3333333333333,5.3333333333333295,36.0,11.1666666666667,0,22,6
2016-05-22 22:50:00,70,99.16,-29.16,29.16,False,Normal,24.7,11.8833333333333,49.1266666666667,95.6666666666667,5.16666666666667,29.5,11.1333333333333,0,22,6
2016-05-22 23:00:00,60,97.77,-37.77,37.77,False,Normal,24.7,11.8,49.0,96.0,5.0,23.0,11.1,0,23,6
2016-05-22 23:10:00,60,99.0,-39.0,39.0,False,Normal,24.7,11.7666666666667,48.933333333333294,96.0,4.8333333333333295,29.666666666666696,11.0666666666667,0,23,6
2016-05-22 23:20:00,60,99.09,-39.09,39.09,False,Normal,24.6666666666667,11.7333333333333,48.83333333333329,96.0,4.66666666666667,36.33333333333329,11.0333333333333,0,23,6
2016-05-22 23:30:00,60,99.67,-39.67,39.67,False,Normal,24.6,11.7,48.7,96.0,4.5,43.0,11.0,0,23,6
2016-05-22 23:40:00,60,99.03,-39.03,39.03,False,Normal,24.6,11.6666666666667,48.59,96.0,4.3333333333333295,49.66666666666669,10.9666666666667,0,23,6
2016-05-22 23:50:00,60,101.68,-41.68,41.68,False,Normal,24.6,11.6333333333333,48.59,96.0,4.16666666666667,56.33333333333329,10.9333333333333,0,23,6
2016-05-23 00:00:00,60,78.32,-18.32,18.32,False,Normal,24.6,11.6,48.5,96.0,4.0,63.0,10.9,0,0,0
2016-05-23 00:10:00,60,80.96,-20.96,20.96,False,Normal,24.533333333333296,11.55,48.5,96.1666666666667,4.0,61.66666666666669,10.8833333333333,0,0,0
2016-05-23 00:20:00,60,77.69,-17.69,17.69,False,Normal,24.5,11.5,48.5,96.3333333333333,4.0,60.33333333333329,10.8666666666667,0,0,0
2016-05-23 00:30:00,60,77.77,-17.77,17.77,False,Normal,24.5,11.45,48.4,96.5,4.0,59.0,10.85,0,0,0
2016-05-23 00:40:00,60,79.23,-19.23,19.23,False,Normal,24.5,11.4,48.3266666666667,96.6666666666667,4.0,57.66666666666669,10.8333333333333,0,0,0
2016-05-23 00:50:00,50,75.88,-25.88,25.88,False,Normal,24.463333333333296,11.35,48.223333333333294,96.8333333333333,4.0,56.33333333333329,10.8166666666667,0,0,0
2016-05-23 01:00:00,50,76.37,-26.37,26.37,False,Normal,24.39,11.3,48.09,97.0,4.0,55.0,10.8,0,1,0
2016-05-23 01:10:00,50,76.73,-26.73,26.73,False,Normal,24.39,11.2666666666667,48.09,96.8333333333333,4.0,56.0,10.7333333333333,0,1,0
2016-05-23 01:20:00,50,76.83,-26.83,26.83,False,Normal,24.39,11.2333333333333,48.09,96.6666666666667,4.0,57.0,10.6666666666667,0,1,0
2016-05-23 01:30:00,50,74.49,-24.49,24.49,False,Normal,24.39,11.2,48.09,96.5,4.0,58.0,10.6,0,1,0
2016-05-23 01:40:00,50,72.8,-22.8,22.8,False,Normal,24.39,11.1666666666667,48.03,96.3333333333333,4.0,59.0,10.5333333333333,0,1,0
2016-05-23 01:50:00,60,74.03,-14.03,14.03,False,Normal,24.3566666666667,11.1333333333333,47.9666666666667,96.1666666666667,4.0,60.0,10.4666666666667,0,1,0
2016-05-23 02:00:00,50,76.17,-26.17,26.17,False,Normal,24.29,11.1,47.9666666666667,96.0,4.0,61.0,10.4,0,2,0
2016-05-23 02:10:00,60,75.25,-15.25,15.25,False,Normal,24.29,11.1,47.9,95.6666666666667,4.0,61.16666666666669,10.3666666666667,0,2,0
2016-05-23 02:20:00,60,75.13,-15.13,15.13,False,Normal,24.29,11.1,47.8266666666667,95.3333333333333,4.0,61.33333333333329,10.3333333333333,0,2,0
2016-05-23 02:30:00,60,76.92,-16.92,16.92,False,Normal,24.2,11.1,47.7,95.0,4.0,61.5,10.3,0,2,0
2016-05-23 02:40:00,60,75.83,-15.83,15.83,False,Normal,24.2,11.1,47.6266666666667,94.6666666666667,4.0,61.66666666666669,10.2666666666667,0,2,0
2016-05-23 02:50:00,60,78.06,-18.06,18.06,False,Normal,24.2,11.1,47.6633333333333,94.3333333333333,4.0,61.83333333333329,10.2333333333333,0,2,0
2016-05-23 03:00:00,50,81.01,-31.01,31.01,False,Normal,24.2,11.1,47.6633333333333,94.0,4.0,62.0,10.2,0,3,0
2016-05-23 03:10:00,60,81.53,-21.53,21.53,False,Normal,24.2,11.0666666666667,47.59,94.1666666666667,3.8333333333333295,61.83333333333329,10.2,0,3,0
2016-05-23 03:20:00,50,82.07,-32.07,32.07,False,Normal,24.1333333333333,11.0333333333333,47.59,94.3333333333333,3.6666666666666705,61.66666666666669,10.2,0,3,0
2016-05-23 03:30:00,50,82.32,-32.32,32.32,False,Normal,24.1,11.0,47.59,94.5,3.5,61.5,10.2,0,3,0
2016-05-23 03:40:00,50,82.98,-32.98,32.98,False,Normal,24.1,10.9666666666667,47.59,94.6666666666667,3.3333333333333295,61.33333333333329,10.2,0,3,0
2016-05-23 03:50:00,50,83.84,-33.84,33.84,False,Normal,24.1,10.9333333333333,47.59,94.8333333333333,3.16666666666667,61.16666666666669,10.2,0,3,0
2016-05-23 04:00:00,50,87.15,-37.15,37.15,False,Normal,24.1,10.9,47.59,95.0,3.0,61.0,10.2,0,4,0
2016-05-23 04:10:00,50,87.55,-37.55,37.55,False,Normal,24.1,10.9,47.59,95.0,3.0,60.33333333333329,10.2,0,4,0
2016-05-23 04:20:00,40,86.1,-46.1,46.1,False,Normal,24.0,10.9,47.5,95.0,3.0,59.66666666666669,10.2,0,4,0
2016-05-23 04:30:00,50,84.47,-34.47,34.47,False,Normal,24.0,10.9,47.5,95.0,3.0,59.0,10.2,0,4,0
2016-05-23 04:40:00,50,83.01,-33.01,33.01,False,Normal,24.0,10.9,47.5,95.0,3.0,58.33333333333329,10.2,0,4,0
2016-05-23 04:50:00,60,83.98,-23.98,23.98,False,Normal,23.9266666666667,10.9,47.433333333333294,95.0,3.0,57.66666666666669,10.2,0,4,0
2016-05-23 05:00:00,90,84.14,5.86,5.86,False,Normal,23.89,10.9,47.4666666666667,95.0,3.0,57.0,10.2,0,5,0
2016-05-23 05:10:00,60,87.4,-27.4,27.4,False,Normal,23.89,10.9,47.66,95.0,3.0,56.83333333333329,10.2,0,5,0
2016-05-23 05:20:00,70,83.11,-13.11,13.11,False,Normal,23.9266666666667,10.9,47.9666666666667,95.0,3.0,56.66666666666669,10.2,0,5,0
2016-05-23 05:30:00,70,93.71,-23.71,23.71,False,Normal,24.0,10.9,47.8266666666667,95.0,3.0,56.5,10.2,10,5,0
2016-05-23 05:40:00,50,68.71,-18.71,18.71,False,Normal,24.0,10.9,47.79,95.0,3.0,56.33333333333329,10.2,0,5,0
2016-05-23 05:50:00,60,62.17,-2.17,2.17,False,Normal,24.0,10.9,47.79,95.0,3.0,56.16666666666669,10.2,0,5,0
2016-05-23 06:00:00,60,58.43,1.57,1.57,False,Normal,23.963333333333296,10.9,47.8266666666667,95.0,3.0,56.0,10.2,0,6,0
2016-05-23 06:10:00,60,56.92,3.08,3.08,False,Normal,23.963333333333296,10.9333333333333,47.9,95.1666666666667,2.8333333333333295,54.33333333333329,10.25,0,6,0
2016-05-23 06:20:00,50,75.87,-25.87,25.87,False,Normal,24.0,10.9666666666667,47.76,95.3333333333333,2.66666666666667,52.66666666666669,10.3,10,6,0
2016-05-23 06:30:00,80,55.69,24.31,24.31,False,Normal,24.0,11.0,47.7,95.5,2.5,51.0,10.35,0,6,0
2016-05-23 06:40:00,50,51.8,-1.8,1.8,False,Normal,24.0,11.0333333333333,47.6266666666667,95.6666666666667,2.3333333333333295,49.33333333333329,10.4,0,6,0
2016-05-23 06:50:00,60,51.14,8.86,8.86,False,Normal,24.0,11.0666666666667,47.76,95.8333333333333,2.16666666666667,47.66666666666669,10.45,0,6,0
2016-05-23 07:00:00,60,49.8,10.2,10.2,False,Normal,24.0,11.1,47.79,96.0,2.0,46.0,10.5,0,7,0
2016-05-23 07:10:00,50,50.85,-0.85,0.85,False,Normal,24.0,11.1666666666667,47.79,96.0,2.0,46.16666666666669,10.55,0,7,0
2016-05-23 07:20:00,70,53.15,16.85,16.85,False,Normal,24.0,11.2333333333333,47.79,96.0,2.0,46.33333333333329,10.6,0,7,0
2016-05-23 07:30:00,50,56.36,-6.36,6.36,False,Normal,24.1,11.3,47.9,96.0,2.0,46.5,10.65,0,7,0
2016-05-23 07:40:00,60,56.52,3.48,3.48,False,Normal,24.1,11.3666666666667,47.9,96.0,2.0,46.66666666666669,10.7,0,7,0
2016-05-23 07:50:00,50,79.64,-29.64,29.64,False,Normal,24.1,11.4333333333333,47.9,96.0,2.0,46.83333333333329,10.75,10,7,0
2016-05-23 08:00:00,50,54.74,-4.74,4.74,False,Normal,24.033333333333296,11.5,47.8266666666667,96.0,2.0,47.0,10.8,0,8,0
2016-05-23 08:10:00,50,55.34,-5.34,5.34,False,Normal,24.1,11.5666666666667,47.863333333333294,95.3333333333333,2.0,49.33333333333329,10.7833333333333,0,8,0
2016-05-23 08:20:00,50,54.98,-4.98,4.98,False,Normal,24.1,11.6333333333333,47.79,94.6666666666667,2.0,51.66666666666669,10.7666666666667,0,8,0
2016-05-23 08:30:00,50,52.48,-2.48,2.48,False,Normal,24.1,11.7,47.8266666666667,94.0,2.0,54.0,10.75,0,8,0
2016-05-23 08:40:00,60,51.55,8.45,8.45,False,Normal,24.1,11.7666666666667,47.8266666666667,93.3333333333333,2.0,56.33333333333329,10.7333333333333,0,8,0
2016-05-23 08:50:00,50,50.89,-0.89,0.89,False,Normal,24.1,11.8333333333333,47.863333333333294,92.6666666666667,2.0,58.66666666666669,10.7166666666667,0,8,0
2016-05-23 09:00:00,60,48.06,11.94,11.94,False,Normal,24.1,11.9,47.79,92.0,2.0,61.0,10.7,0,9,0
2016-05-23 09:10:00,50,47.24,2.76,2.76,False,Normal,24.1,12.0,47.79,90.6666666666667,2.0,57.5,10.5666666666667,0,9,0
2016-05-23 09:20:00,60,72.73,-12.73,12.73,False,Normal,24.1,12.1,47.79,89.3333333333333,2.0,54.0,10.4333333333333,10,9,0
2016-05-23 09:30:00,50,52.74,-2.74,2.74,False,Normal,24.1,12.2,47.7,88.0,2.0,50.5,10.3,0,9,0
2016-05-23 09:40:00,60,56.15,3.85,3.85,False,Normal,24.1,12.3,47.7,86.6666666666667,2.0,47.0,10.1666666666667,0,9,0
2016-05-23 09:50:00,50,60.51,-10.51,10.51,False,Normal,24.1,12.4,47.7,85.3333333333333,2.0,43.5,10.0333333333333,0,9,0
2016-05-23 10:00:00,50,63.06,-13.06,13.06,False,Normal,24.1,12.5,47.7,84.0,2.0,40.0,9.9,0,10,0
2016-05-23 10:10:00,50,67.62,-17.62,17.62,False,Normal,24.1,12.5833333333333,47.7,84.0,2.16666666666667,40.0,9.96666666666667,0,10,0
2016-05-23 10:20:00,40,72.73,-32.73,32.73,False,Normal,24.1,12.6666666666667,47.7,84.0,2.3333333333333295,40.0,10.0333333333333,0,10,0
2016-05-23 10:30:00,60,74.15,-14.15,14.15,False,Normal,24.1,12.75,47.7,84.0,2.5,40.0,10.1,0,10,0
2016-05-23 10:40:00,50,71.89,-21.89,21.89,False,Normal,24.1,12.8333333333333,47.73,84.0,2.66666666666667,40.0,10.1666666666667,0,10,0
2016-05-23 10:50:00,60,65.03,-5.03,5.03,False,Normal,24.1,12.9166666666667,47.79,84.0,2.8333333333333295,40.0,10.2333333333333,0,10,0
2016-05-23 11:00:00,50,83.83,-33.83,33.83,False,Normal,24.1,13.0,47.76,84.0,3.0,40.0,10.3,10,11,0
2016-05-23 11:10:00,60,60.35,-0.35,0.35,False,Normal,24.1,12.9833333333333,47.7,84.0,3.3333333333333295,37.5,10.2833333333333,0,11,0
2016-05-23 11:20:00,50,64.03,-14.03,14.03,False,Normal,24.1,12.9666666666667,47.7,84.0,3.6666666666666705,35.0,10.2666666666667,0,11,0
2016-05-23 11:30:00,60,66.15,-6.15,6.15,False,Normal,24.1,12.95,47.7,84.0,4.0,32.5,10.25,0,11,0
2016-05-23 11:40:00,60,69.76,-9.76,9.76,False,Normal,24.1,12.9333333333333,47.7,84.0,4.3333333333333295,30.0,10.2333333333333,0,11,0
2016-05-23 11:50:00,60,69.73,-9.73,9.73,False,Normal,24.1,12.9166666666667,47.7,84.0,4.66666666666667,27.5,10.2166666666667,0,11,0
2016-05-23 12:00:00,40,77.53,-37.53,37.53,False,Normal,24.1,12.9,47.86,84.0,5.0,25.0,10.2,0,12,0
2016-05-23 12:10:00,50,90.24,-40.24,40.24,False,Normal,24.1,13.1333333333333,48.2666666666667,82.0,5.0,27.5,10.0333333333333,0,12,0
2016-05-23 12:20:00,60,86.6,-26.6,26.6,False,Normal,24.1,13.3666666666667,48.19333333333329,80.0,5.0,30.0,9.86666666666667,0,12,0
2016-05-23 12:30:00,60,109.42,-49.42,49.42,False,Normal,24.1,13.6,48.2666666666667,78.0,5.0,32.5,9.7,10,12,0
2016-05-23 12:40:00,80,86.71,-6.71,6.71,False,Normal,24.1,13.8333333333333,48.06,76.0,5.0,35.0,9.533333333333328,0,12,0
2016-05-23 12:50:00,80,86.46,-6.46,6.46,False,Normal,24.1,14.0666666666667,47.86,74.0,5.0,37.5,9.36666666666667,0,12,0
2016-05-23 13:00:00,50,85.99,-35.99,35.99,False,Normal,24.1,14.3,47.56,72.0,5.0,40.0,9.2,0,13,0
2016-05-23 13:10:00,60,86.88,-26.88,26.88,False,Normal,24.1666666666667,14.4666666666667,47.5,71.8333333333333,5.0,40.0,9.33333333333333,0,13,0
2016-05-23 13:20:00,60,94.24,-34.24,34.24,False,Normal,24.2,14.6333333333333,47.363333333333294,71.6666666666667,5.0,40.0,9.46666666666667,0,13,0
2016-05-23 13:30:00,50,95.23,-45.23,45.23,False,Normal,24.2,14.8,47.1566666666667,71.5,5.0,40.0,9.6,0,13,0
2016-05-23 13:40:00,60,97.53,-37.53,37.53,False,Normal,24.23,14.9666666666667,47.03,71.3333333333333,5.0,40.0,9.733333333333329,0,13,0
2016-05-23 13:50:00,60,99.34,-39.34,39.34,False,Normal,24.29,15.1333333333333,46.9975,71.1666666666667,5.0,40.0,9.86666666666667,0,13,0
2016-05-23 14:00:00,60,99.49,-39.49,39.49,False,Normal,24.29,15.3,46.9,71.0,5.0,40.0,10.0,0,14,0
2016-05-23 14:10:00,50,100.59,-50.59,50.59,False,Normal,24.3566666666667,15.2833333333333,46.863333333333294,70.6666666666667,5.16666666666667,40.0,9.93333333333333,0,14,0
2016-05-23 14:20:00,60,99.24,-39.24,39.24,False,Normal,24.3566666666667,15.2666666666667,46.79,70.3333333333333,5.3333333333333295,40.0,9.86666666666667,0,14,0
2016-05-23 14:30:00,40,97.45,-57.45,57.45,False,Normal,24.39,15.25,46.6633333333333,70.0,5.5,40.0,9.8,0,14,0
2016-05-23 14:40:00,70,99.7,-29.7,29.7,False,Normal,24.39,15.2333333333333,46.59,69.6666666666667,5.66666666666667,40.0,9.733333333333329,0,14,0
2016-05-23 14:50:00,70,107.2,-37.2,37.2,False,Normal,24.5,15.2166666666667,46.9666666666667,69.3333333333333,5.8333333333333295,40.0,9.66666666666667,0,14,0
2016-05-23 15:00:00,70,104.68,-34.68,34.68,False,Normal,24.4266666666667,15.2,46.8266666666667,69.0,6.0,40.0,9.6,0,15,0
2016-05-23 15:10:00,70,100.08,-30.08,30.08,False,Normal,24.5,15.1333333333333,46.79,69.6666666666667,6.0,40.0,9.66666666666667,0,15,0
2016-05-23 15:20:00,80,102.79,-22.79,22.79,False,Normal,24.5,15.0666666666667,46.73,70.3333333333333,6.0,40.0,9.733333333333329,0,15,0
2016-05-23 15:30:00,60,101.31,-41.31,41.31,False,Normal,24.5,15.0,46.6633333333333,71.0,6.0,40.0,9.8,0,15,0
2016-05-23 15:40:00,90,101.91,-11.91,11.91,False,Normal,24.5,14.9333333333333,46.59,71.6666666666667,6.0,40.0,9.86666666666667,0,15,0
2016-05-23 15:50:00,70,101.07,-31.07,31.07,False,Normal,24.533333333333296,14.8666666666667,46.5,72.3333333333333,6.0,40.0,9.93333333333333,0,15,0
2016-05-23 16:00:00,70,100.9,-30.9,30.9,False,Normal,24.6,14.8,46.36,73.0,6.0,40.0,10.0,0,16,0
2016-05-23 16:10:00,60,103.01,-43.01,43.01,False,Normal,24.6,14.8166666666667,46.26,72.3333333333333,6.16666666666667,40.0,9.883333333333328,0,16,0
2016-05-23 16:20:00,70,103.5,-33.5,33.5,False,Normal,24.6,14.8333333333333,46.2,71.6666666666667,6.3333333333333295,40.0,9.76666666666667,0,16,0
2016-05-23 16:30:00,100,100.41,-0.41,0.41,False,Normal,24.6,14.85,46.2,71.0,6.5,40.0,9.65,0,16,0
2016-05-23 16:40:00,290,100.86,189.14,189.14,False,Normal,24.6,14.8666666666667,46.1266666666667,70.3333333333333,6.66666666666667,40.0,9.533333333333328,0,16,0
2016-05-23 16:50:00,350,100.2,249.8,249.8,True,Moderate,24.6,14.8833333333333,45.83333333333329,69.6666666666667,6.8333333333333295,40.0,9.41666666666667,0,16,0
2016-05-23 17:00:00,270,100.03,169.97,169.97,False,Normal,24.6,14.9,45.6266666666667,69.0,7.0,40.0,9.3,0,17,0
2016-05-23 17:10:00,230,100.92,129.08,129.08,False,Normal,24.6,14.8666666666667,45.795,69.8333333333333,7.0,40.0,9.43333333333333,0,17,0
2016-05-23 17:20:00,240,111.07,128.93,128.93,False,Normal,24.6666666666667,14.8333333333333,46.9966666666667,70.6666666666667,7.0,40.0,9.56666666666667,0,17,0
2016-05-23 17:30:00,590,106.05,483.95,483.95,True,High,24.6666666666667,14.8,46.59,71.5,7.0,40.0,9.7,0,17,0
2016-05-23 17:40:00,490,114.13,375.87,375.87,True,High,24.79,14.7666666666667,47.33,72.3333333333333,7.0,40.0,9.83333333333333,0,17,0
2016-05-23 17:50:00,460,133.92,326.08,326.08,True,High,24.8566666666667,14.7333333333333,49.6633333333333,73.1666666666667,7.0,40.0,9.96666666666667,0,17,0
2016-05-23 18:00:00,160,118.31,41.69,41.69,False,Normal,25.3,14.7,49.66,74.0,7.0,40.0,10.1,0,18,0
2016-05-23 18:10:00,120,107.93,12.07,12.07,False,Normal,25.5,14.6166666666667,49.2666666666667,74.0,6.8333333333333295,40.0,10.0166666666667,0,18,0
2016-05-23 18:20:00,110,97.59,12.41,12.41,False,Normal,25.463333333333296,14.5333333333333,48.33333333333329,74.0,6.66666666666667,40.0,9.93333333333333,0,18,0
2016-05-23 18:30:00,120,91.29,28.71,28.71,False,Normal,25.39,14.45,47.7266666666667,74.0,6.5,40.0,9.85,0,18,0
2016-05-23 18:40:00,120,85.3,34.7,34.7,False,Normal,25.3566666666667,14.3666666666667,47.0266666666667,74.0,6.3333333333333295,40.0,9.76666666666667,0,18,0
2016-05-23 18:50:00,110,88.62,21.38,21.38,False,Normal,25.29,14.2833333333333,46.6333333333333,74.0,6.16666666666667,40.0,9.68333333333333,0,18,0
2016-05-23 19:00:00,170,78.51,91.49,91.49,False,Normal,25.29,14.2,46.19333333333329,74.0,6.0,40.0,9.6,0,19,0
2016-05-23 19:10:00,110,91.95,18.05,18.05,False,Normal,25.29,14.0166666666667,45.86,74.5,5.8333333333333295,40.0,9.533333333333328,0,19,0
2016-05-23 19:20:00,110,110.81,-0.81,0.81,False,Normal,25.29,13.8333333333333,45.59,75.0,5.66666666666667,40.0,9.46666666666667,0,19,0
2016-05-23 19:30:00,110,119.81,-9.81,9.81,False,Normal,25.29,13.65,45.53,75.5,5.5,40.0,9.4,0,19,0
2016-05-23 19:40:00,110,115.37,-5.37,5.37,False,Normal,25.29,13.4666666666667,45.363333333333294,76.0,5.3333333333333295,40.0,9.33333333333333,0,19,0
2016-05-23 19:50:00,110,113.03,-3.03,3.03,False,Normal,25.23,13.2833333333333,45.29,76.5,5.16666666666667,40.0,9.26666666666667,0,19,0
2016-05-23 20:00:00,110,109.66,0.34,0.34,False,Normal,25.2,13.1,45.1333333333333,77.0,5.0,40.0,9.2,0,20,0
2016-05-23 20:10:00,110,103.61,6.39,6.39,False,Normal,25.2,12.9666666666667,45.0,77.1666666666667,5.16666666666667,40.0,9.1,0,20,0
2016-05-23 20:20:00,100,99.8,0.2,0.2,False,Normal,25.2,12.8333333333333,44.9666666666667,77.3333333333333,5.3333333333333295,40.0,9.0,0,20,0
2016-05-23 20:30:00,110,95.85,14.15,14.15,False,Normal,25.2,12.7,44.9,77.5,5.5,40.0,8.9,0,20,0
2016-05-23 20:40:00,100,94.9,5.1,5.1,False,Normal,25.15,12.5666666666667,44.745,77.6666666666667,5.66666666666667,40.0,8.8,0,20,0
2016-05-23 20:50:00,100,137.24,-37.24,37.24,False,Normal,25.1666666666667,12.4333333333333,44.7,77.8333333333333,5.8333333333333295,40.0,8.699999999999998,20,20,0
2016-05-23 21:00:00,80,136.69,-56.69,56.69,False,Normal,25.1,12.3,44.6266666666667,78.0,6.0,40.0,8.599999999999998,20,21,0
2016-05-23 21:10:00,70,132.92,-62.92,62.92,False,Normal,25.1,12.1333333333333,44.6266666666667,78.5,5.66666666666667,40.0,8.51666666666667,20,21,0
2016-05-23 21:20:00,70,127.8,-57.8,57.8,False,Normal,25.1,11.9666666666667,44.7,79.0,5.3333333333333295,40.0,8.43333333333333,20,21,0
2016-05-23 21:30:00,60,145.64,-85.64,85.64,False,Normal,25.066666666666695,11.8,44.7,79.5,5.0,40.0,8.349999999999998,30,21,0
2016-05-23 21:40:00,70,119.19,-49.19,49.19,False,Normal,25.0,11.6333333333333,44.7,80.0,4.66666666666667,40.0,8.26666666666667,20,21,0
2016-05-23 21:50:00,60,117.65,-57.65,57.65,False,Normal,25.0,11.4666666666667,44.7,80.5,4.3333333333333295,40.0,8.18333333333333,20,21,0
2016-05-23 22:00:00,60,117.7,-57.7,57.7,False,Normal,24.9266666666667,11.3,44.7,81.0,4.0,40.0,8.099999999999998,20,22,0
2016-05-23 22:10:00,70,118.68,-48.68,48.68,False,Normal,24.89,11.2666666666667,44.73,81.5,3.8333333333333295,40.0,8.15,20,22,0
2016-05-23 22:20:00,70,142.03,-72.03,72.03,False,Normal,24.89,11.2333333333333,44.79,82.0,3.6666666666666705,40.0,8.199999999999998,30,22,0
2016-05-23 22:30:00,70,98.53,-28.53,28.53,False,Normal,24.89,11.2,44.76,82.5,3.5,40.0,8.25,10,22,0
2016-05-23 22:40:00,60,73.93,-13.93,13.93,False,Normal,24.89,11.1666666666667,44.6266666666667,83.0,3.3333333333333295,40.0,8.3,0,22,0
2016-05-23 22:50:00,50,76.17,-26.17,26.17,False,Normal,24.79,11.1333333333333,44.6566666666667,83.5,3.16666666666667,40.0,8.349999999999998,0,22,0
2016-05-23 23:00:00,70,80.31,-10.31,10.31,False,Normal,24.79,11.1,44.863333333333294,84.0,3.0,40.0,8.4,0,23,0
2016-05-23 23:10:00,50,82.39,-32.39,32.39,False,Normal,24.79,11.1,44.9,84.1666666666667,3.16666666666667,40.0,8.43333333333333,0,23,0
2016-05-23 23:20:00,60,82.02,-22.02,22.02,False,Normal,24.73,11.1,44.9,84.3333333333333,3.3333333333333295,40.0,8.46666666666667,0,23,0
2016-05-23 23:30:00,60,80.14,-20.14,20.14,False,Normal,24.76,11.1,44.79,84.5,3.5,40.0,8.5,0,23,0
2016-05-23 23:40:00,50,83.83,-33.83,33.83,False,Normal,24.7,11.1,44.79,84.6666666666667,3.6666666666666705,40.0,8.53333333333333,0,23,0
2016-05-23 23:50:00,60,86.77,-26.77,26.77,False,Normal,24.6666666666667,11.1,44.79,84.8333333333333,3.8333333333333295,40.0,8.56666666666667,0,23,0
2016-05-24 00:00:00,60,64.08,-4.08,4.08,False,Normal,24.6,11.1,44.745,85.0,4.0,40.0,8.599999999999998,0,0,1
2016-05-24 00:10:00,50,63.62,-13.62,13.62,False,Normal,24.6,11.1,44.79,85.3333333333333,3.8333333333333295,38.16666666666669,8.66666666666667,0,0,1
2016-05-24 00:20:00,40,64.33,-24.33,24.33,False,Normal,24.6,11.1,44.79,85.6666666666667,3.6666666666666705,36.33333333333329,8.733333333333329,0,0,1
2016-05-24 00:30:00,50,61.51,-11.51,11.51,False,Normal,24.6,11.1,44.79,86.0,3.5,34.5,8.8,0,0,1
2016-05-24 00:40:00,50,59.61,-9.61,9.61,False,Normal,24.566666666666695,11.1,44.79,86.3333333333333,3.3333333333333295,32.66666666666669,8.86666666666667,0,0,1
2016-05-24 00:50:00,50,56.07,-6.07,6.07,False,Normal,24.5,11.1,44.79,86.6666666666667,3.16666666666667,30.8333333333333,8.93333333333333,0,0,1
2016-05-24 01:00:00,50,55.85,-5.85,5.85,False,Normal,24.5,11.1,44.79,87.0,3.0,29.0,9.0,0,1,1
2016-05-24 01:10:00,60,57.55,2.45,2.45,False,Normal,24.5,11.05,44.863333333333294,86.8333333333333,3.3333333333333295,29.0,8.91666666666667,0,1,1
2016-05-24 01:20:00,60,58.2,1.8,1.8,False,Normal,24.463333333333296,11.0,44.79,86.6666666666667,3.6666666666666705,29.0,8.83333333333333,0,1,1
2016-05-24 01:30:00,60,60.73,-0.73,0.73,False,Normal,24.39,10.95,44.79,86.5,4.0,29.0,8.75,0,1,1
2016-05-24 01:40:00,60,59.76,0.24,0.24,False,Normal,24.39,10.9,44.73,86.3333333333333,4.3333333333333295,29.0,8.66666666666667,0,1,1
2016-05-24 01:50:00,50,60.33,-10.33,10.33,False,Normal,24.39,10.85,44.79,86.1666666666667,4.66666666666667,29.0,8.58333333333333,0,1,1
2016-05-24 02:00:00,60,62.02,-2.02,2.02,False,Normal,24.39,10.8,44.79,86.0,5.0,29.0,8.5,0,2,1
2016-05-24 02:10:00,50,63.2,-13.2,13.2,False,Normal,24.323333333333295,10.7666666666667,44.79,86.0,4.8333333333333295,28.5,8.483333333333329,0,2,1
2016-05-24 02:20:00,60,69.1,-9.1,9.1,False,Normal,24.29,10.7333333333333,44.79,86.0,4.66666666666667,28.0,8.46666666666667,0,2,1
2016-05-24 02:30:00,50,64.78,-14.78,14.78,False,Normal,24.29,10.7,44.79,86.0,4.5,27.5,8.449999999999998,0,2,1
2016-05-24 02:40:00,60,64.55,-4.55,4.55,False,Normal,24.26,10.6666666666667,44.76,86.0,4.3333333333333295,27.0,8.43333333333333,0,2,1
2016-05-24 02:50:00,50,66.89,-16.89,16.89,False,Normal,24.26,10.6333333333333,44.76,86.0,4.16666666666667,26.5,8.41666666666667,0,2,1
2016-05-24 03:00:00,50,68.27,-18.27,18.27,False,Normal,24.2,10.6,44.7,86.0,4.0,26.0,8.4,0,3,1
2016-05-24 03:10:00,50,72.99,-22.99,22.99,False,Normal,24.2,10.55,44.7,86.0,3.8333333333333295,26.0,8.349999999999998,0,3,1
2016-05-24 03:20:00,50,69.56,-19.56,19.56,False,Normal,24.2,10.5,44.7,86.0,3.6666666666666705,26.0,8.3,0,3,1
2016-05-24 03:30:00,50,68.86,-18.86,18.86,False,Normal,24.2,10.45,44.7,86.0,3.5,26.0,8.25,0,3,1
2016-05-24 03:40:00,60,68.96,-8.96,8.96,False,Normal,24.2,10.4,44.7,86.0,3.3333333333333295,26.0,8.199999999999998,0,3,1
2016-05-24 03:50:00,60,68.86,-8.86,8.86,False,Normal,24.1,10.35,44.7,86.0,3.16666666666667,26.0,8.15,0,3,1
2016-05-24 04:00:00,50,71.46,-21.46,21.46,False,Normal,24.1,10.3,44.76,86.0,3.0,26.0,8.099999999999998,0,4,1
2016-05-24 04:10:00,50,71.1,-21.1,21.1,False,Normal,24.1,10.3,44.73,85.6666666666667,3.0,28.3333333333333,8.01666666666667,0,4,1
2016-05-24 04:20:00,50,71.62,-21.62,21.62,False,Normal,24.1,10.3,44.73,85.3333333333333,3.0,30.666666666666696,7.93333333333333,0,4,1
2016-05-24 04:30:00,60,72.52,-12.52,12.52,False,Normal,24.0,10.3,44.6266666666667,85.0,3.0,33.0,7.849999999999999,0,4,1
2016-05-24 04:40:00,60,74.38,-14.38,14.38,False,Normal,24.0,10.3,44.7,84.6666666666667,3.0,35.3333333333333,7.76666666666667,0,4,1
2016-05-24 04:50:00,50,75.04,-25.04,25.04,False,Normal,24.0,10.3,44.7,84.3333333333333,3.0,37.66666666666669,7.68333333333333,0,4,1
2016-05-24 05:00:00,90,75.29,14.71,14.71,False,Normal,24.0,10.3,44.6266666666667,84.0,3.0,40.0,7.599999999999999,0,5,1
2016-05-24 05:10:00,50,76.19,-26.19,26.19,False,Normal,24.0,10.2666666666667,44.8,84.1666666666667,3.0,40.0,7.599999999999999,0,5,1
2016-05-24 05:20:00,40,69.91,-29.91,29.91,False,Normal,24.0,10.2333333333333,45.06,84.3333333333333,3.0,40.0,7.599999999999999,0,5,1
2016-05-24 05:30:00,60,59.47,0.53,0.53,False,Normal,24.0,10.2,45.03,84.5,3.0,40.0,7.599999999999999,0,5,1
2016-05-24 05:40:00,340,53.91,286.09,286.09,True,Moderate,24.0,10.1666666666667,45.03,84.6666666666667,3.0,40.0,7.599999999999999,0,5,1
2016-05-24 05:50:00,60,52.08,7.92,7.92,False,Normal,24.0,10.1333333333333,45.03,84.8333333333333,3.0,40.0,7.599999999999999,0,5,1
2016-05-24 06:00:00,70,50.69,19.31,19.31,False,Normal,24.0,10.1,45.09,85.0,3.0,40.0,7.599999999999999,0,6,1
2016-05-24 06:10:00,70,49.02,20.98,20.98,False,Normal,24.0,10.1,45.1266666666667,84.6666666666667,3.16666666666667,40.0,7.55,0,6,1
2016-05-24 06:20:00,70,48.84,21.16,21.16,False,Normal,24.0,10.1,45.2,84.3333333333333,3.3333333333333295,40.0,7.5,0,6,1
2016-05-24 06:30:00,70,49.6,20.4,20.4,False,Normal,24.0,10.1,45.06,84.0,3.5,40.0,7.45,0,6,1
2016-05-24 06:40:00,80,44.86,35.14,35.14,False,Normal,24.0,10.1,44.8975,83.6666666666667,3.6666666666666705,40.0,7.4,0,6,1
2016-05-24 06:50:00,70,43.34,26.66,26.66,False,Normal,24.0,10.1,44.4566666666667,83.3333333333333,3.8333333333333295,40.0,7.349999999999999,0,6,1
2016-05-24 07:00:00,90,41.04,48.96,48.96,False,Normal,24.0,10.1,44.1633333333333,83.0,4.0,40.0,7.3,0,7,1
2016-05-24 07:10:00,70,82.68,-12.68,12.68,False,Normal,24.0,10.1333333333333,44.03,82.5,4.0,40.0,7.25,20,7,1
2016-05-24 07:20:00,80,82.87,-2.87,2.87,False,Normal,24.0,10.1666666666667,43.76,82.0,4.0,40.0,7.2,20,7,1
2016-05-24 07:30:00,120,80.19,39.81,39.81,False,Normal,24.0,10.2,43.5666666666667,81.5,4.0,40.0,7.15,20,7,1
2016-05-24 07:40:00,400,38.37,361.63,361.63,True,High,24.0,10.2333333333333,43.4,81.0,4.0,40.0,7.1,0,7,1
2016-05-24 07:50:00,210,35.97,174.03,174.03,False,Normal,24.066666666666695,10.2666666666667,43.4666666666667,80.5,4.0,40.0,7.05,0,7,1
2016-05-24 08:00:00,60,39.98,20.02,20.02,False,Normal,24.0,10.3,43.53,80.0,4.0,40.0,7.0,0,8,1
2016-05-24 08:10:00,60,39.66,20.34,20.34,False,Normal,24.0,10.3333333333333,43.59,80.3333333333333,4.0,40.0,7.0833333333333295,0,8,1
2016-05-24 08:20:00,60,40.6,19.4,19.4,False,Normal,24.066666666666695,10.3666666666667,43.59,80.6666666666667,4.0,40.0,7.16666666666667,0,8,1
2016-05-24 08:30:00,50,41.69,8.31,8.31,False,Normal,24.066666666666695,10.4,43.59,81.0,4.0,40.0,7.25,0,8,1
2016-05-24 08:40:00,60,38.76,21.24,21.24,False,Normal,24.1,10.4333333333333,43.59,81.3333333333333,4.0,40.0,7.3333333333333295,0,8,1
2016-05-24 08:50:00,50,38.64,11.36,11.36,False,Normal,24.1,10.4666666666667,43.59,81.6666666666667,4.0,40.0,7.416666666666669,0,8,1
2016-05-24 09:00:00,30,38.92,-8.92,8.92,False,Normal,24.1,10.5,43.5,82.0,4.0,40.0,7.5,0,9,1
2016-05-24 09:10:00,30,37.87,-7.87,7.87,False,Normal,24.1,10.5166666666667,43.5,82.0,4.0,40.0,7.51666666666667,0,9,1
2016-05-24 09:20:00,30,37.39,-7.39,7.39,False,Normal,24.1,10.5333333333333,43.5,82.0,4.0,40.0,7.53333333333333,0,9,1
2016-05-24 09:30:00,30,37.85,-7.85,7.85,False,Normal,24.1,10.55,43.5,82.0,4.0,40.0,7.55,0,9,1
2016-05-24 09:40:00,60,37.88,22.12,22.12,False,Normal,24.1,10.5666666666667,43.4,82.0,4.0,40.0,7.56666666666667,0,9,1
2016-05-24 09:50:00,50,33.93,16.07,16.07,False,Normal,24.1,10.5833333333333,43.4,82.0,4.0,40.0,7.5833333333333295,0,9,1
2016-05-24 10:00:00,60,35.84,24.16,24.16,False,Normal,24.1333333333333,10.6,43.29,82.0,4.0,40.0,7.599999999999999,0,10,1
2016-05-24 10:10:00,60,39.53,20.47,20.47,False,Normal,24.125,10.6166666666667,43.2175,81.6666666666667,4.0,40.0,7.55,0,10,1
2016-05-24 10:20:00,60,39.95,20.05,20.05,False,Normal,24.1,10.6333333333333,42.66666666666671,81.3333333333333,4.0,40.0,7.5,0,10,1
2016-05-24 10:30:00,60,41.83,18.17,18.17,False,Normal,24.1,10.65,41.96,81.0,4.0,40.0,7.45,0,10,1
2016-05-24 10:40:00,70,42.57,27.43,27.43,False,Normal,24.1,10.6666666666667,41.5,80.6666666666667,4.0,40.0,7.4,0,10,1
2016-05-24 10:50:00,90,50.35,39.65,39.65,False,Normal,24.066666666666695,10.6833333333333,41.1,80.3333333333333,4.0,40.0,7.349999999999999,0,10,1
2016-05-24 11:00:00,90,59.94,30.06,30.06,False,Normal,24.0,10.7,40.8266666666667,80.0,4.0,40.0,7.3,0,11,1
2016-05-24 11:10:00,100,59.78,40.22,40.22,False,Normal,24.0,10.8666666666667,40.7,79.1666666666667,3.8333333333333295,38.16666666666669,7.3,0,11,1
2016-05-24 11:20:00,110,65.32,44.68,44.68,False,Normal,24.0,11.0333333333333,40.7,78.3333333333333,3.6666666666666705,36.33333333333329,7.3,0,11,1
2016-05-24 11:30:00,100,67.47,32.53,32.53,False,Normal,24.0,11.2,40.7,77.5,3.5,34.5,7.3,0,11,1
2016-05-24 11:40:00,110,72.26,37.74,37.74,False,Normal,24.0,11.3666666666667,40.7,76.6666666666667,3.3333333333333295,32.66666666666669,7.3,0,11,1
2016-05-24 11:50:00,100,76.42,23.58,23.58,False,Normal,24.0,11.5333333333333,40.7,75.8333333333333,3.16666666666667,30.8333333333333,7.3,0,11,1
2016-05-24 12:00:00,170,80.16,89.84,89.84,False,Normal,24.0,11.7,40.76,75.0,3.0,29.0,7.3,0,12,1
2016-05-24 12:10:00,180,82.96,97.04,97.04,False,Normal,24.0,11.8833333333333,40.79,74.0,3.16666666666667,30.8333333333333,7.26666666666667,0,12,1
2016-05-24 12:20:00,110,93.58,16.42,16.42,False,Normal,24.066666666666695,12.0666666666667,40.99,73.0,3.3333333333333295,32.66666666666669,7.233333333333332,0,12,1
2016-05-24 12:30:00,100,96.14,3.86,3.86,False,Normal,24.066666666666695,12.25,41.0,72.0,3.5,34.5,7.2,0,12,1
2016-05-24 12:40:00,110,101.72,8.28,8.28,False,Normal,24.066666666666695,12.4333333333333,41.2666666666667,71.0,3.6666666666666705,36.33333333333329,7.16666666666667,0,12,1
2016-05-24 12:50:00,100,108.08,-8.08,8.08,False,Normal,24.1,12.6166666666667,41.2,70.0,3.8333333333333295,38.16666666666669,7.133333333333329,0,12,1
2016-05-24 13:00:00,110,111.07,-1.07,1.07,False,Normal,24.1,12.8,41.2,69.0,4.0,40.0,7.1,0,13,1
2016-05-24 13:10:00,100,113.55,-13.55,13.55,False,Normal,24.1333333333333,12.9333333333333,41.2,69.1666666666667,4.16666666666667,38.16666666666669,7.28333333333333,0,13,1
2016-05-24 13:20:00,110,113.26,-3.26,3.26,False,Normal,24.2,13.0666666666667,41.2,69.3333333333333,4.3333333333333295,36.33333333333329,7.46666666666667,0,13,1
2016-05-24 13:30:00,110,111.3,-1.3,1.3,False,Normal,24.2,13.2,41.09,69.5,4.5,34.5,7.65,0,13,1
2016-05-24 13:40:00,140,112.5,27.5,27.5,False,Normal,24.23,13.3333333333333,41.03,69.6666666666667,4.66666666666667,32.66666666666669,7.8333333333333295,0,13,1
2016-05-24 13:50:00,140,115.29,24.71,24.71,False,Normal,24.29,13.4666666666667,40.963333333333296,69.8333333333333,4.8333333333333295,30.8333333333333,8.01666666666667,0,13,1
2016-05-24 14:00:00,150,117.64,32.36,32.36,False,Normal,24.29,13.6,40.6633333333333,70.0,5.0,29.0,8.199999999999998,0,14,1
2016-05-24 14:10:00,150,123.09,26.91,26.91,False,Normal,24.29,13.75,40.39,69.5,5.0,30.8333333333333,8.21666666666667,0,14,1
2016-05-24 14:20:00,150,123.55,26.45,26.45,False,Normal,24.323333333333295,13.9,39.99,69.0,5.0,32.66666666666669,8.233333333333329,0,14,1
2016-05-24 14:30:00,150,122.06,27.94,27.94,False,Normal,24.39,14.05,39.73,68.5,5.0,34.5,8.25,0,14,1
2016-05-24 14:40:00,150,121.79,28.21,28.21,False,Normal,24.323333333333295,14.2,39.56,68.0,5.0,36.33333333333329,8.26666666666667,0,14,1
2016-05-24 14:50:00,150,120.61,29.39,29.39,False,Normal,24.39,14.35,39.433333333333294,67.5,5.0,38.16666666666669,8.28333333333333,0,14,1
2016-05-24 15:00:00,160,125.89,34.11,34.11,False,Normal,24.4266666666667,14.5,39.4,67.0,5.0,40.0,8.3,0,15,1
2016-05-24 15:10:00,140,127.29,12.71,12.71,False,Normal,24.4266666666667,14.45,39.19333333333329,66.6666666666667,4.8333333333333295,38.0,8.18333333333333,0,15,1
2016-05-24 15:20:00,140,145.79,-5.79,5.79,False,Normal,24.39,14.4,38.63,66.3333333333333,4.66666666666667,36.0,8.06666666666667,10,15,1
2016-05-24 15:30:00,140,187.12,-47.12,47.12,False,Normal,24.323333333333295,14.35,38.09,66.0,4.5,34.0,7.95,30,15,1
2016-05-24 15:40:00,140,161.35,-21.35,21.35,False,Normal,24.29,14.3,37.933333333333294,65.6666666666667,4.3333333333333295,32.0,7.8333333333333295,20,15,1
2016-05-24 15:50:00,130,160.34,-30.34,30.34,False,Normal,24.3566666666667,14.25,38.1333333333333,65.3333333333333,4.16666666666667,30.0,7.71666666666667,20,15,1
2016-05-24 16:00:00,140,160.66,-20.66,20.66,False,Normal,24.3566666666667,14.2,38.26,65.0,4.0,28.0,7.599999999999999,20,16,1
2016-05-24 16:10:00,140,164.81,-24.81,24.81,False,Normal,24.29,14.15,38.4,65.3333333333333,4.0,30.0,7.633333333333329,20,16,1
2016-05-24 16:20:00,140,162.33,-22.33,22.33,False,Normal,24.39,14.1,38.59666666666671,65.6666666666667,4.0,32.0,7.666666666666669,20,16,1
2016-05-24 16:30:00,150,184.1,-34.1,34.1,False,Normal,24.39,14.05,38.93,66.0,4.0,34.0,7.7,30,16,1
2016-05-24 16:40:00,140,160.23,-20.23,20.23,False,Normal,24.39,14.0,39.09,66.3333333333333,4.0,36.0,7.733333333333332,20,16,1
2016-05-24 16:50:00,140,159.74,-19.74,19.74,False,Normal,24.39,13.95,39.09,66.6666666666667,4.0,38.0,7.76666666666667,20,16,1
2016-05-24 17:00:00,150,158.24,-8.24,8.24,False,Normal,24.39,13.9,39.09,67.0,4.0,40.0,7.8,20,17,1
2016-05-24 17:10:00,150,168.94,-18.94,18.94,False,Normal,24.4266666666667,13.95,40.09,66.8333333333333,4.16666666666667,40.0,7.8,20,17,1
2016-05-24 17:20:00,150,182.36,-32.36,32.36,False,Normal,24.5,14.0,39.89,66.6666666666667,4.3333333333333295,40.0,7.8,30,17,1
2016-05-24 17:30:00,130,157.07,-27.07,27.07,False,Normal,24.5,14.05,39.76,66.5,4.5,40.0,7.8,20,17,1
2016-05-24 17:40:00,160,153.41,6.59,6.59,False,Normal,24.5,14.1,39.7,66.3333333333333,4.66666666666667,40.0,7.8,20,17,1
2016-05-24 17:50:00,480,163.14,316.86,316.86,True,Moderate,24.6,14.15,40.393333333333295,66.1666666666667,4.8333333333333295,40.0,7.8,20,17,1
2016-05-24 18:00:00,260,145.83,114.17,114.17,False,Normal,24.533333333333296,14.2,40.4666666666667,66.0,5.0,40.0,7.8,10,18,1
2016-05-24 18:10:00,100,138.9,-38.9,38.9,False,Normal,24.6333333333333,14.05,41.93,65.8333333333333,5.16666666666667,38.16666666666669,7.65,0,18,1
2016-05-24 18:20:00,110,124.56,-14.56,14.56,False,Normal,24.7,13.9,41.73,65.6666666666667,5.3333333333333295,36.33333333333329,7.5,0,18,1
2016-05-24 18:30:00,110,116.04,-6.04,6.04,False,Normal,24.7,13.75,41.59666666666671,65.5,5.5,34.5,7.349999999999999,0,18,1
2016-05-24 18:40:00,120,114.81,5.19,5.19,False,Normal,24.76,13.6,41.59666666666671,65.3333333333333,5.66666666666667,32.66666666666669,7.2,0,18,1
2016-05-24 18:50:00,120,114.46,5.54,5.54,False,Normal,24.79,13.45,41.4666666666667,65.1666666666667,5.8333333333333295,30.8333333333333,7.05,0,18,1
2016-05-24 19:00:00,110,114.83,-4.83,4.83,False,Normal,24.79,13.3,41.3266666666667,65.0,6.0,29.0,6.9,0,19,1
2016-05-24 19:10:00,160,118.46,41.54,41.54,False,Normal,24.76,13.15,41.223333333333294,66.0,6.0,28.8333333333333,6.95,0,19,1
2016-05-24 19:20:00,110,125.57,-15.57,15.57,False,Normal,24.7,13.0,41.09,67.0,6.0,28.666666666666696,7.0,0,19,1
2016-05-24 19:30:00,110,130.53,-20.53,20.53,False,Normal,24.7,12.85,40.9,68.0,6.0,28.5,7.05,0,19,1
2016-05-24 19:40:00,120,132.14,-12.14,12.14,False,Normal,24.7,12.7,40.9,69.0,6.0,28.3333333333333,7.1,0,19,1
2016-05-24 19:50:00,130,124.71,5.29,5.29,False,Normal,24.7,12.55,40.83333333333329,70.0,6.0,28.166666666666696,7.15,0,19,1
2016-05-24 20:00:00,120,118.02,1.98,1.98,False,Normal,24.7,12.4,40.7,71.0,6.0,28.0,7.2,0,20,1
2016-05-24 20:10:00,100,113.43,-13.43,13.43,False,Normal,24.7,12.2166666666667,40.745,71.0,5.8333333333333295,28.166666666666696,7.01666666666667,0,20,1
2016-05-24 20:20:00,90,100.96,-10.96,10.96,False,Normal,24.7,12.0333333333333,40.79,71.0,5.66666666666667,28.3333333333333,6.8333333333333295,0,20,1
2016-05-24 20:30:00,110,94.96,15.04,15.04,False,Normal,24.7,11.85,40.73,71.0,5.5,28.5,6.65,0,20,1
2016-05-24 20:40:00,80,90.69,-10.69,10.69,False,Normal,24.7,11.6666666666667,40.76,71.0,5.3333333333333295,28.666666666666696,6.46666666666667,0,20,1
2016-05-24 20:50:00,80,87.22,-7.22,7.22,False,Normal,24.7,11.4833333333333,40.7,71.0,5.16666666666667,28.8333333333333,6.28333333333333,0,20,1
2016-05-24 21:00:00,80,105.96,-25.96,25.96,False,Normal,24.6666666666667,11.3,40.6633333333333,71.0,5.0,29.0,6.1,10,21,1
2016-05-24 21:10:00,90,78.17,11.83,11.83,False,Normal,24.6,11.1333333333333,40.53,71.0,5.0,29.0,5.96666666666667,0,21,1
2016-05-24 21:20:00,80,73.36,6.64,6.64,False,Normal,24.6,10.9666666666667,40.4,71.0,5.0,29.0,5.8333333333333295,0,21,1
2016-05-24 21:30:00,70,94.74,-24.74,24.74,False,Normal,24.6,10.8,40.3266666666667,71.0,5.0,29.0,5.7,10,21,1
2016-05-24 21:40:00,60,111.04,-51.04,51.04,False,Normal,24.6,10.6333333333333,40.29,71.0,5.0,29.0,5.56666666666667,20,21,1
2016-05-24 21:50:00,80,107.48,-27.48,27.48,False,Normal,24.6,10.4666666666667,40.29,71.0,5.0,29.0,5.43333333333333,20,21,1
2016-05-24 22:00:00,60,125.77,-65.77,65.77,False,Normal,24.566666666666695,10.3,40.2,71.0,5.0,29.0,5.3,30,22,1
2016-05-24 22:10:00,70,103.29,-33.29,33.29,False,Normal,24.5,10.2,40.26,72.3333333333333,4.66666666666667,29.0,5.45,20,22,1
2016-05-24 22:20:00,60,99.99,-39.99,39.99,False,Normal,24.566666666666695,10.1,40.1633333333333,73.6666666666667,4.3333333333333295,29.0,5.6,20,22,1
2016-05-24 22:30:00,60,99.04,-39.04,39.04,False,Normal,24.5,10.0,40.09,75.0,4.0,29.0,5.75,20,22,1
2016-05-24 22:40:00,70,97.93,-27.93,27.93,False,Normal,24.5,9.9,40.09,76.3333333333333,3.6666666666666705,29.0,5.9,20,22,1
2016-05-24 22:50:00,50,97.74,-47.74,47.74,False,Normal,24.4266666666667,9.8,40.03,77.6666666666667,3.3333333333333295,29.0,6.05,20,22,1
2016-05-24 23:00:00,70,75.86,-5.86,5.86,False,Normal,24.39,9.7,40.0,79.0,3.0,29.0,6.2,10,23,1
2016-05-24 23:10:00,50,56.23,-6.23,6.23,False,Normal,24.39,9.633333333333328,40.06,79.3333333333333,2.66666666666667,29.0,6.18333333333333,0,23,1
2016-05-24 23:20:00,60,58.28,1.72,1.72,False,Normal,24.3566666666667,9.56666666666667,40.3266666666667,79.6666666666667,2.3333333333333295,29.0,6.16666666666667,0,23,1
2016-05-24 23:30:00,60,59.92,0.08,0.08,False,Normal,24.29,9.5,40.4,80.0,2.0,29.0,6.15,0,23,1
2016-05-24 23:40:00,50,61.22,-11.22,11.22,False,Normal,24.29,9.43333333333333,40.4,80.3333333333333,1.66666666666667,29.0,6.133333333333329,0,23,1
2016-05-24 23:50:00,60,62.04,-2.04,2.04,False,Normal,24.26,9.36666666666667,40.363333333333294,80.6666666666667,1.33333333333333,29.0,6.11666666666667,0,23,1
2016-05-25 00:00:00,60,40.88,19.12,19.12,False,Normal,24.26,9.3,40.363333333333294,81.0,1.0,29.0,6.1,0,0,2
2016-05-25 00:10:00,50,45.26,4.74,4.74,False,Normal,24.2,9.21666666666667,40.29,81.8333333333333,1.0,29.0,6.16666666666667,0,0,2
2016-05-25 00:20:00,60,45.42,14.58,14.58,False,Normal,24.2,9.133333333333328,40.29,82.6666666666667,1.0,29.0,6.23333333333333,0,0,2
2016-05-25 00:30:00,50,47.8,2.2,2.2,False,Normal,24.2,9.05,40.3266666666667,83.5,1.0,29.0,6.3,0,0,2
2016-05-25 00:40:00,50,46.88,3.12,3.12,False,Normal,24.2,8.96666666666667,40.4,84.3333333333333,1.0,29.0,6.36666666666667,0,0,2
2016-05-25 00:50:00,50,47.35,2.65,2.65,False,Normal,24.1666666666667,8.88333333333333,40.4,85.1666666666667,1.0,29.0,6.43333333333333,0,0,2
2016-05-25 01:00:00,50,48.88,1.12,1.12,False,Normal,24.1,8.8,40.4,86.0,1.0,29.0,6.5,0,1,2
2016-05-25 01:10:00,50,47.25,2.75,2.75,False,Normal,24.1,8.65,40.4,87.0,1.0,29.0,6.51666666666667,0,1,2
2016-05-25 01:20:00,50,47.31,2.69,2.69,False,Normal,24.1,8.5,40.4,88.0,1.0,29.0,6.53333333333333,0,1,2
2016-05-25 01:30:00,50,48.42,1.58,1.58,False,Normal,24.1,8.349999999999998,40.4,89.0,1.0,29.0,6.55,0,1,2
2016-05-25 01:40:00,70,47.5,22.5,22.5,False,Normal,24.033333333333296,8.199999999999998,40.3266666666667,90.0,1.0,29.0,6.56666666666667,0,1,2
2016-05-25 01:50:00,50,47.44,2.56,2.56,False,Normal,24.0,8.05,40.29,91.0,1.0,29.0,6.5833333333333295,0,1,2
2016-05-25 02:00:00,60,50.91,9.09,9.09,False,Normal,24.0,7.9,40.29,92.0,1.0,29.0,6.6,0,2,2
2016-05-25 02:10:00,50,52.64,-2.64,2.64,False,Normal,24.0,7.8333333333333295,40.29,92.0,1.0,29.0,6.55,0,2,2
2016-05-25 02:20:00,50,52.5,-2.5,2.5,False,Normal,24.0,7.76666666666667,40.29,92.0,1.0,29.0,6.5,0,2,2
2016-05-25 02:30:00,60,52.51,7.49,7.49,False,Normal,24.0,7.7,40.4,92.0,1.0,29.0,6.45,0,2,2
2016-05-25 02:40:00,60,50.16,9.84,9.84,False,Normal,24.0,7.633333333333329,40.3266666666667,92.0,1.0,29.0,6.4,0,2,2
2016-05-25 02:50:00,60,52.82,7.18,7.18,False,Normal,23.89,7.56666666666667,40.4,92.0,1.0,29.0,6.35,0,2,2
2016-05-25 03:00:00,40,52.79,-12.79,12.79,False,Normal,23.89,7.5,40.345,92.0,1.0,29.0,6.3,0,3,2
2016-05-25 03:10:00,50,54.07,-4.07,4.07,False,Normal,23.823333333333295,7.31666666666667,40.3266666666667,92.1666666666667,1.0,28.5,6.133333333333329,0,3,2
2016-05-25 03:20:00,50,51.86,-1.86,1.86,False,Normal,23.8566666666667,7.133333333333329,40.29,92.3333333333333,1.0,28.0,5.96666666666667,0,3,2
2016-05-25 03:30:00,50,52.71,-2.71,2.71,False,Normal,23.79,6.95,40.29,92.5,1.0,27.5,5.8,0,3,2
2016-05-25 03:40:00,50,54.01,-4.01,4.01,False,Normal,23.79,6.76666666666667,40.29,92.6666666666667,1.0,27.0,5.633333333333329,0,3,2
2016-05-25 03:50:00,50,54.95,-4.95,4.95,False,Normal,23.79,6.5833333333333295,40.29,92.8333333333333,1.0,26.5,5.46666666666667,0,3,2
2016-05-25 04:00:00,50,57.78,-7.78,7.78,False,Normal,23.76,6.4,40.29,93.0,1.0,26.0,5.3,0,4,2
2016-05-25 04:10:00,60,59.67,0.33,0.33,False,Normal,23.7,6.36666666666667,40.29,93.1666666666667,1.0,25.8333333333333,5.3,0,4,2
2016-05-25 04:20:00,60,60.1,-0.1,0.1,False,Normal,23.7,6.3333333333333295,40.29,93.3333333333333,1.0,25.666666666666696,5.3,0,4,2
2016-05-25 04:30:00,50,59.42,-9.42,9.42,False,Normal,23.7,6.3,40.29,93.5,1.0,25.5,5.3,0,4,2
2016-05-25 04:40:00,50,61.8,-11.8,11.8,False,Normal,23.7,6.26666666666667,40.29,93.6666666666667,1.0,25.3333333333333,5.3,0,4,2
2016-05-25 04:50:00,60,63.41,-3.41,3.41,False,Normal,23.6333333333333,6.23333333333333,40.23,93.8333333333333,1.0,25.166666666666696,5.3,0,4,2
2016-05-25 05:00:00,60,62.21,-2.21,2.21,False,Normal,23.6,6.2,40.2,94.0,1.0,25.0,5.3,0,5,2
2016-05-25 05:10:00,80,64.84,15.16,15.16,False,Normal,23.6,6.18333333333333,40.33333333333329,94.5,1.0,24.8333333333333,5.36666666666667,0,5,2
2016-05-25 05:20:00,50,77.57,-27.57,27.57,False,Normal,23.6,6.16666666666667,40.83333333333329,95.0,1.0,24.666666666666696,5.43333333333333,10,5,2
2016-05-25 05:30:00,50,45.35,4.65,4.65,False,Normal,23.6666666666667,6.15,40.5666666666667,95.5,1.0,24.5,5.5,0,5,2
2016-05-25 05:40:00,50,39.08,10.92,10.92,False,Normal,23.6,6.133333333333329,40.0933333333333,96.0,1.0,24.3333333333333,5.56666666666667,0,5,2
2016-05-25 05:50:00,40,35.44,4.56,4.56,False,Normal,23.6,6.11666666666667,39.4266666666667,96.5,1.0,24.166666666666696,5.633333333333329,0,5,2
2016-05-25 06:00:00,30,33.37,-3.37,3.37,False,Normal,23.6,6.1,39.0266666666667,97.0,1.0,24.0,5.7,0,6,2
2016-05-25 06:10:00,50,33.83,16.17,16.17,False,Normal,23.533333333333296,6.21666666666667,38.9,97.0,1.0,24.0,5.81666666666667,0,6,2
2016-05-25 06:20:00,50,35.09,14.91,14.91,False,Normal,23.5,6.3333333333333295,38.9,97.0,1.0,24.0,5.93333333333333,0,6,2
2016-05-25 06:30:00,50,40.93,9.07,9.07,False,Normal,23.5,6.45,38.79,97.0,1.0,24.0,6.05,0,6,2
2016-05-25 06:40:00,80,46.01,33.99,33.99,False,Normal,23.4266666666667,6.56666666666667,38.79,97.0,1.0,24.0,6.16666666666667,0,6,2
2016-05-25 06:50:00,70,52.02,17.98,17.98,False,Normal,23.39,6.68333333333333,38.8266666666667,97.0,1.0,24.0,6.28333333333333,0,6,2
2016-05-25 07:00:00,70,57.07,12.93,12.93,False,Normal,23.39,6.8,38.9666666666667,97.0,1.0,24.0,6.4,0,7,2
2016-05-25 07:10:00,90,63.16,26.84,26.84,False,Normal,23.39,7.05,39.1266666666667,96.3333333333333,1.0,24.166666666666696,6.55,0,7,2
2016-05-25 07:20:00,50,65.76,-15.76,15.76,False,Normal,23.39,7.3,39.33333333333329,95.6666666666667,1.0,24.3333333333333,6.7,0,7,2
2016-05-25 07:30:00,60,72.2,-12.2,12.2,False,Normal,23.39,7.55,39.7266666666667,95.0,1.0,24.5,6.85,0,7,2
2016-05-25 07:40:00,60,72.84,-12.84,12.84,False,Normal,23.39,7.8,40.0,94.3333333333333,1.0,24.666666666666696,7.0,0,7,2
2016-05-25 07:50:00,60,91.99,-31.99,31.99,False,Normal,23.39,8.05,40.0,93.6666666666667,1.0,24.8333333333333,7.15,10,7,2
2016-05-25 08:00:00,70,112.96,-42.96,42.96,False,Normal,23.39,8.3,40.06,93.0,1.0,25.0,7.3,20,8,2
2016-05-25 08:10:00,110,138.95,-28.95,28.95,False,Normal,23.39,8.46666666666667,40.1633333333333,91.6666666666667,1.0,25.666666666666696,7.233333333333332,30,8,2
2016-05-25 08:20:00,60,118.4,-58.4,58.4,False,Normal,23.39,8.63333333333333,40.03,90.3333333333333,1.0,26.3333333333333,7.16666666666667,20,8,2
2016-05-25 08:30:00,110,121.97,-11.97,11.97,False,Normal,23.39,8.8,39.9666666666667,89.0,1.0,27.0,7.1,20,8,2
2016-05-25 08:40:00,70,126.77,-56.77,56.77,False,Normal,23.39,8.96666666666667,39.9,87.6666666666667,1.0,27.666666666666696,7.03333333333333,20,8,2
2016-05-25 08:50:00,80,130.99,-50.99,50.99,False,Normal,23.323333333333295,9.133333333333328,39.9,86.3333333333333,1.0,28.3333333333333,6.96666666666667,20,8,2
2016-05-25 09:00:00,100,153.36,-53.36,53.36,False,Normal,23.39,9.3,39.8266666666667,85.0,1.0,29.0,6.9,30,9,2
2016-05-25 09:10:00,110,135.34,-25.34,25.34,False,Normal,23.3566666666667,9.46666666666667,39.59,83.5,1.0,28.8333333333333,6.78333333333333,20,9,2
2016-05-25 09:20:00,70,136.56,-66.56,66.56,False,Normal,23.29,9.633333333333328,39.463333333333296,82.0,1.0,28.666666666666696,6.66666666666667,20,9,2
2016-05-25 09:30:00,90,141.67,-51.67,51.67,False,Normal,23.39,9.8,39.7,80.5,1.0,28.5,6.55,20,9,2
2016-05-25 09:40:00,80,136.66,-56.66,56.66,False,Normal,23.39,9.96666666666667,39.75,79.0,1.0,28.3333333333333,6.43333333333333,20,9,2
2016-05-25 09:50:00,90,163.51,-73.51,73.51,False,Normal,23.39,10.1333333333333,40.0266666666667,77.5,1.0,28.166666666666696,6.31666666666667,30,9,2
2016-05-25 10:00:00,50,165.24,-115.24,115.24,False,Normal,23.39,10.3,40.8666666666667,76.0,1.0,28.0,6.2,20,10,2
2016-05-25 10:10:00,100,172.1,-72.1,72.1,False,Normal,23.463333333333296,10.6833333333333,41.33333333333329,73.5,1.0,28.166666666666696,6.05,20,10,2
2016-05-25 10:20:00,70,138.93,-68.93,68.93,False,Normal,23.39,11.0666666666667,41.05666666666671,71.0,1.0,28.3333333333333,5.9,0,10,2
2016-05-25 10:30:00,120,160.44,-40.44,40.44,False,Normal,23.39,11.45,40.05666666666671,68.5,1.0,28.5,5.75,10,10,2
2016-05-25 10:40:00,80,131.59,-51.59,51.59,False,Normal,23.39,11.8333333333333,39.2666666666667,66.0,1.0,28.666666666666696,5.6,0,10,2
2016-05-25 10:50:00,50,142.18,-92.18,92.18,False,Normal,23.39,12.2166666666667,38.8,63.5,1.0,28.8333333333333,5.45,0,10,2
2016-05-25 11:00:00,60,141.49,-81.49,81.49,False,Normal,23.39,12.6,38.83333333333329,61.0,1.0,29.0,5.3,0,11,2
2016-05-25 11:10:00,50,132.14,-82.14,82.14,False,Normal,23.39,12.7166666666667,38.7,61.33333333333329,1.0,28.3333333333333,5.48333333333333,0,11,2
2016-05-25 11:20:00,50,137.41,-87.41,87.41,False,Normal,23.39,12.8333333333333,38.59,61.66666666666671,1.0,27.666666666666696,5.66666666666667,0,11,2
2016-05-25 11:30:00,50,142.44,-92.44,92.44,False,Normal,23.39,12.95,38.463333333333296,62.0,1.0,27.0,5.85,0,11,2
2016-05-25 11:40:00,50,138.43,-88.43,88.43,False,Normal,23.39,13.0666666666667,38.363333333333294,62.33333333333329,1.0,26.3333333333333,6.03333333333333,0,11,2
2016-05-25 11:50:00,40,136.62,-96.62,96.62,False,Normal,23.39,13.1833333333333,38.29,62.66666666666671,1.0,25.666666666666696,6.21666666666667,0,11,2
2016-05-25 12:00:00,60,139.43,-79.43,79.43,False,Normal,23.39,13.3,38.2,63.0,1.0,25.0,6.4,0,12,2
2016-05-25 12:10:00,60,138.65,-78.65,78.65,False,Normal,23.39,13.4,38.2,63.33333333333329,1.0,27.5,6.55,0,12,2
2016-05-25 12:20:00,60,146.4,-86.4,86.4,False,Normal,23.39,13.5,38.2,63.66666666666671,1.0,30.0,6.7,0,12,2
2016-05-25 12:30:00,50,147.72,-97.72,97.72,False,Normal,23.463333333333296,13.6,38.26,64.0,1.0,32.5,6.85,0,12,2
2016-05-25 12:40:00,60,146.68,-86.68,86.68,False,Normal,23.5,13.7,38.1633333333333,64.3333333333333,1.0,35.0,7.0,0,12,2
2016-05-25 12:50:00,70,143.31,-73.31,73.31,False,Normal,23.5,13.8,38.09,64.6666666666667,1.0,37.5,7.15,0,12,2
2016-05-25 13:00:00,50,142.45,-92.45,92.45,False,Normal,23.5,13.9,38.045,65.0,1.0,40.0,7.3,0,13,2
2016-05-25 13:10:00,70,142.99,-72.99,72.99,False,Normal,23.6,14.0333333333333,38.0266666666667,63.66666666666671,1.16666666666667,38.0,7.11666666666667,0,13,2
2016-05-25 13:20:00,80,136.91,-56.91,56.91,False,Normal,23.6,14.1666666666667,37.9,62.33333333333329,1.33333333333333,36.0,6.93333333333333,0,13,2
2016-05-25 13:30:00,70,134.2,-64.2,64.2,False,Normal,23.6,14.3,37.79,61.0,1.5,34.0,6.75,0,13,2
2016-05-25 13:40:00,90,131.23,-41.23,41.23,False,Normal,23.6666666666667,14.4333333333333,37.863333333333294,59.66666666666671,1.66666666666667,32.0,6.56666666666667,0,13,2
2016-05-25 13:50:00,70,124.3,-54.3,54.3,False,Normal,23.7,14.5666666666667,37.8266666666667,58.33333333333329,1.8333333333333297,30.0,6.383333333333329,0,13,2
2016-05-25 14:00:00,80,126.36,-46.36,46.36,False,Normal,23.7,14.7,37.8266666666667,57.0,2.0,28.0,6.2,0,14,2
2016-05-25 14:10:00,80,128.2,-48.2,48.2,False,Normal,23.73,14.7,37.79,57.16666666666671,2.0,30.0,6.25,0,14,2
2016-05-25 14:20:00,80,128.37,-48.37,48.37,False,Normal,23.79,14.7,37.79,57.33333333333329,2.0,32.0,6.3,0,14,2
2016-05-25 14:30:00,80,132.16,-52.16,52.16,False,Normal,23.823333333333295,14.7,37.8266666666667,57.5,2.0,34.0,6.35,0,14,2
2016-05-25 14:40:00,70,134.94,-64.94,64.94,False,Normal,23.89,14.7,37.9,57.66666666666671,2.0,36.0,6.4,0,14,2
2016-05-25 14:50:00,90,136.16,-46.16,46.16,False,Normal,23.9266666666667,14.7,37.933333333333294,57.83333333333329,2.0,38.0,6.45,0,14,2
2016-05-25 15:00:00,80,138.62,-58.62,58.62,False,Normal,24.0,14.7,38.06,58.0,2.0,40.0,6.5,0,15,2
2016-05-25 15:10:00,90,138.72,-48.72,48.72,False,Normal,24.033333333333296,14.9,38.1566666666667,57.66666666666671,2.0,40.0,6.6,0,15,2
2016-05-25 15:20:00,70,138.17,-68.17,68.17,False,Normal,24.1,15.1,38.23,57.33333333333329,2.0,40.0,6.7,0,15,2
2016-05-25 15:30:00,80,134.89,-54.89,54.89,False,Normal,24.1,15.3,38.2666666666667,57.0,2.0,40.0,6.8,0,15,2
2016-05-25 15:40:00,80,136.42,-56.42,56.42,False,Normal,24.1,15.5,38.4666666666667,56.66666666666671,2.0,40.0,6.9,0,15,2
2016-05-25 15:50:00,80,129.49,-49.49,49.49,False,Normal,24.2,15.7,38.2,56.33333333333329,2.0,40.0,7.0,0,15,2
2016-05-25 16:00:00,90,129.64,-39.64,39.64,False,Normal,24.2,15.9,38.1266666666667,56.0,2.0,40.0,7.1,0,16,2
2016-05-25 16:10:00,420,126.67,293.33,293.33,True,Moderate,24.2,15.9166666666667,38.1633333333333,55.16666666666671,1.8333333333333297,37.83333333333329,6.883333333333329,0,16,2
2016-05-25 16:20:00,240,125.28,114.72,114.72,False,Normal,24.2675,15.9333333333333,38.1725,54.33333333333329,1.66666666666667,35.66666666666669,6.66666666666667,0,16,2
2016-05-25 16:30:00,270,128.99,141.01,141.01,False,Normal,24.29,15.95,38.1266666666667,53.5,1.5,33.5,6.45,0,16,2
2016-05-25 16:40:00,190,126.26,63.74,63.74,False,Normal,24.39,15.9666666666667,37.99,52.66666666666671,1.33333333333333,31.3333333333333,6.23333333333333,0,16,2
2016-05-25 16:50:00,180,129.72,50.28,50.28,False,Normal,24.39,15.9833333333333,37.79,51.83333333333329,1.16666666666667,29.166666666666696,6.01666666666667,0,16,2
2016-05-25 17:00:00,70,131.37,-61.37,61.37,False,Normal,24.5,16.0,37.8266666666667,51.0,1.0,27.0,5.8,0,17,2
2016-05-25 17:10:00,80,134.37,-54.37,54.37,False,Normal,24.5,16.0833333333333,37.69333333333329,51.83333333333329,1.16666666666667,29.166666666666696,6.11666666666667,0,17,2
2016-05-25 17:20:00,120,136.35,-16.35,16.35,False,Normal,24.5,16.1666666666667,37.223333333333294,52.66666666666671,1.33333333333333,31.3333333333333,6.43333333333333,0,17,2
2016-05-25 17:30:00,190,134.49,55.51,55.51,False,Normal,24.5,16.25,37.1633333333333,53.5,1.5,33.5,6.75,0,17,2
2016-05-25 17:40:00,160,133.35,26.65,26.65,False,Normal,24.5,16.3333333333333,37.433333333333294,54.33333333333329,1.66666666666667,35.66666666666669,7.06666666666667,0,17,2
2016-05-25 17:50:00,90,133.51,-43.51,43.51,False,Normal,24.5,16.4166666666667,37.6333333333333,55.16666666666671,1.8333333333333297,37.83333333333329,7.383333333333329,0,17,2
2016-05-25 18:00:00,100,138.83,-38.83,38.83,False,Normal,24.5,16.5,38.0,56.0,2.0,40.0,7.7,0,18,2
2016-05-25 18:10:00,170,134.17,35.83,35.83,False,Normal,24.5,16.4833333333333,37.86,55.83333333333329,2.0,38.16666666666669,7.616666666666669,0,18,2
2016-05-25 18:20:00,310,123.92,186.08,186.08,False,Normal,24.5,16.4666666666667,37.2966666666667,55.66666666666671,2.0,36.33333333333329,7.53333333333333,0,18,2
2016-05-25 18:30:00,120,114.28,5.72,5.72,False,Normal,24.5,16.45,36.963333333333296,55.5,2.0,34.5,7.45,0,18,2
2016-05-25 18:40:00,120,110.77,9.23,9.23,False,Normal,24.5,16.4333333333333,37.0,55.33333333333329,2.0,32.66666666666669,7.366666666666669,0,18,2
2016-05-25 18:50:00,120,109.3,10.7,10.7,False,Normal,24.4883116883117,16.4166666666667,37.0661038961039,55.16666666666671,2.0,30.8333333333333,7.28333333333333,0,18,2
2016-05-25 19:00:00,120,108.75,11.25,11.25,False,Normal,24.4766233766234,16.4,37.1322077922078,55.0,2.0,29.0,7.2,0,19,2
2016-05-25 19:10:00,120,108.32,11.68,11.68,False,Normal,24.4649350649351,16.3666666666667,37.1983116883117,55.33333333333329,1.8333333333333297,30.8333333333333,7.26666666666667,0,19,2
2016-05-25 19:20:00,130,107.9,22.1,22.1,False,Normal,24.4532467532468,16.3333333333333,37.2644155844156,55.66666666666671,1.66666666666667,32.66666666666669,7.3333333333333295,0,19,2
2016-05-25 19:30:00,110,107.47,2.53,2.53,False,Normal,24.4415584415584,16.3,37.3305194805195,56.0,1.5,34.5,7.4,0,19,2
2016-05-25 19:40:00,120,107.05,12.95,12.95,False,Normal,24.4298701298701,16.2666666666667,37.3966233766234,56.33333333333329,1.33333333333333,36.33333333333329,7.46666666666667,0,19,2
2016-05-25 19:50:00,110,106.62,3.38,3.38,False,Normal,24.4181818181818,16.2333333333333,37.4627272727273,56.66666666666671,1.16666666666667,38.16666666666669,7.53333333333333,0,19,2
2016-05-25 20:00:00,110,107.12,2.88,2.88,False,Normal,24.4064935064935,16.2,37.5288311688312,57.0,1.0,40.0,7.599999999999999,0,20,2
2016-05-25 20:10:00,240,107.43,132.57,132.57,False,Normal,24.3948051948052,16.0166666666667,37.59493506493511,58.16666666666671,1.16666666666667,37.66666666666669,7.733333333333332,0,20,2
2016-05-25 20:20:00,440,107.74,332.26,332.26,True,High,24.383116883116905,15.8333333333333,37.661038961039,59.33333333333329,1.33333333333333,35.3333333333333,7.866666666666669,0,20,2
2016-05-25 20:30:00,160,108.05,51.95,51.95,False,Normal,24.3714285714286,15.65,37.727142857142894,60.5,1.5,33.0,8.0,0,20,2
2016-05-25 20:40:00,80,108.36,-28.36,28.36,False,Normal,24.359740259740295,15.4666666666667,37.7932467532468,61.66666666666671,1.66666666666667,30.666666666666696,8.13333333333333,0,20,2
2016-05-25 20:50:00,110,129.25,-19.25,19.25,False,Normal,24.3480519480519,15.2833333333333,37.8593506493507,62.83333333333329,1.8333333333333297,28.3333333333333,8.26666666666667,10,20,2
2016-05-25 21:00:00,70,151.06,-81.06,81.06,False,Normal,24.3363636363636,15.1,37.92545454545449,64.0,2.0,26.0,8.4,20,21,2
2016-05-25 21:10:00,70,111.64,-41.64,41.64,False,Normal,24.3246753246753,14.7666666666667,37.9915584415584,65.8333333333333,1.8333333333333297,28.3333333333333,8.46666666666667,0,21,2
2016-05-25 21:20:00,50,113.4,-63.4,63.4,False,Normal,24.312987012987,14.4333333333333,38.05766233766231,67.6666666666667,1.66666666666667,30.666666666666696,8.53333333333333,0,21,2
2016-05-25 21:30:00,50,115.15,-65.15,65.15,False,Normal,24.301298701298695,14.1,38.1237662337662,69.5,1.5,33.0,8.599999999999998,0,21,2
2016-05-25 21:40:00,60,116.9,-56.9,56.9,False,Normal,24.2896103896104,13.7666666666667,38.189870129870094,71.3333333333333,1.33333333333333,35.3333333333333,8.66666666666667,0,21,2
2016-05-25 21:50:00,40,118.65,-78.65,78.65,False,Normal,24.277922077922096,13.4333333333333,38.255974025974,73.1666666666667,1.16666666666667,37.66666666666669,8.733333333333329,0,21,2
2016-05-25 22:00:00,50,121.32,-71.32,71.32,False,Normal,24.2662337662338,13.1,38.3220779220779,75.0,1.0,40.0,8.8,0,22,2
2016-05-25 22:10:00,50,122.03,-72.03,72.03,False,Normal,24.2545454545455,12.85,38.3881818181818,76.8333333333333,1.33333333333333,37.16666666666669,8.88333333333333,0,22,2
2016-05-25 22:20:00,60,122.74,-62.74,62.74,False,Normal,24.2428571428571,12.6,38.454285714285696,78.6666666666667,1.66666666666667,34.3333333333333,8.96666666666667,0,22,2
2016-05-25 22:30:00,50,123.44,-73.44,73.44,False,Normal,24.2311688311688,12.35,38.5203896103896,80.5,2.0,31.5,9.05,0,22,2
2016-05-25 22:40:00,60,124.15,-64.15,64.15,False,Normal,24.219480519480495,12.1,38.5864935064935,82.3333333333333,2.3333333333333295,28.666666666666696,9.133333333333328,0,22,2
2016-05-25 22:50:00,50,124.86,-74.86,74.86,False,Normal,24.2077922077922,11.85,38.6525974025974,84.1666666666667,2.66666666666667,25.8333333333333,9.21666666666667,0,22,2
2016-05-25 23:00:00,60,126.48,-66.48,66.48,False,Normal,24.196103896103896,11.6,38.7187012987013,86.0,3.0,23.0,9.3,0,23,2
2016-05-25 23:10:00,50,127.61,-77.61,77.61,False,Normal,24.1844155844156,11.4666666666667,38.7848051948052,87.0,2.8333333333333295,29.5,9.35,0,23,2
2016-05-25 23:20:00,60,128.75,-68.75,68.75,False,Normal,24.1727272727273,11.3333333333333,38.8509090909091,88.0,2.66666666666667,36.0,9.4,0,23,2
2016-05-25 23:30:00,50,129.88,-79.88,79.88,False,Normal,24.161038961039,11.2,38.917012987013,89.0,2.5,42.5,9.45,0,23,2
2016-05-25 23:40:00,50,131.01,-81.01,81.01,False,Normal,24.1493506493507,11.0666666666667,38.9831168831169,90.0,2.3333333333333295,49.0,9.5,0,23,2
2016-05-25 23:50:00,50,132.14,-82.14,82.14,False,Normal,24.137662337662295,10.9333333333333,39.0492207792208,91.0,2.16666666666667,55.5,9.55,0,23,2
2016-05-26 00:00:00,50,111.56,-61.56,61.56,False,Normal,24.125974025974,10.8,39.11532467532471,92.0,2.0,62.0,9.6,0,0,3
2016-05-26 00:10:00,50,110.73,-60.73,60.73,False,Normal,24.1142857142857,10.7666666666667,39.1814285714286,92.1666666666667,2.0,62.0,9.58333333333333,0,0,3
2016-05-26 00:20:00,50,109.9,-59.9,59.9,False,Normal,24.1025974025974,10.7333333333333,39.247532467532494,92.3333333333333,2.0,62.0,9.56666666666667,0,0,3
2016-05-26 00:30:00,60,109.07,-49.07,49.07,False,Normal,24.0909090909091,10.7,39.3136363636364,92.5,2.0,62.0,9.55,0,0,3
2016-05-26 00:40:00,50,108.24,-58.24,58.24,False,Normal,24.0792207792208,10.6666666666667,39.3797402597403,92.6666666666667,2.0,62.0,9.533333333333328,0,0,3
2016-05-26 00:50:00,60,107.41,-47.41,47.41,False,Normal,24.067532467532505,10.6333333333333,39.4458441558442,92.8333333333333,2.0,62.0,9.51666666666667,0,0,3
2016-05-26 01:00:00,60,107.5,-47.5,47.5,False,Normal,24.0558441558442,10.6,39.511948051948096,93.0,2.0,62.0,9.5,0,1,3
2016-05-26 01:10:00,60,107.16,-47.16,47.16,False,Normal,24.0441558441558,10.4666666666667,39.578051948052,93.3333333333333,2.0,61.83333333333329,9.41666666666667,0,1,3
2016-05-26 01:20:00,50,106.81,-56.81,56.81,False,Normal,24.0324675324675,10.3333333333333,39.6441558441558,93.6666666666667,2.0,61.66666666666669,9.33333333333333,0,1,3
2016-05-26 01:30:00,50,106.47,-56.47,56.47,False,Normal,24.0207792207792,10.2,39.710259740259694,94.0,2.0,61.5,9.25,0,1,3
2016-05-26 01:40:00,60,106.13,-46.13,46.13,False,Normal,24.0090909090909,10.0666666666667,39.7763636363636,94.3333333333333,2.0,61.33333333333329,9.16666666666667,0,1,3
2016-05-26 01:50:00,50,105.79,-55.79,55.79,False,Normal,23.9974025974026,9.93333333333333,39.8424675324675,94.6666666666667,2.0,61.16666666666669,9.08333333333333,0,1,3
2016-05-26 02:00:00,50,106.36,-56.36,56.36,False,Normal,23.985714285714305,9.8,39.9085714285714,95.0,2.0,61.0,9.0,0,2,3
2016-05-26 02:10:00,40,105.35,-65.35,65.35,False,Normal,23.974025974026,9.66666666666667,39.974675324675296,95.0,1.8333333333333297,58.66666666666669,8.88333333333333,0,2,3
2016-05-26 02:20:00,50,104.34,-54.34,54.34,False,Normal,23.962337662337696,9.533333333333328,40.0407792207792,95.0,1.66666666666667,56.33333333333329,8.76666666666667,0,2,3
2016-05-26 02:30:00,50,103.33,-53.33,53.33,False,Normal,23.9506493506493,9.4,40.1068831168831,95.0,1.5,54.0,8.65,0,2,3
2016-05-26 02:40:00,60,102.32,-42.32,42.32,False,Normal,23.938961038961,9.26666666666667,40.172987012987,95.0,1.33333333333333,51.66666666666669,8.53333333333333,0,2,3
2016-05-26 02:50:00,50,101.32,-51.32,51.32,False,Normal,23.9272727272727,9.133333333333328,40.2390909090909,95.0,1.16666666666667,49.33333333333329,8.41666666666667,0,2,3
2016-05-26 03:00:00,60,101.22,-41.22,41.22,False,Normal,23.9155844155844,9.0,40.3051948051948,95.0,1.0,47.0,8.3,0,3,3
2016-05-26 03:10:00,50,100.59,-50.59,50.59,False,Normal,23.903896103896095,8.93333333333333,40.3712987012987,95.0,1.0,47.5,8.233333333333329,0,3,3
2016-05-26 03:20:00,60,99.96,-39.96,39.96,False,Normal,23.8922077922078,8.86666666666667,40.4374025974026,95.0,1.0,48.0,8.16666666666667,0,3,3
2016-05-26 03:30:00,50,99.33,-49.33,49.33,False,Normal,23.880519480519496,8.8,40.5035064935065,95.0,1.0,48.5,8.099999999999998,0,3,3
2016-05-26 03:40:00,60,98.7,-38.7,38.7,False,Normal,23.8688311688312,8.733333333333329,40.5696103896104,95.0,1.0,49.0,8.03333333333333,0,3,3
2016-05-26 03:50:00,60,98.06,-38.06,38.06,False,Normal,23.8571428571429,8.66666666666667,40.63571428571431,95.0,1.0,49.5,7.96666666666667,0,3,3
2016-05-26 04:00:00,50,98.35,-48.35,48.35,False,Normal,23.8454545454545,8.599999999999998,40.7018181818182,95.0,1.0,50.0,7.9,0,4,3
2016-05-26 04:10:00,50,98.03,-48.03,48.03,False,Normal,23.8337662337662,8.5,40.767922077922094,95.5,1.0,50.5,7.866666666666669,0,4,3
2016-05-26 04:20:00,50,97.71,-47.71,47.71,False,Normal,23.822077922077895,8.4,40.834025974026,96.0,1.0,51.0,7.8333333333333295,0,4,3
2016-05-26 04:30:00,50,97.38,-47.38,47.38,False,Normal,23.8103896103896,8.3,40.9001298701299,96.5,1.0,51.5,7.8,0,4,3
2016-05-26 04:40:00,50,97.06,-47.06,47.06,False,Normal,23.7987012987013,8.199999999999998,40.9662337662338,97.0,1.0,52.0,7.76666666666667,0,4,3
2016-05-26 04:50:00,50,96.74,-46.74,46.74,False,Normal,23.787012987013,8.099999999999998,41.032337662337696,97.5,1.0,52.5,7.733333333333332,0,4,3
2016-05-26 05:00:00,60,97.34,-37.34,37.34,False,Normal,23.7753246753247,8.0,41.0984415584416,98.0,1.0,53.0,7.7,0,5,3
2016-05-26 05:10:00,50,94.28,-44.28,44.28,False,Normal,23.7636363636364,8.11666666666667,41.1645454545455,98.3333333333333,1.0,44.33333333333329,7.866666666666669,0,5,3
2016-05-26 05:20:00,60,91.22,-31.22,31.22,False,Normal,23.7519480519481,8.233333333333329,41.2306493506494,98.6666666666667,1.0,35.66666666666669,8.03333333333333,0,5,3
2016-05-26 05:30:00,50,88.16,-38.16,38.16,False,Normal,23.740259740259695,8.349999999999998,41.2967532467532,99.0,1.0,27.0,8.199999999999998,0,5,3
2016-05-26 05:40:00,60,85.1,-25.1,25.1,False,Normal,23.7285714285714,8.46666666666667,41.3628571428571,99.3333333333333,1.0,18.3333333333333,8.36666666666667,0,5,3
2016-05-26 05:50:00,60,82.04,-22.04,22.04,False,Normal,23.7168831168831,8.58333333333333,41.428961038961,99.6666666666667,1.0,9.666666666666659,8.53333333333333,0,5,3
2016-05-26 06:00:00,60,79.9,-19.9,19.9,False,Normal,23.7051948051948,8.699999999999998,41.495064935064896,100.0,1.0,1.0,8.699999999999998,0,6,3
2016-05-26 06:10:00,70,79.03,-9.03,9.03,False,Normal,23.6935064935065,8.66666666666667,41.5611688311688,100.0,1.0,1.0,8.66666666666667,0,6,3
2016-05-26 06:20:00,100,78.16,21.84,21.84,False,Normal,23.6818181818182,8.63333333333333,41.6272727272727,100.0,1.0,1.0,8.63333333333333,0,6,3
2016-05-26 06:30:00,40,77.29,-37.29,37.29,False,Normal,23.670129870129905,8.599999999999998,41.6933766233766,100.0,1.0,1.0,8.599999999999998,0,6,3
2016-05-26 06:40:00,50,76.42,-26.42,26.42,False,Normal,23.6584415584416,8.56666666666667,41.7594805194805,100.0,1.0,1.0,8.56666666666667,0,6,3
2016-05-26 06:50:00,50,96.13,-46.13,46.13,False,Normal,23.6467532467532,8.53333333333333,41.8255844155844,100.0,1.0,1.0,8.53333333333333,10,6,3
2016-05-26 07:00:00,80,75.59,4.41,4.41,False,Normal,23.6350649350649,8.5,41.8916883116883,100.0,1.0,1.0,8.5,0,7,3
2016-05-26 07:10:00,50,74.34,-24.34,24.34,False,Normal,23.6233766233766,8.66666666666667,41.9577922077922,99.9166666666667,1.0,3.5833333333333295,8.65833333333333,0,7,3
2016-05-26 07:20:00,180,73.08,106.92,106.92,False,Normal,23.6116883116883,8.83333333333333,42.0238961038961,99.8333333333333,1.0,6.16666666666667,8.81666666666667,0,7,3
2016-05-26 07:30:00,90,71.82,18.18,18.18,False,Normal,23.6,9.0,42.09,99.75,1.0,8.75,8.974999999999998,0,7,3
2016-05-26 07:40:00,70,72.09,-2.09,2.09,False,Normal,23.6,9.16666666666667,42.09,99.6666666666667,1.0,11.3333333333333,9.133333333333328,0,7,3
2016-05-26 07:50:00,130,72.84,57.16,57.16,False,Normal,23.6,9.33333333333333,42.03,99.5833333333333,1.0,13.9166666666667,9.29166666666667,0,7,3
2016-05-26 08:00:00,360,80.34,279.66,279.66,True,Moderate,23.6,9.5,42.1966666666667,99.5,1.0,16.5,9.45,0,8,3
2016-05-26 08:10:00,160,87.58,72.42,72.42,False,Normal,23.6,9.66666666666667,42.59,99.4166666666667,1.0,19.0833333333333,9.608333333333329,0,8,3
2016-05-26 08:20:00,90,95.68,-5.68,5.68,False,Normal,23.6,9.83333333333333,42.6566666666667,99.3333333333333,1.0,21.666666666666696,9.76666666666667,0,8,3
2016-05-26 08:30:00,90,104.6,-14.6,14.6,False,Normal,23.6,10.0,42.93,99.25,1.0,24.25,9.925,0,8,3
2016-05-26 08:40:00,110,104.83,5.17,5.17,False,Normal,23.6,10.1666666666667,43.03,99.1666666666667,1.0,26.8333333333333,10.0833333333333,0,8,3
2016-05-26 08:50:00,130,112.02,17.98,17.98,False,Normal,23.533333333333296,10.3333333333333,43.223333333333294,99.0833333333333,1.0,29.416666666666696,10.2416666666667,0,8,3
2016-05-26 09:00:00,100,119.91,-19.91,19.91,False,Normal,23.566666666666695,10.5,43.4,99.0,1.0,32.0,10.4,0,9,3
2016-05-26 09:10:00,110,117.8,-7.8,7.8,False,Normal,23.575,11.1,43.4975,96.8333333333333,1.0,36.16666666666669,10.6166666666667,0,9,3
2016-05-26 09:20:00,90,122.86,-32.86,32.86,False,Normal,23.6,11.7,43.6633333333333,94.6666666666667,1.0,40.33333333333329,10.8333333333333,0,9,3
2016-05-26 09:30:00,80,126.22,-46.22,46.22,False,Normal,23.6,12.3,43.86,92.5,1.0,44.5,11.05,0,9,3
2016-05-26 09:40:00,460,129.66,330.34,330.34,True,High,23.6,12.9,44.06,90.3333333333333,1.0,48.66666666666669,11.2666666666667,0,9,3
2016-05-26 09:50:00,820,129.19,690.81,690.81,True,High,23.6,13.5,44.26,88.1666666666667,1.0,52.83333333333329,11.4833333333333,0,9,3
2016-05-26 10:00:00,350,136.8,213.2,213.2,True,Moderate,23.6,14.1,44.2,86.0,1.0,57.0,11.7,0,10,3
2016-05-26 10:10:00,300,155.69,144.31,144.31,False,Normal,23.6,14.5333333333333,43.96,83.6666666666667,1.0,58.0,11.6666666666667,0,10,3
2016-05-26 10:20:00,260,168.93,91.07,91.07,False,Normal,23.6,14.9666666666667,43.5666666666667,81.3333333333333,1.0,59.0,11.6333333333333,0,10,3
2016-05-26 10:30:00,290,179.79,110.21,110.21,False,Normal,23.6,15.4,43.1333333333333,79.0,1.0,60.0,11.6,0,10,3
2016-05-26 10:40:00,220,187.14,32.86,32.86,False,Normal,23.6,15.8333333333333,42.8,76.6666666666667,1.0,61.0,11.5666666666667,0,10,3
2016-05-26 10:50:00,170,187.69,-17.69,17.69,False,Normal,23.6333333333333,16.2666666666667,42.933333333333294,74.3333333333333,1.0,62.0,11.5333333333333,0,10,3
2016-05-26 11:00:00,90,178.42,-88.42,88.42,False,Normal,23.76,16.7,43.3266666666667,72.0,1.0,63.0,11.5,0,11,3
2016-05-26 11:10:00,80,168.96,-88.96,88.96,False,Normal,23.79,16.8166666666667,43.06,70.8333333333333,1.0,56.0,11.35,0,11,3
2016-05-26 11:20:00,80,157.28,-77.28,77.28,False,Normal,23.79,16.9333333333333,42.86,69.6666666666667,1.0,49.0,11.2,0,11,3
2016-05-26 11:30:00,100,154.63,-54.63,54.63,False,Normal,23.79,17.05,43.1966666666667,68.5,1.0,42.0,11.05,0,11,3
2016-05-26 11:40:00,600,152.87,447.13,447.13,True,High,23.79,17.1666666666667,43.53,67.3333333333333,1.0,35.0,10.9,0,11,3
2016-05-26 11:50:00,510,169.21,340.79,340.79,True,High,23.89,17.2833333333333,43.16,66.1666666666667,1.0,28.0,10.75,10,11,3
2016-05-26 12:00:00,280,160.42,119.58,119.58,False,Normal,23.963333333333296,17.4,42.8266666666667,65.0,1.0,21.0,10.6,0,12,3
2016-05-26 12:10:00,250,165.82,84.18,84.18,False,Normal,24.0,17.7166666666667,42.56,63.0,1.0,21.5,10.4,0,12,3
2016-05-26 12:20:00,260,169.65,90.35,90.35,False,Normal,24.0,18.033333333333296,42.36,61.0,1.0,22.0,10.2,0,12,3
2016-05-26 12:30:00,250,176.71,73.29,73.29,False,Normal,24.1,18.35,42.3,59.0,1.0,22.5,10.0,0,12,3
2016-05-26 12:40:00,180,179.69,0.31,0.31,False,Normal,24.1,18.6666666666667,42.1266666666667,57.0,1.0,23.0,9.8,0,12,3
2016-05-26 12:50:00,110,180.06,-70.06,70.06,False,Normal,24.1,18.983333333333295,42.1266666666667,55.0,1.0,23.5,9.6,0,12,3
2016-05-26 13:00:00,80,174.63,-94.63,94.63,False,Normal,24.2,19.3,42.23,53.0,1.0,24.0,9.4,0,13,3
2016-05-26 13:10:00,70,167.09,-97.09,97.09,False,Normal,24.2,19.3833333333333,42.09666666666671,52.16666666666671,1.16666666666667,24.8333333333333,9.25,0,13,3
2016-05-26 13:20:00,80,179.55,-99.55,99.55,False,Normal,24.2,19.4666666666667,41.9,51.33333333333329,1.33333333333333,25.666666666666696,9.1,10,13,3
2016-05-26 13:30:00,70,152.42,-82.42,82.42,False,Normal,24.2,19.55,41.9,50.5,1.5,26.5,8.949999999999998,0,13,3
2016-05-26 13:40:00,80,151.26,-71.26,71.26,False,Normal,24.2,19.6333333333333,41.9,49.66666666666671,1.66666666666667,27.3333333333333,8.8,0,13,3
2016-05-26 13:50:00,70,145.36,-75.36,75.36,False,Normal,24.2,19.7166666666667,41.9,48.83333333333329,1.8333333333333297,28.166666666666696,8.65,0,13,3
2016-05-26 14:00:00,80,144.59,-64.59,64.59,False,Normal,24.2,19.8,41.9,48.0,2.0,29.0,8.5,0,14,3
2016-05-26 14:10:00,70,141.9,-71.9,71.9,False,Normal,24.2,19.866666666666696,41.8266666666667,48.33333333333329,2.16666666666667,28.5,8.65,0,14,3
2016-05-26 14:20:00,70,143.23,-73.23,73.23,False,Normal,24.2,19.933333333333305,41.76,48.66666666666671,2.3333333333333295,28.0,8.8,0,14,3
2016-05-26 14:30:00,70,145.52,-75.52,75.52,False,Normal,24.2,20.0,41.6266666666667,49.0,2.5,27.5,8.949999999999998,0,14,3
2016-05-26 14:40:00,60,146.29,-86.29,86.29,False,Normal,24.2,20.066666666666695,41.5,49.33333333333329,2.66666666666667,27.0,9.1,0,14,3
2016-05-26 14:50:00,60,169.55,-109.55,109.55,False,Normal,24.2,20.1333333333333,41.56,49.66666666666671,2.8333333333333295,26.5,9.25,10,14,3
2016-05-26 15:00:00,60,150.8,-90.8,90.8,False,Normal,24.2,20.2,41.59,50.0,3.0,26.0,9.4,0,15,3
2016-05-26 15:10:00,60,148.19,-88.19,88.19,False,Normal,24.2,20.366666666666696,41.59,49.66666666666671,2.66666666666667,28.3333333333333,9.45,0,15,3
2016-05-26 15:20:00,60,143.24,-83.24,83.24,False,Normal,24.2,20.533333333333296,41.59,49.33333333333329,2.3333333333333295,30.666666666666696,9.5,0,15,3
2016-05-26 15:30:00,50,143.03,-93.03,93.03,False,Normal,24.2,20.7,41.6633333333333,49.0,2.0,33.0,9.55,0,15,3
2016-05-26 15:40:00,70,136.39,-66.39,66.39,False,Normal,24.2,20.866666666666696,41.6266666666667,48.66666666666671,1.66666666666667,35.3333333333333,9.6,0,15,3
2016-05-26 15:50:00,70,133.23,-63.23,63.23,False,Normal,24.2,21.033333333333296,41.7,48.33333333333329,1.33333333333333,37.66666666666669,9.65,0,15,3
2016-05-26 16:00:00,130,129.58,0.42,0.42,False,Normal,24.2,21.2,41.7,48.0,1.0,40.0,9.7,0,16,3
2016-05-26 16:10:00,390,130.9,259.1,259.1,True,Moderate,24.2,21.116666666666696,41.7,47.5,1.16666666666667,40.0,9.45,0,16,3
2016-05-26 16:20:00,420,159.09,260.91,260.91,True,Moderate,24.26,21.033333333333296,42.5,47.0,1.33333333333333,40.0,9.2,10,16,3
2016-05-26 16:30:00,710,147.17,562.83,562.83,True,High,24.29,20.95,43.5,46.5,1.5,40.0,8.949999999999998,0,16,3
2016-05-26 16:40:00,850,146.23,703.77,703.77,True,High,24.3566666666667,20.866666666666696,43.6266666666667,46.0,1.66666666666667,40.0,8.699999999999998,0,16,3
2016-05-26 16:50:00,470,151.17,318.83,318.83,True,High,24.39,20.783333333333296,43.7566666666667,45.5,1.8333333333333297,40.0,8.449999999999998,0,16,3
2016-05-26 17:00:00,360,162.56,197.44,197.44,False,Normal,24.39,20.7,44.223333333333294,45.0,2.0,40.0,8.199999999999998,0,17,3
2016-05-26 17:10:00,620,167.29,452.71,452.71,True,High,24.39,20.7666666666667,44.33333333333329,45.16666666666671,2.0,40.0,8.33333333333333,0,17,3
2016-05-26 17:20:00,600,175.16,424.84,424.84,True,High,24.39,20.8333333333333,44.0666666666667,45.33333333333329,2.0,40.0,8.46666666666667,0,17,3
2016-05-26 17:30:00,520,180.1,339.9,339.9,True,High,24.39,20.9,43.3666666666667,45.5,2.0,40.0,8.599999999999998,0,17,3
2016-05-26 17:40:00,290,195.67,94.33,94.33,False,Normal,24.39,20.9666666666667,43.5666666666667,45.66666666666671,2.0,40.0,8.733333333333329,0,17,3
2016-05-26 17:50:00,250,225.31,24.69,24.69,False,Normal,24.39,21.033333333333296,45.4666666666667,45.83333333333329,2.0,40.0,8.86666666666667,0,17,3
2016-05-26 18:00:00,190,212.22,-22.22,22.22,False,Normal,24.39,21.1,43.7333333333333,46.0,2.0,40.0,9.0,0,18,3
2016-05-26 18:10:00,120,203.76,-83.76,83.76,False,Normal,24.3566666666667,21.033333333333296,42.66666666666671,46.5,2.16666666666667,38.16666666666669,9.1,0,18,3
2016-05-26 18:20:00,100,193.98,-93.98,93.98,False,Normal,24.29,20.9666666666667,42.0666666666667,47.0,2.3333333333333295,36.33333333333329,9.2,0,18,3
2016-05-26 18:30:00,320,180.35,139.65,139.65,False,Normal,24.39,20.9,42.3,47.5,2.5,34.5,9.3,0,18,3
2016-05-26 18:40:00,270,174.49,95.51,95.51,False,Normal,24.323333333333295,20.8333333333333,42.6333333333333,48.0,2.66666666666667,32.66666666666669,9.4,0,18,3
2016-05-26 18:50:00,290,175.11,114.89,114.89,False,Normal,24.39,20.7666666666667,42.53,48.5,2.8333333333333295,30.8333333333333,9.5,0,18,3
2016-05-26 19:00:00,270,183.15,86.85,86.85,False,Normal,24.323333333333295,20.7,42.723333333333294,49.0,3.0,29.0,9.6,0,19,3
2016-05-26 19:10:00,260,190.18,69.82,69.82,False,Normal,24.39,20.5833333333333,42.9,49.66666666666671,3.0,30.8333333333333,9.68333333333333,0,19,3
2016-05-26 19:20:00,310,195.48,114.52,114.52,False,Normal,24.39,20.4666666666667,43.175,50.33333333333329,3.0,32.66666666666669,9.76666666666667,0,19,3
2016-05-26 19:30:00,250,198.9,51.1,51.1,False,Normal,24.39,20.35,43.7333333333333,51.0,3.0,34.5,9.85,0,19,3
2016-05-26 19:40:00,130,194.66,-64.66,64.66,False,Normal,24.39,20.233333333333295,44.33,51.66666666666671,3.0,36.33333333333329,9.93333333333333,0,19,3
2016-05-26 19:50:00,120,190.51,-70.51,70.51,False,Normal,24.39,20.116666666666696,44.723333333333294,52.33333333333329,3.0,38.16666666666669,10.0166666666667,0,19,3
2016-05-26 20:00:00,100,215.36,-115.36,115.36,False,Normal,24.4266666666667,20.0,44.73,53.0,3.0,40.0,10.1,20,20,3
2016-05-26 20:10:00,90,207.5,-117.5,117.5,False,Normal,24.4266666666667,19.783333333333296,44.73,54.16666666666671,3.0,37.16666666666669,10.2166666666667,20,20,3
2016-05-26 20:20:00,100,166.44,-66.44,66.44,False,Normal,24.39,19.566666666666695,44.59,55.33333333333329,3.0,34.3333333333333,10.3333333333333,10,20,3
2016-05-26 20:30:00,80,131.06,-51.06,51.06,False,Normal,24.463333333333296,19.35,44.6633333333333,56.5,3.0,31.5,10.45,0,20,3
2016-05-26 20:40:00,90,138.19,-48.19,48.19,False,Normal,24.5,19.1333333333333,44.7,57.66666666666671,3.0,28.666666666666696,10.5666666666667,10,20,3
2016-05-26 20:50:00,90,172.25,-82.25,82.25,False,Normal,24.5,18.9166666666667,44.7,58.83333333333329,3.0,25.8333333333333,10.6833333333333,30,20,3
2016-05-26 21:00:00,100,121.71,-21.71,21.71,False,Normal,24.5,18.7,44.7,60.0,3.0,23.0,10.8,10,21,3
2016-05-26 21:10:00,80,95.5,-15.5,15.5,False,Normal,24.5,18.3833333333333,44.7,62.0,3.16666666666667,29.5,10.9333333333333,0,21,3
2016-05-26 21:20:00,60,115.48,-55.48,55.48,False,Normal,24.5,18.066666666666695,44.79,64.0,3.3333333333333295,36.0,11.0666666666667,10,21,3
2016-05-26 21:30:00,80,137.86,-57.86,57.86,False,Normal,24.5,17.75,44.73,66.0,3.5,42.5,11.2,20,21,3
2016-05-26 21:40:00,60,137.98,-77.98,77.98,False,Normal,24.5,17.4333333333333,44.79,68.0,3.6666666666666705,49.0,11.3333333333333,20,21,3
2016-05-26 21:50:00,80,136.18,-56.18,56.18,False,Normal,24.5,17.1166666666667,44.79,70.0,3.8333333333333295,55.5,11.4666666666667,20,21,3
2016-05-26 22:00:00,70,135.27,-65.27,65.27,False,Normal,24.5,16.8,44.7,72.0,4.0,62.0,11.6,20,22,3
2016-05-26 22:10:00,80,133.4,-53.4,53.4,False,Normal,24.5,16.6333333333333,44.7,72.6666666666667,4.0,62.33333333333329,11.5833333333333,20,22,3
2016-05-26 22:20:00,70,130.46,-60.46,60.46,False,Normal,24.5,16.4666666666667,44.59,73.3333333333333,4.0,62.66666666666669,11.5666666666667,20,22,3
2016-05-26 22:30:00,70,132.99,-62.99,62.99,False,Normal,24.5,16.3,44.59,74.0,4.0,63.0,11.55,20,22,3
2016-05-26 22:40:00,60,131.98,-71.98,71.98,False,Normal,24.5,16.1333333333333,44.59,74.6666666666667,4.0,63.33333333333329,11.5333333333333,20,22,3
2016-05-26 22:50:00,70,128.38,-58.38,58.38,False,Normal,24.5,15.9666666666667,44.59,75.3333333333333,4.0,63.66666666666669,11.5166666666667,20,22,3
2016-05-26 23:00:00,60,129.32,-69.32,69.32,False,Normal,24.4266666666667,15.8,44.53,76.0,4.0,64.0,11.5,20,23,3
2016-05-26 23:10:00,70,128.69,-58.69,58.69,False,Normal,24.5,15.6333333333333,44.59,76.5,3.8333333333333295,63.83333333333329,11.4333333333333,20,23,3
2016-05-26 23:20:00,60,126.24,-66.24,66.24,False,Normal,24.4266666666667,15.4666666666667,44.53,77.0,3.6666666666666705,63.66666666666669,11.3666666666667,20,23,3
2016-05-26 23:30:00,70,127.58,-57.58,57.58,False,Normal,24.39,15.3,44.56,77.5,3.5,63.5,11.3,20,23,3
2016-05-26 23:40:00,70,129.24,-59.24,59.24,False,Normal,24.39,15.1333333333333,44.56,78.0,3.3333333333333295,63.33333333333329,11.2333333333333,20,23,3
2016-05-26 23:50:00,60,107.59,-47.59,47.59,False,Normal,24.39,14.9666666666667,44.56,78.5,3.16666666666667,63.16666666666669,11.1666666666667,10,23,3
2016-05-27 00:00:00,60,89.35,-29.35,29.35,False,Normal,24.323333333333295,14.8,44.56,79.0,3.0,63.0,11.1,10,0,4
2016-05-27 00:10:00,70,70.29,-0.29,0.29,False,Normal,24.3566666666667,14.75,44.73,79.1666666666667,2.8333333333333295,62.83333333333329,11.0833333333333,0,0,4
2016-05-27 00:20:00,50,92.65,-42.65,42.65,False,Normal,24.3566666666667,14.7,44.79,79.3333333333333,2.66666666666667,62.66666666666669,11.0666666666667,10,0,4
2016-05-27 00:30:00,60,72.8,-12.8,12.8,False,Normal,24.29,14.65,44.76,79.5,2.5,62.5,11.05,0,0,4
2016-05-27 00:40:00,60,73.35,-13.35,13.35,False,Normal,24.29,14.6,44.7,79.6666666666667,2.3333333333333295,62.33333333333329,11.0333333333333,0,0,4
2016-05-27 00:50:00,60,72.87,-12.87,12.87,False,Normal,24.29,14.55,44.7,79.8333333333333,2.16666666666667,62.16666666666669,11.0166666666667,0,0,4
2016-05-27 01:00:00,60,78.79,-18.79,18.79,False,Normal,24.29,14.5,44.7,80.0,2.0,62.0,11.0,0,1,4
2016-05-27 01:10:00,60,76.47,-16.47,16.47,False,Normal,24.2,14.4333333333333,44.59,80.1666666666667,2.0,62.0,10.9833333333333,0,1,4
2016-05-27 01:20:00,50,75.12,-25.12,25.12,False,Normal,24.2,14.3666666666667,44.59,80.3333333333333,2.0,62.0,10.9666666666667,0,1,4
2016-05-27 01:30:00,60,74.79,-14.79,14.79,False,Normal,24.2,14.3,44.59,80.5,2.0,62.0,10.95,0,1,4
2016-05-27 01:40:00,60,74.83,-14.83,14.83,False,Normal,24.2,14.2333333333333,44.6633333333333,80.6666666666667,2.0,62.0,10.9333333333333,0,1,4
2016-05-27 01:50:00,60,74.06,-14.06,14.06,False,Normal,24.2,14.1666666666667,44.7,80.8333333333333,2.0,62.0,10.9166666666667,0,1,4
2016-05-27 02:00:00,40,76.25,-36.25,36.25,False,Normal,24.1333333333333,14.1,44.7,81.0,2.0,62.0,10.9,0,2,4
2016-05-27 02:10:00,60,76.41,-16.41,16.41,False,Normal,24.2,14.0833333333333,44.745,81.1666666666667,1.8333333333333297,61.83333333333329,10.9166666666667,0,2,4
2016-05-27 02:20:00,40,77.33,-37.33,37.33,False,Normal,24.1666666666667,14.0666666666667,44.79,81.3333333333333,1.66666666666667,61.66666666666669,10.9333333333333,0,2,4
2016-05-27 02:30:00,60,79.47,-19.47,19.47,False,Normal,24.1,14.05,44.79,81.5,1.5,61.5,10.95,0,2,4
2016-05-27 02:40:00,50,80.12,-30.12,30.12,False,Normal,24.1,14.0333333333333,44.79,81.6666666666667,1.33333333333333,61.33333333333329,10.9666666666667,0,2,4
2016-05-27 02:50:00,50,77.32,-27.32,27.32,False,Normal,24.1,14.0166666666667,44.79,81.8333333333333,1.16666666666667,61.16666666666669,10.9833333333333,0,2,4
2016-05-27 03:00:00,60,77.78,-17.78,17.78,False,Normal,24.1,14.0,44.8266666666667,82.0,1.0,61.0,11.0,0,3,4
2016-05-27 03:10:00,60,77.74,-17.74,17.74,False,Normal,24.1,13.9333333333333,44.8266666666667,82.8333333333333,1.5,59.66666666666669,11.0666666666667,0,3,4
2016-05-27 03:20:00,60,78.65,-18.65,18.65,False,Normal,24.1,13.8666666666667,44.79,83.6666666666667,2.0,58.33333333333329,11.1333333333333,0,3,4
2016-05-27 03:30:00,60,79.69,-19.69,19.69,False,Normal,24.1,13.8,44.863333333333294,84.5,2.5,57.0,11.2,0,3,4
2016-05-27 03:40:00,50,80.93,-30.93,30.93,False,Normal,24.033333333333296,13.7333333333333,44.86,85.3333333333333,3.0,55.66666666666669,11.2666666666667,0,3,4
2016-05-27 03:50:00,60,83.0,-23.0,23.0,False,Normal,24.033333333333296,13.6666666666667,44.933333333333294,86.1666666666667,3.5,54.33333333333329,11.3333333333333,0,3,4
2016-05-27 04:00:00,60,81.28,-21.28,21.28,False,Normal,24.0,13.6,44.9,87.0,4.0,53.0,11.4,0,4,4
2016-05-27 04:10:00,60,83.49,-23.49,23.49,False,Normal,24.0,13.5666666666667,44.9,87.5,3.6666666666666705,51.66666666666669,11.45,0,4,4
2016-05-27 04:20:00,60,83.38,-23.38,23.38,False,Normal,24.0,13.5333333333333,44.9,88.0,3.3333333333333295,50.33333333333329,11.5,0,4,4
2016-05-27 04:30:00,50,82.68,-32.68,32.68,False,Normal,24.0,13.5,44.9,88.5,3.0,49.0,11.55,0,4,4
2016-05-27 04:40:00,60,82.54,-22.54,22.54,False,Normal,24.0,13.4666666666667,45.0,89.0,2.66666666666667,47.66666666666669,11.6,0,4,4
2016-05-27 04:50:00,60,80.88,-20.88,20.88,False,Normal,24.0,13.4333333333333,45.0,89.5,2.3333333333333295,46.33333333333329,11.65,0,4,4
2016-05-27 05:00:00,60,80.75,-20.75,20.75,False,Normal,24.0,13.4,45.0,90.0,2.0,45.0,11.7,0,5,4
2016-05-27 05:10:00,60,80.46,-20.46,20.46,False,Normal,23.9266666666667,13.3833333333333,45.0,89.8333333333333,2.0,45.16666666666669,11.6666666666667,0,5,4
2016-05-27 05:20:00,60,76.9,-16.9,16.9,False,Normal,23.89,13.3666666666667,45.0,89.6666666666667,2.0,45.33333333333329,11.6333333333333,0,5,4
2016-05-27 05:30:00,60,79.89,-19.89,19.89,False,Normal,23.89,13.35,45.0,89.5,2.0,45.5,11.6,0,5,4
2016-05-27 05:40:00,50,82.58,-32.58,32.58,False,Normal,23.89,13.3333333333333,45.06,89.3333333333333,2.0,45.66666666666669,11.5666666666667,0,5,4
2016-05-27 05:50:00,60,79.77,-19.77,19.77,False,Normal,23.79,13.3166666666667,45.0,89.1666666666667,2.0,45.83333333333329,11.5333333333333,0,5,4
2016-05-27 06:00:00,50,103.52,-53.52,53.52,False,Normal,23.79,13.3,45.1333333333333,89.0,2.0,46.0,11.5,10,6,4
2016-05-27 06:10:00,110,75.64,34.36,34.36,False,Normal,23.89,13.3333333333333,45.363333333333294,89.0,1.8333333333333297,46.33333333333329,11.5333333333333,0,6,4
2016-05-27 06:20:00,70,68.85,1.15,1.15,False,Normal,23.89,13.3666666666667,45.363333333333294,89.0,1.66666666666667,46.66666666666669,11.5666666666667,0,6,4
2016-05-27 06:30:00,50,63.95,-13.95,13.95,False,Normal,24.0,13.4,45.433333333333294,89.0,1.5,47.0,11.6,0,6,4
2016-05-27 06:40:00,50,62.94,-12.94,12.94,False,Normal,24.0,13.4333333333333,45.56,89.0,1.33333333333333,47.33333333333329,11.6333333333333,0,6,4
2016-05-27 06:50:00,50,62.31,-12.31,12.31,False,Normal,24.0,13.4666666666667,45.4666666666667,89.0,1.16666666666667,47.66666666666669,11.6666666666667,0,6,4
2016-05-27 07:00:00,50,62.28,-12.28,12.28,False,Normal,24.0,13.5,45.4,89.0,1.0,48.0,11.7,0,7,4
2016-05-27 07:10:00,60,62.62,-2.62,2.62,False,Normal,23.9266666666667,13.6,45.363333333333294,88.5,1.16666666666667,49.16666666666669,11.7,0,7,4
2016-05-27 07:20:00,60,64.95,-4.95,4.95,False,Normal,24.0,13.7,45.49,88.0,1.33333333333333,50.33333333333329,11.7,0,7,4
2016-05-27 07:30:00,190,68.98,121.02,121.02,False,Normal,23.89,13.8,45.5,87.5,1.5,51.5,11.7,0,7,4
2016-05-27 07:40:00,130,71.01,58.99,58.99,False,Normal,23.963333333333296,13.9,45.5,87.0,1.66666666666667,52.66666666666669,11.7,0,7,4
2016-05-27 07:50:00,180,71.48,108.52,108.52,False,Normal,24.0,14.0,45.5,86.5,1.8333333333333297,53.83333333333329,11.7,0,7,4
2016-05-27 08:00:00,360,73.74,286.26,286.26,True,Moderate,24.0,14.1,45.5,86.0,2.0,55.0,11.7,0,8,4
2016-05-27 08:10:00,100,119.73,-19.73,19.73,False,Normal,23.8566666666667,14.2666666666667,48.7566666666667,85.3333333333333,2.16666666666667,56.0,11.75,0,8,4
2016-05-27 08:20:00,70,116.45,-46.45,46.45,False,Normal,23.79,14.4333333333333,48.223333333333294,84.6666666666667,2.3333333333333295,57.0,11.8,0,8,4
2016-05-27 08:30:00,80,104.46,-24.46,24.46,False,Normal,23.7,14.6,47.33333333333329,84.0,2.5,58.0,11.85,0,8,4
2016-05-27 08:40:00,80,107.79,-27.79,27.79,False,Normal,23.6333333333333,14.7666666666667,47.0,83.3333333333333,2.66666666666667,59.0,11.9,0,8,4
2016-05-27 08:50:00,90,112.47,-22.47,22.47,False,Normal,23.6,14.9333333333333,47.1,82.6666666666667,2.8333333333333295,60.0,11.95,0,8,4
2016-05-27 09:00:00,90,120.52,-30.52,30.52,False,Normal,23.6,15.1,47.2,82.0,3.0,61.0,12.0,0,9,4
2016-05-27 09:10:00,60,129.6,-69.6,69.6,False,Normal,23.6,15.3,47.2,81.3333333333333,2.66666666666667,61.0,12.0666666666667,0,9,4
2016-05-27 09:20:00,70,135.55,-65.55,65.55,False,Normal,23.6,15.5,47.2,80.6666666666667,2.3333333333333295,61.0,12.1333333333333,0,9,4
2016-05-27 09:30:00,50,137.85,-87.85,87.85,False,Normal,23.6,15.7,47.2,80.0,2.0,61.0,12.2,0,9,4
2016-05-27 09:40:00,580,139.8,440.2,440.2,True,High,23.6333333333333,15.9,47.2266666666667,79.3333333333333,1.66666666666667,61.0,12.2666666666667,0,9,4
2016-05-27 09:50:00,660,144.93,515.07,515.07,True,High,23.76,16.1,47.69333333333329,78.6666666666667,1.33333333333333,61.0,12.3333333333333,0,9,4
2016-05-27 10:00:00,300,161.78,138.22,138.22,False,Normal,23.79,16.3,47.863333333333294,78.0,1.0,61.0,12.4,0,10,4
2016-05-27 10:10:00,260,169.31,90.69,90.69,False,Normal,23.79,16.6166666666667,47.863333333333294,76.8333333333333,1.16666666666667,61.33333333333329,12.4666666666667,0,10,4
2016-05-27 10:20:00,290,188.74,101.26,101.26,False,Normal,23.79,16.9333333333333,48.1266666666667,75.6666666666667,1.33333333333333,61.66666666666669,12.5333333333333,0,10,4
2016-05-27 10:30:00,240,203.42,36.58,36.58,False,Normal,23.79,17.25,48.26,74.5,1.5,62.0,12.6,0,10,4
2016-05-27 10:40:00,240,212.64,27.36,27.36,False,Normal,23.89,17.5666666666667,48.4,73.3333333333333,1.66666666666667,62.33333333333329,12.6666666666667,0,10,4
2016-05-27 10:50:00,180,222.2,-42.2,42.2,False,Normal,23.963333333333296,17.8833333333333,48.3266666666667,72.1666666666667,1.8333333333333297,62.66666666666669,12.7333333333333,0,10,4
2016-05-27 11:00:00,190,222.14,-32.14,32.14,False,Normal,24.1,18.2,48.33333333333329,71.0,2.0,63.0,12.8,0,11,4
2016-05-27 11:10:00,70,219.27,-149.27,149.27,False,Normal,24.1666666666667,18.5,48.46,70.3333333333333,1.8333333333333297,63.33333333333329,12.95,0,11,4
2016-05-27 11:20:00,400,214.37,185.63,185.63,False,Normal,24.23,18.8,48.4666666666667,69.6666666666667,1.66666666666667,63.66666666666669,13.1,0,11,4
2016-05-27 11:30:00,620,203.61,416.39,416.39,True,High,24.3566666666667,19.1,48.3266666666667,69.0,1.5,64.0,13.25,0,11,4
2016-05-27 11:40:00,330,210.82,119.18,119.18,False,Normal,24.323333333333295,19.4,47.83333333333329,68.3333333333333,1.33333333333333,64.3333333333333,13.4,0,11,4
2016-05-27 11:50:00,250,217.83,32.17,32.17,False,Normal,24.39,19.7,47.5666666666667,67.6666666666667,1.16666666666667,64.6666666666667,13.55,0,11,4
2016-05-27 12:00:00,260,230.82,29.18,29.18,False,Normal,24.4266666666667,20.0,47.76,67.0,1.0,65.0,13.7,0,12,4
2016-05-27 12:10:00,240,234.12,5.88,5.88,False,Normal,24.6,20.183333333333305,47.975,65.8333333333333,1.0,58.16666666666669,13.5833333333333,0,12,4
2016-05-27 12:20:00,230,224.03,5.97,5.97,False,Normal,24.76,20.366666666666696,47.9266666666667,64.6666666666667,1.0,51.33333333333329,13.4666666666667,0,12,4
2016-05-27 12:30:00,220,217.69,2.31,2.31,False,Normal,24.823333333333295,20.55,47.79,63.5,1.0,44.5,13.35,0,12,4
2016-05-27 12:40:00,90,215.15,-125.15,125.15,False,Normal,24.89,20.733333333333295,47.79,62.33333333333329,1.0,37.66666666666669,13.2333333333333,0,12,4
2016-05-27 12:50:00,70,210.83,-140.83,140.83,False,Normal,24.89,20.9166666666667,47.79,61.16666666666671,1.0,30.8333333333333,13.1166666666667,0,12,4
2016-05-27 13:00:00,370,206.76,163.24,163.24,False,Normal,24.89,21.1,47.73,60.0,1.0,24.0,13.0,0,13,4
2016-05-27 13:10:00,280,202.57,77.43,77.43,False,Normal,25.033333333333296,21.25,48.363333333333294,59.83333333333329,1.16666666666667,23.666666666666696,13.1,0,13,4
2016-05-27 13:20:00,240,187.04,52.96,52.96,False,Normal,25.1666666666667,21.4,48.1566666666667,59.66666666666671,1.33333333333333,23.3333333333333,13.2,0,13,4
2016-05-27 13:30:00,250,182.43,67.57,67.57,False,Normal,25.323333333333295,21.55,47.93,59.5,1.5,23.0,13.3,0,13,4
2016-05-27 13:40:00,220,177.19,42.81,42.81,False,Normal,25.39,21.7,47.6566666666667,59.33333333333329,1.66666666666667,22.666666666666696,13.4,0,13,4
2016-05-27 13:50:00,230,166.87,63.13,63.13,False,Normal,25.5,21.85,47.1333333333333,59.16666666666671,1.8333333333333297,22.3333333333333,13.5,0,13,4
2016-05-27 14:00:00,190,183.26,6.74,6.74,False,Normal,25.5,22.0,47.06,59.0,2.0,22.0,13.6,10,14,4
2016-05-27 14:10:00,160,155.78,4.22,4.22,False,Normal,25.6,21.9666666666667,46.99,59.0,2.0,21.8333333333333,13.55,0,14,4
2016-05-27 14:20:00,80,153.36,-73.36,73.36,False,Normal,25.6,21.933333333333305,46.73,59.0,2.0,21.666666666666696,13.5,0,14,4
2016-05-27 14:30:00,60,156.77,-96.77,96.77,False,Normal,25.566666666666695,21.9,46.6333333333333,59.0,2.0,21.5,13.45,0,14,4
2016-05-27 14:40:00,60,159.06,-99.06,99.06,False,Normal,25.5,21.866666666666696,46.36,59.0,2.0,21.3333333333333,13.4,0,14,4
2016-05-27 14:50:00,60,163.01,-103.01,103.01,False,Normal,25.5,21.8333333333333,46.06,59.0,2.0,21.166666666666696,13.35,0,14,4
2016-05-27 15:00:00,60,160.74,-100.74,100.74,False,Normal,25.5,21.8,45.933333333333294,59.0,2.0,21.0,13.3,0,15,4
2016-05-27 15:10:00,70,154.93,-84.93,84.93,False,Normal,25.5,21.9666666666667,45.76,58.33333333333329,2.0,21.3333333333333,13.2833333333333,0,15,4
2016-05-27 15:20:00,80,152.11,-72.11,72.11,False,Normal,25.5,22.1333333333333,45.6266666666667,57.66666666666671,2.0,21.666666666666696,13.2666666666667,0,15,4
2016-05-27 15:30:00,80,143.73,-63.73,63.73,False,Normal,25.5,22.3,45.59,57.0,2.0,22.0,13.25,0,15,4
2016-05-27 15:40:00,70,144.51,-74.51,74.51,False,Normal,25.5,22.4666666666667,45.5225,56.33333333333329,2.0,22.3333333333333,13.2333333333333,0,15,4
2016-05-27 15:50:00,100,139.97,-39.97,39.97,False,Normal,25.5,22.6333333333333,45.6333333333333,55.66666666666671,2.0,22.666666666666696,13.2166666666667,0,15,4
2016-05-27 16:00:00,100,135.42,-35.42,35.42,False,Normal,25.5,22.8,45.73,55.0,2.0,23.0,13.2,0,16,4
2016-05-27 16:10:00,90,131.54,-41.54,41.54,False,Normal,25.5,22.8333333333333,45.79,55.0,2.16666666666667,22.8333333333333,13.2333333333333,0,16,4
2016-05-27 16:20:00,100,131.75,-31.75,31.75,False,Normal,25.5,22.866666666666696,45.933333333333294,55.0,2.3333333333333295,22.666666666666696,13.2666666666667,0,16,4
2016-05-27 16:30:00,220,133.42,86.58,86.58,False,Normal,25.4266666666667,22.9,46.06,55.0,2.5,22.5,13.3,0,16,4
2016-05-27 16:40:00,180,129.03,50.97,50.97,False,Normal,25.5,22.933333333333305,46.53,55.0,2.66666666666667,22.3333333333333,13.3333333333333,0,16,4
2016-05-27 16:50:00,120,126.81,-6.81,6.81,False,Normal,25.5,22.9666666666667,47.4566666666667,55.0,2.8333333333333295,22.166666666666696,13.3666666666667,0,16,4
2016-05-27 17:00:00,110,120.48,-10.48,10.48,False,Normal,25.6,23.0,47.19333333333329,55.0,3.0,22.0,13.4,0,17,4
2016-05-27 17:10:00,90,116.37,-26.37,26.37,False,Normal,25.533333333333296,22.866666666666696,46.86,55.33333333333329,3.16666666666667,22.8333333333333,13.3666666666667,0,17,4
2016-05-27 17:20:00,100,114.15,-14.15,14.15,False,Normal,25.566666666666695,22.733333333333295,46.56,55.66666666666671,3.3333333333333295,23.666666666666696,13.3333333333333,0,17,4
2016-05-27 17:30:00,90,111.98,-21.98,21.98,False,Normal,25.5,22.6,46.5,56.0,3.5,24.5,13.3,0,17,4
2016-05-27 17:40:00,270,125.42,144.58,144.58,False,Normal,25.5,22.4666666666667,46.59666666666671,56.33333333333329,3.6666666666666705,25.3333333333333,13.2666666666667,10,17,4
2016-05-27 17:50:00,420,114.84,305.16,305.16,True,Moderate,25.5,22.3333333333333,46.99,56.66666666666671,3.8333333333333295,26.166666666666696,13.2333333333333,10,17,4
2016-05-27 18:00:00,430,100.47,329.53,329.53,True,High,25.5,22.2,46.6,57.0,4.0,27.0,13.2,10,18,4
